#
# There is insufficient memory for the Java Runtime Environment to continue.
# Native memory allocation (mmap) failed to map 188743680 bytes. Error detail: G1 virtual space
# Possible reasons:
#   The system is out of physical RAM or swap space
#   This process is running with CompressedOops enabled, and the Java Heap may be blocking the growth of the native heap
# Possible solutions:
#   Reduce memory load on the system
#   Increase physical memory or swap space
#   Check if swap backing store is full
#   Decrease Java heap size (-Xmx/-Xms)
#   Decrease number of Java threads
#   Decrease Java thread stack sizes (-Xss)
#   Set larger code cache with -XX:ReservedCodeCacheSize=
#   JVM is running with Unscaled Compressed Oops mode in which the Java heap is
#     placed in the first 4GB address space. The Java Heap base address is the
#     maximum limit for the native heap growth. Please use -XX:HeapBaseMinAddress
#     to set the Java Heap base and to place the Java Heap above 4GB virtual address.
# This output file may be truncated or incomplete.
#
#  Out of Memory Error (os_windows.cpp:3926), pid=22036, tid=13400
#
# JRE version: OpenJDK Runtime Environment (21.0.10) (build 21.0.10+-14961533-b1163.108)
# Java VM: OpenJDK 64-Bit Server VM (21.0.10+-14961533-b1163.108, mixed mode, tiered, compressed oops, compressed class ptrs, g1 gc, windows-amd64)
# No core dump will be written. Minidumps are not enabled by default on client versions of Windows
#

---------------  S U M M A R Y ------------

Command Line: --add-opens=java.base/java.lang=ALL-UNNAMED --add-opens=java.base/java.lang.invoke=ALL-UNNAMED --add-opens=java.base/java.util=ALL-UNNAMED --add-opens=java.prefs/java.util.prefs=ALL-UNNAMED --add-exports=jdk.compiler/com.sun.tools.javac.api=ALL-UNNAMED --add-exports=jdk.compiler/com.sun.tools.javac.util=ALL-UNNAMED --add-opens=java.base/java.util=ALL-UNNAMED --add-opens=java.prefs/java.util.prefs=ALL-UNNAMED --add-opens=java.base/java.nio.charset=ALL-UNNAMED --add-opens=java.base/java.net=ALL-UNNAMED --add-opens=java.base/java.util.concurrent=ALL-UNNAMED --add-opens=java.base/java.util.concurrent.atomic=ALL-UNNAMED --add-opens=java.xml/javax.xml.namespace=ALL-UNNAMED --add-opens=java.base/java.time=ALL-UNNAMED -Xmx2048m -Dfile.encoding=UTF-8 -Duser.country=IN -Duser.language=en -Duser.variant -javaagent:C:\Users\DELL\.gradle\wrapper\dists\gradle-9.4.1-bin\arn2x92ynaizyzdaamcbpbhtj\gradle-9.4.1\lib\agents\gradle-instrumentation-agent-9.4.1.jar org.gradle.launcher.daemon.bootstrap.GradleDaemon 9.4.1

Host: Intel(R) Core(TM) i5-8350U CPU @ 1.70GHz, 4 cores, 7G,  Windows 11 , 64 bit Build 26100 (10.0.26100.6725)
Time: Fri May 29 21:22:20 2026 India Standard Time elapsed time: 26.360699 seconds (0d 0h 0m 26s)

---------------  T H R E A D  ---------------

Current thread (0x000002103a0a3850):  VMThread "VM Thread"          [id=13400, stack(0x0000005aa9500000,0x0000005aa9600000) (1024K)]

Stack: [0x0000005aa9500000,0x0000005aa9600000]
Native frames: (J=compiled Java code, j=interpreted, Vv=VM code, C=native code)
V  [jvm.dll+0x6d78a9]
V  [jvm.dll+0x8665b3]
V  [jvm.dll+0x868bde]
V  [jvm.dll+0x8692c3]
V  [jvm.dll+0x280ee6]
V  [jvm.dll+0x6d4165]
V  [jvm.dll+0x6c77fa]
V  [jvm.dll+0x358f4b]
V  [jvm.dll+0x360bc6]
V  [jvm.dll+0x3b2ea6]
V  [jvm.dll+0x3b3178]
V  [jvm.dll+0x32b65c]
V  [jvm.dll+0x32b6e7]
V  [jvm.dll+0x3715cc]
V  [jvm.dll+0x36fd7e]
V  [jvm.dll+0x32adb1]
V  [jvm.dll+0x36f480]
V  [jvm.dll+0x86f048]
V  [jvm.dll+0x870394]
V  [jvm.dll+0x8708d0]
V  [jvm.dll+0x870b63]
V  [jvm.dll+0x80fd28]
V  [jvm.dll+0x6d60fd]
C  [ucrtbase.dll+0x37b0]
C  [KERNEL32.DLL+0x2e8d7]
C  [ntdll.dll+0x8c53c]

VM_Operation (0x0000005aabef8710): G1CollectForAllocation, mode: safepoint, requested by thread 0x0000021042493470


---------------  P R O C E S S  ---------------

Threads class SMR info:
_java_thread_list=0x0000021044777640, length=52, elements={
0x00000210230b99b0, 0x000002103a0f0e60, 0x000002103a0ff490, 0x000002103a100ee0,
0x000002103a117680, 0x000002103a1180e0, 0x000002103a1224f0, 0x000002103a12af60,
0x000002103a12cc70, 0x000002103a144150, 0x000002103a4208d0, 0x000002103ffa4100,
0x0000021040de36a0, 0x000002103ffa39b0, 0x0000021040b49100, 0x0000021040c55cf0,
0x000002103f7762e0, 0x000002104051d8d0, 0x0000021041647330, 0x0000021041644bd0,
0x0000021041645260, 0x00000210416458f0, 0x0000021041645f80, 0x0000021041643eb0,
0x000002104248e5b0, 0x000002104248ec40, 0x000002104248be50, 0x000002104248d890,
0x000002104248c4e0, 0x000002104248df20, 0x000002104248cb70, 0x000002104248fff0,
0x000002104248d200, 0x0000021042492de0, 0x00000210424913a0, 0x00000210424920c0,
0x0000021042492750, 0x0000021042493470, 0x00000210427b8bc0, 0x00000210427b7810,
0x00000210427be7a0, 0x0000021044a71990, 0x0000021044a726b0, 0x0000021044a761c0,
0x0000021044a77570, 0x0000021040164260, 0x0000021040167d70, 0x00000210401648f0,
0x0000021040168400, 0x0000021040168a90, 0x000002103fee7650, 0x00000210463d9ad0
}

Java Threads: ( => current thread )
  0x00000210230b99b0 JavaThread "main"                              [_thread_blocked, id=15400, stack(0x0000005aa8e00000,0x0000005aa8f00000) (1024K)]
  0x000002103a0f0e60 JavaThread "Common-Cleaner"             daemon [_thread_blocked, id=15636, stack(0x0000005aa9600000,0x0000005aa9700000) (1024K)]
  0x000002103a0ff490 JavaThread "Reference Handler"          daemon [_thread_blocked, id=20396, stack(0x0000005aa9700000,0x0000005aa9800000) (1024K)]
  0x000002103a100ee0 JavaThread "Finalizer"                  daemon [_thread_blocked, id=18360, stack(0x0000005aa9800000,0x0000005aa9900000) (1024K)]
  0x000002103a117680 JavaThread "Signal Dispatcher"          daemon [_thread_blocked, id=20220, stack(0x0000005aa9900000,0x0000005aa9a00000) (1024K)]
  0x000002103a1180e0 JavaThread "Attach Listener"            daemon [_thread_blocked, id=1176, stack(0x0000005aa9a00000,0x0000005aa9b00000) (1024K)]
  0x000002103a1224f0 JavaThread "Service Thread"             daemon [_thread_blocked, id=8784, stack(0x0000005aa9b00000,0x0000005aa9c00000) (1024K)]
  0x000002103a12af60 JavaThread "Monitor Deflation Thread"   daemon [_thread_blocked, id=8284, stack(0x0000005aa9c00000,0x0000005aa9d00000) (1024K)]
  0x000002103a12cc70 JavaThread "C2 CompilerThread0"         daemon [_thread_in_native, id=17744, stack(0x0000005aa9d00000,0x0000005aa9e00000) (1024K)]
  0x000002103a144150 JavaThread "C1 CompilerThread0"         daemon [_thread_blocked, id=10928, stack(0x0000005aa9e00000,0x0000005aa9f00000) (1024K)]
  0x000002103a4208d0 JavaThread "Notification Thread"        daemon [_thread_blocked, id=14460, stack(0x0000005aa9f00000,0x0000005aaa000000) (1024K)]
  0x000002103ffa4100 JavaThread "Daemon health stats"               [_thread_blocked, id=14788, stack(0x0000005aaa400000,0x0000005aaa500000) (1024K)]
  0x0000021040de36a0 JavaThread "Incoming local TCP Connector on port 54798"        [_thread_in_native, id=10260, stack(0x0000005aaa500000,0x0000005aaa600000) (1024K)]
  0x000002103ffa39b0 JavaThread "Daemon periodic checks"            [_thread_blocked, id=9336, stack(0x0000005aaa600000,0x0000005aaa700000) (1024K)]
  0x0000021040b49100 JavaThread "Daemon"                            [_thread_blocked, id=9400, stack(0x0000005aaa700000,0x0000005aaa800000) (1024K)]
  0x0000021040c55cf0 JavaThread "Handler for socket connection from /127.0.0.1:54798 to /127.0.0.1:54799"        [_thread_in_native, id=10936, stack(0x0000005aaa800000,0x0000005aaa900000) (1024K)]
  0x000002103f7762e0 JavaThread "Cancel handler"                    [_thread_blocked, id=10204, stack(0x0000005aaa900000,0x0000005aaaa00000) (1024K)]
  0x000002104051d8d0 JavaThread "Daemon worker"                     [_thread_blocked, id=20264, stack(0x0000005aaaa00000,0x0000005aaab00000) (1024K)]
  0x0000021041647330 JavaThread "Asynchronous log dispatcher for DefaultDaemonConnection: socket connection from /127.0.0.1:54798 to /127.0.0.1:54799"        [_thread_blocked, id=17664, stack(0x0000005aaab00000,0x0000005aaac00000) (1024K)]
  0x0000021041644bd0 JavaThread "Stdin handler"                     [_thread_blocked, id=3088, stack(0x0000005aaac00000,0x0000005aaad00000) (1024K)]
  0x0000021041645260 JavaThread "Daemon client event forwarder"        [_thread_blocked, id=22076, stack(0x0000005aaad00000,0x0000005aaae00000) (1024K)]
  0x00000210416458f0 JavaThread "Cache worker for journal cache (C:\Users\DELL\.gradle\caches\journal-1)"        [_thread_blocked, id=16592, stack(0x0000005aaae00000,0x0000005aaaf00000) (1024K)]
  0x0000021041645f80 JavaThread "File lock request listener"        [_thread_in_native, id=16392, stack(0x0000005aaaf00000,0x0000005aab000000) (1024K)]
  0x0000021041643eb0 JavaThread "Cache worker for file hash cache (C:\Users\DELL\.gradle\caches\9.4.1\fileHashes)"        [_thread_blocked, id=14772, stack(0x0000005aab000000,0x0000005aab100000) (1024K)]
  0x000002104248e5b0 JavaThread "Cache worker for file hash cache (C:\Users\DELL\AndroidStudioProjects\firstapp\.gradle\9.4.1\fileHashes)"        [_thread_blocked, id=15748, stack(0x0000005aab100000,0x0000005aab200000) (1024K)]
  0x000002104248ec40 JavaThread "Cache worker for Build Output Cleanup Cache (C:\Users\DELL\AndroidStudioProjects\firstapp\.gradle\buildOutputCleanup)"        [_thread_blocked, id=20972, stack(0x0000005aab200000,0x0000005aab300000) (1024K)]
  0x000002104248be50 JavaThread "File watcher server"        daemon [_thread_blocked, id=6400, stack(0x0000005aab300000,0x0000005aab400000) (1024K)]
  0x000002104248d890 JavaThread "File watcher consumer"      daemon [_thread_blocked, id=9392, stack(0x0000005aab400000,0x0000005aab500000) (1024K)]
  0x000002104248c4e0 JavaThread "Cache worker for file content cache (C:\Users\DELL\.gradle\caches\9.4.1\fileContent)"        [_thread_blocked, id=16244, stack(0x0000005aab500000,0x0000005aab600000) (1024K)]
  0x000002104248df20 JavaThread "Cache worker for checksums cache (C:\Users\DELL\AndroidStudioProjects\firstapp\.gradle\9.4.1\checksums)"        [_thread_blocked, id=9676, stack(0x0000005aab600000,0x0000005aab700000) (1024K)]
  0x000002104248cb70 JavaThread "Cache worker for cache directory md-supplier (C:\Users\DELL\.gradle\caches\9.4.1\md-supplier)"        [_thread_blocked, id=8668, stack(0x0000005aab700000,0x0000005aab800000) (1024K)]
  0x000002104248fff0 JavaThread "Cache worker for cache directory md-rule (C:\Users\DELL\.gradle\caches\9.4.1\md-rule)"        [_thread_blocked, id=12148, stack(0x0000005aab800000,0x0000005aab900000) (1024K)]
  0x000002104248d200 JavaThread "jar transforms"                    [_thread_blocked, id=3500, stack(0x0000005aab900000,0x0000005aaba00000) (1024K)]
  0x0000021042492de0 JavaThread "jar transforms Thread 2"           [_thread_blocked, id=14016, stack(0x0000005aaba00000,0x0000005aabb00000) (1024K)]
  0x00000210424913a0 JavaThread "jar transforms Thread 3"           [_thread_blocked, id=7272, stack(0x0000005aabb00000,0x0000005aabc00000) (1024K)]
  0x00000210424920c0 JavaThread "Build operations"                  [_thread_blocked, id=15988, stack(0x0000005aabc00000,0x0000005aabd00000) (1024K)]
  0x0000021042492750 JavaThread "Build operations Thread 2"         [_thread_blocked, id=20660, stack(0x0000005aabd00000,0x0000005aabe00000) (1024K)]
  0x0000021042493470 JavaThread "Build operations Thread 3"         [_thread_blocked, id=3964, stack(0x0000005aabe00000,0x0000005aabf00000) (1024K)]
  0x00000210427b8bc0 JavaThread "Build operations Thread 4"         [_thread_blocked, id=13408, stack(0x0000005aabf00000,0x0000005aac000000) (1024K)]
  0x00000210427b7810 JavaThread "jar transforms Thread 4"           [_thread_blocked, id=17824, stack(0x0000005aac000000,0x0000005aac100000) (1024K)]
  0x00000210427be7a0 JavaThread "build event listener"              [_thread_blocked, id=1560, stack(0x0000005aaa000000,0x0000005aaa100000) (1024K)]
  0x0000021044a71990 JavaThread "Memory manager"                    [_thread_blocked, id=15440, stack(0x0000005aac200000,0x0000005aac300000) (1024K)]
  0x0000021044a726b0 JavaThread "build event listener"              [_thread_blocked, id=3604, stack(0x0000005aac300000,0x0000005aac400000) (1024K)]
  0x0000021044a761c0 JavaThread "pool-3-thread-1"                   [_thread_blocked, id=14988, stack(0x0000005aac400000,0x0000005aac500000) (1024K)]
  0x0000021044a77570 JavaThread "build event listener"              [_thread_blocked, id=21312, stack(0x0000005aac500000,0x0000005aac600000) (1024K)]
  0x0000021040164260 JavaThread "included builds"                   [_thread_blocked, id=14632, stack(0x0000005aac600000,0x0000005aac700000) (1024K)]
  0x0000021040167d70 JavaThread "Execution worker"                  [_thread_blocked, id=15472, stack(0x0000005aac700000,0x0000005aac800000) (1024K)]
  0x00000210401648f0 JavaThread "Execution worker Thread 2"         [_thread_blocked, id=8100, stack(0x0000005aac800000,0x0000005aac900000) (1024K)]
  0x0000021040168400 JavaThread "Execution worker Thread 3"         [_thread_blocked, id=2352, stack(0x0000005aac900000,0x0000005aaca00000) (1024K)]
  0x0000021040168a90 JavaThread "Cache worker for execution history cache (C:\Users\DELL\AndroidStudioProjects\firstapp\.gradle\9.4.1\executionHistory)"        [_thread_blocked, id=6572, stack(0x0000005aaca00000,0x0000005aacb00000) (1024K)]
  0x000002103fee7650 JavaThread "WorkerExecutor Queue"              [_thread_blocked, id=22364, stack(0x0000005aacb00000,0x0000005aacc00000) (1024K)]
  0x00000210463d9ad0 JavaThread "C2 CompilerThread1"         daemon [_thread_blocked, id=15424, stack(0x0000005aac100000,0x0000005aac200000) (1024K)]
Total: 52

Other Threads:
=>0x000002103a0a3850 VMThread "VM Thread"                           [id=13400, stack(0x0000005aa9500000,0x0000005aa9600000) (1024K)]
  0x0000021039ef1ef0 WatcherThread "VM Periodic Task Thread"        [id=4072, stack(0x0000005aa9400000,0x0000005aa9500000) (1024K)]
  0x0000021023111d10 WorkerThread "GC Thread#0"                     [id=13872, stack(0x0000005aa8f00000,0x0000005aa9000000) (1024K)]
  0x000002103a6c8290 WorkerThread "GC Thread#1"                     [id=15552, stack(0x0000005aaa100000,0x0000005aaa200000) (1024K)]
  0x000002103a7aeeb0 WorkerThread "GC Thread#2"                     [id=13480, stack(0x0000005aaa200000,0x0000005aaa300000) (1024K)]
  0x000002103f4778e0 WorkerThread "GC Thread#3"                     [id=16128, stack(0x0000005aaa300000,0x0000005aaa400000) (1024K)]
  0x0000021023160cf0 ConcurrentGCThread "G1 Main Marker"            [id=4852, stack(0x0000005aa9000000,0x0000005aa9100000) (1024K)]
  0x0000021023162d60 WorkerThread "G1 Conc#0"                       [id=12244, stack(0x0000005aa9100000,0x0000005aa9200000) (1024K)]
  0x000002102317ea90 ConcurrentGCThread "G1 Refine#0"               [id=4916, stack(0x0000005aa9200000,0x0000005aa9300000) (1024K)]
  0x0000021039dc29e0 ConcurrentGCThread "G1 Service"                [id=14864, stack(0x0000005aa9300000,0x0000005aa9400000) (1024K)]
Total: 10

Threads with active compile tasks:
C2 CompilerThread0  26399 14389       4       com.android.tools.r8.graph.m9::<init> (282 bytes)
C2 CompilerThread1  26400 14433       4       com.android.tools.r8.graph.h8::b (730 bytes)
Total: 2

VM state: at safepoint (normal execution)

VM Mutex/Monitor currently owned by a thread:  ([mutex/lock_event])
[0x00007fff763086d0] Threads_lock - owner thread: 0x000002103a0a3850
[0x00007fff763087d0] Heap_lock - owner thread: 0x0000021042493470

Heap address: 0x0000000080000000, size: 2048 MB, Compressed Oops mode: 32-bit

CDS archive(s) not mapped
Compressed class space mapped at: 0x0000000100000000-0x0000000140000000, reserved size: 1073741824
Narrow klass base: 0x0000000000000000, Narrow klass shift: 3, Narrow klass range: 0x140000000

GC Precious Log:
 CardTable entry size: 512
 Card Set container configuration: InlinePtr #cards 5 size 8 Array Of Cards #cards 12 size 40 Howl #buckets 4 coarsen threshold 1843 Howl Bitmap #cards 512 size 80 coarsen threshold 460 Card regions per heap region 1 cards per card region 2048
 CPUs: 4 total, 4 available
 Memory: 8050M
 Large Page Support: Disabled
 NUMA Support: Disabled
 Compressed Oops: Enabled (32-bit)
 Heap Region Size: 1M
 Heap Min Capacity: 8M
 Heap Initial Capacity: 126M
 Heap Max Capacity: 2G
 Pre-touch: Disabled
 Parallel Workers: 4
 Concurrent Workers: 1
 Concurrent Refinement Workers: 4
 Periodic GC: Disabled

Heap:
 garbage-first heap   total 214016K, used 148480K [0x0000000080000000, 0x0000000100000000)
  region size 1024K, 7 young (7168K), 7 survivors (7168K)
 Metaspace       used 127285K, committed 129664K, reserved 1179648K
  class space    used 17885K, committed 19008K, reserved 1048576K

Heap Regions: E=young(eden), S=young(survivor), O=old, HS=humongous(starts), HC=humongous(continues), CS=collection set, F=free, TAMS=top-at-mark-start, PB=parsable bottom
|   0|0x0000000080000000, 0x0000000080100000, 0x0000000080100000|100%|HS|  |TAMS 0x0000000080100000| PB 0x0000000080000000| Complete 
|   1|0x0000000080100000, 0x0000000080200000, 0x0000000080200000|100%|HC|  |TAMS 0x0000000080200000| PB 0x0000000080100000| Complete 
|   2|0x0000000080200000, 0x0000000080300000, 0x0000000080300000|100%|HC|  |TAMS 0x0000000080300000| PB 0x0000000080200000| Complete 
|   3|0x0000000080300000, 0x0000000080400000, 0x0000000080400000|100%|HC|  |TAMS 0x0000000080400000| PB 0x0000000080300000| Complete 
|   4|0x0000000080400000, 0x0000000080500000, 0x0000000080500000|100%| O|  |TAMS 0x0000000080500000| PB 0x0000000080400000| Untracked 
|   5|0x0000000080500000, 0x0000000080600000, 0x0000000080600000|100%| O|  |TAMS 0x0000000080600000| PB 0x0000000080500000| Untracked 
|   6|0x0000000080600000, 0x0000000080700000, 0x0000000080700000|100%| O|  |TAMS 0x0000000080700000| PB 0x0000000080600000| Untracked 
|   7|0x0000000080700000, 0x0000000080800000, 0x0000000080800000|100%| O|  |TAMS 0x0000000080800000| PB 0x0000000080700000| Untracked 
|   8|0x0000000080800000, 0x0000000080900000, 0x0000000080900000|100%|HS|  |TAMS 0x0000000080900000| PB 0x0000000080800000| Complete 
|   9|0x0000000080900000, 0x0000000080a00000, 0x0000000080a00000|100%| O|  |TAMS 0x0000000080a00000| PB 0x0000000080900000| Untracked 
|  10|0x0000000080a00000, 0x0000000080b00000, 0x0000000080b00000|100%| O|  |TAMS 0x0000000080b00000| PB 0x0000000080a00000| Untracked 
|  11|0x0000000080b00000, 0x0000000080c00000, 0x0000000080c00000|100%| O|  |TAMS 0x0000000080c00000| PB 0x0000000080b00000| Untracked 
|  12|0x0000000080c00000, 0x0000000080d00000, 0x0000000080d00000|100%| O|  |TAMS 0x0000000080d00000| PB 0x0000000080c00000| Untracked 
|  13|0x0000000080d00000, 0x0000000080e00000, 0x0000000080e00000|100%| O|  |TAMS 0x0000000080e00000| PB 0x0000000080d00000| Untracked 
|  14|0x0000000080e00000, 0x0000000080f00000, 0x0000000080f00000|100%| O|  |TAMS 0x0000000080f00000| PB 0x0000000080e00000| Untracked 
|  15|0x0000000080f00000, 0x0000000081000000, 0x0000000081000000|100%| O|  |TAMS 0x0000000081000000| PB 0x0000000080f00000| Untracked 
|  16|0x0000000081000000, 0x0000000081100000, 0x0000000081100000|100%| O|  |TAMS 0x0000000081100000| PB 0x0000000081000000| Untracked 
|  17|0x0000000081100000, 0x0000000081200000, 0x0000000081200000|100%| O|  |TAMS 0x0000000081200000| PB 0x0000000081100000| Untracked 
|  18|0x0000000081200000, 0x0000000081300000, 0x0000000081300000|100%| O|  |TAMS 0x0000000081300000| PB 0x0000000081200000| Untracked 
|  19|0x0000000081300000, 0x0000000081400000, 0x0000000081400000|100%| O|  |TAMS 0x0000000081400000| PB 0x0000000081300000| Untracked 
|  20|0x0000000081400000, 0x0000000081500000, 0x0000000081500000|100%| O|  |TAMS 0x0000000081500000| PB 0x0000000081400000| Untracked 
|  21|0x0000000081500000, 0x0000000081600000, 0x0000000081600000|100%| O|  |TAMS 0x0000000081600000| PB 0x0000000081500000| Untracked 
|  22|0x0000000081600000, 0x0000000081700000, 0x0000000081700000|100%| O|  |TAMS 0x0000000081700000| PB 0x0000000081600000| Untracked 
|  23|0x0000000081700000, 0x0000000081800000, 0x0000000081800000|100%| O|  |TAMS 0x0000000081800000| PB 0x0000000081700000| Untracked 
|  24|0x0000000081800000, 0x0000000081900000, 0x0000000081900000|100%| O|  |TAMS 0x0000000081900000| PB 0x0000000081800000| Untracked 
|  25|0x0000000081900000, 0x0000000081a00000, 0x0000000081a00000|100%| O|  |TAMS 0x0000000081a00000| PB 0x0000000081900000| Untracked 
|  26|0x0000000081a00000, 0x0000000081b00000, 0x0000000081b00000|100%| O|  |TAMS 0x0000000081b00000| PB 0x0000000081a00000| Untracked 
|  27|0x0000000081b00000, 0x0000000081c00000, 0x0000000081c00000|100%| O|  |TAMS 0x0000000081c00000| PB 0x0000000081b00000| Untracked 
|  28|0x0000000081c00000, 0x0000000081d00000, 0x0000000081d00000|100%| O|  |TAMS 0x0000000081d00000| PB 0x0000000081c00000| Untracked 
|  29|0x0000000081d00000, 0x0000000081e00000, 0x0000000081e00000|100%| O|  |TAMS 0x0000000081e00000| PB 0x0000000081d00000| Untracked 
|  30|0x0000000081e00000, 0x0000000081f00000, 0x0000000081f00000|100%| O|  |TAMS 0x0000000081f00000| PB 0x0000000081e00000| Untracked 
|  31|0x0000000081f00000, 0x0000000082000000, 0x0000000082000000|100%| O|  |TAMS 0x0000000082000000| PB 0x0000000081f00000| Untracked 
|  32|0x0000000082000000, 0x0000000082100000, 0x0000000082100000|100%|HS|  |TAMS 0x0000000082100000| PB 0x0000000082000000| Complete 
|  33|0x0000000082100000, 0x0000000082200000, 0x0000000082200000|100%|HC|  |TAMS 0x0000000082200000| PB 0x0000000082100000| Complete 
|  34|0x0000000082200000, 0x0000000082300000, 0x0000000082300000|100%| O|  |TAMS 0x0000000082300000| PB 0x0000000082200000| Untracked 
|  35|0x0000000082300000, 0x0000000082400000, 0x0000000082400000|100%| O|  |TAMS 0x0000000082400000| PB 0x0000000082300000| Untracked 
|  36|0x0000000082400000, 0x0000000082500000, 0x0000000082500000|100%| O|  |TAMS 0x0000000082500000| PB 0x0000000082400000| Untracked 
|  37|0x0000000082500000, 0x0000000082600000, 0x0000000082600000|100%| O|  |TAMS 0x0000000082600000| PB 0x0000000082500000| Untracked 
|  38|0x0000000082600000, 0x0000000082700000, 0x0000000082700000|100%| O|  |TAMS 0x0000000082700000| PB 0x0000000082600000| Untracked 
|  39|0x0000000082700000, 0x0000000082800000, 0x0000000082800000|100%| O|  |TAMS 0x0000000082800000| PB 0x0000000082700000| Untracked 
|  40|0x0000000082800000, 0x0000000082900000, 0x0000000082900000|100%| O|  |TAMS 0x0000000082900000| PB 0x0000000082800000| Untracked 
|  41|0x0000000082900000, 0x0000000082a00000, 0x0000000082a00000|100%| O|  |TAMS 0x0000000082a00000| PB 0x0000000082900000| Untracked 
|  42|0x0000000082a00000, 0x0000000082b00000, 0x0000000082b00000|100%| O|  |TAMS 0x0000000082b00000| PB 0x0000000082a00000| Untracked 
|  43|0x0000000082b00000, 0x0000000082c00000, 0x0000000082c00000|100%| O|  |TAMS 0x0000000082c00000| PB 0x0000000082b00000| Untracked 
|  44|0x0000000082c00000, 0x0000000082d00000, 0x0000000082d00000|100%|HS|  |TAMS 0x0000000082d00000| PB 0x0000000082c00000| Complete 
|  45|0x0000000082d00000, 0x0000000082e00000, 0x0000000082e00000|100%|HS|  |TAMS 0x0000000082e00000| PB 0x0000000082d00000| Complete 
|  46|0x0000000082e00000, 0x0000000082f00000, 0x0000000082f00000|100%|HS|  |TAMS 0x0000000082f00000| PB 0x0000000082e00000| Complete 
|  47|0x0000000082f00000, 0x0000000083000000, 0x0000000083000000|100%| O|  |TAMS 0x0000000083000000| PB 0x0000000082f00000| Untracked 
|  48|0x0000000083000000, 0x0000000083100000, 0x0000000083100000|100%| O|  |TAMS 0x0000000083100000| PB 0x0000000083000000| Untracked 
|  49|0x0000000083100000, 0x0000000083200000, 0x0000000083200000|100%| O|  |TAMS 0x0000000083200000| PB 0x0000000083100000| Untracked 
|  50|0x0000000083200000, 0x0000000083300000, 0x0000000083300000|100%|HS|  |TAMS 0x0000000083300000| PB 0x0000000083200000| Complete 
|  51|0x0000000083300000, 0x0000000083400000, 0x0000000083400000|100%|HC|  |TAMS 0x0000000083400000| PB 0x0000000083300000| Complete 
|  52|0x0000000083400000, 0x0000000083500000, 0x0000000083500000|100%|HS|  |TAMS 0x0000000083500000| PB 0x0000000083400000| Complete 
|  53|0x0000000083500000, 0x0000000083600000, 0x0000000083600000|100%| O|  |TAMS 0x0000000083600000| PB 0x0000000083500000| Untracked 
|  54|0x0000000083600000, 0x0000000083700000, 0x0000000083700000|100%| O|  |TAMS 0x0000000083700000| PB 0x0000000083600000| Untracked 
|  55|0x0000000083700000, 0x0000000083800000, 0x0000000083800000|100%|HS|  |TAMS 0x0000000083800000| PB 0x0000000083700000| Complete 
|  56|0x0000000083800000, 0x0000000083900000, 0x0000000083900000|100%|HS|  |TAMS 0x0000000083900000| PB 0x0000000083800000| Complete 
|  57|0x0000000083900000, 0x0000000083a00000, 0x0000000083a00000|100%| O|  |TAMS 0x0000000083a00000| PB 0x0000000083900000| Untracked 
|  58|0x0000000083a00000, 0x0000000083b00000, 0x0000000083b00000|100%| O|  |TAMS 0x0000000083b00000| PB 0x0000000083a00000| Untracked 
|  59|0x0000000083b00000, 0x0000000083c00000, 0x0000000083c00000|100%| O|  |TAMS 0x0000000083c00000| PB 0x0000000083b00000| Untracked 
|  60|0x0000000083c00000, 0x0000000083d00000, 0x0000000083d00000|100%| O|  |TAMS 0x0000000083d00000| PB 0x0000000083c00000| Untracked 
|  61|0x0000000083d00000, 0x0000000083e00000, 0x0000000083e00000|100%| O|  |TAMS 0x0000000083e00000| PB 0x0000000083d00000| Untracked 
|  62|0x0000000083e00000, 0x0000000083f00000, 0x0000000083f00000|100%| O|  |TAMS 0x0000000083f00000| PB 0x0000000083e00000| Untracked 
|  63|0x0000000083f00000, 0x0000000084000000, 0x0000000084000000|100%| O|  |TAMS 0x0000000084000000| PB 0x0000000083f00000| Untracked 
|  64|0x0000000084000000, 0x0000000084100000, 0x0000000084100000|100%|HS|  |TAMS 0x0000000084100000| PB 0x0000000084000000| Complete 
|  65|0x0000000084100000, 0x0000000084200000, 0x0000000084200000|100%|HC|  |TAMS 0x0000000084200000| PB 0x0000000084100000| Complete 
|  66|0x0000000084200000, 0x0000000084300000, 0x0000000084300000|100%| O|  |TAMS 0x0000000084300000| PB 0x0000000084200000| Untracked 
|  67|0x0000000084300000, 0x0000000084400000, 0x0000000084400000|100%| O|  |TAMS 0x0000000084400000| PB 0x0000000084300000| Untracked 
|  68|0x0000000084400000, 0x0000000084500000, 0x0000000084500000|100%| O|  |TAMS 0x0000000084500000| PB 0x0000000084400000| Untracked 
|  69|0x0000000084500000, 0x0000000084600000, 0x0000000084600000|100%| O|  |TAMS 0x0000000084600000| PB 0x0000000084500000| Untracked 
|  70|0x0000000084600000, 0x0000000084700000, 0x0000000084700000|100%| O|  |TAMS 0x0000000084700000| PB 0x0000000084600000| Untracked 
|  71|0x0000000084700000, 0x0000000084800000, 0x0000000084800000|100%| O|  |TAMS 0x0000000084800000| PB 0x0000000084700000| Untracked 
|  72|0x0000000084800000, 0x0000000084900000, 0x0000000084900000|100%| O|  |TAMS 0x0000000084900000| PB 0x0000000084800000| Untracked 
|  73|0x0000000084900000, 0x0000000084a00000, 0x0000000084a00000|100%| O|  |TAMS 0x0000000084a00000| PB 0x0000000084900000| Untracked 
|  74|0x0000000084a00000, 0x0000000084b00000, 0x0000000084b00000|100%|HS|  |TAMS 0x0000000084b00000| PB 0x0000000084a00000| Complete 
|  75|0x0000000084b00000, 0x0000000084c00000, 0x0000000084c00000|100%| O|  |TAMS 0x0000000084c00000| PB 0x0000000084b00000| Untracked 
|  76|0x0000000084c00000, 0x0000000084d00000, 0x0000000084d00000|100%| O|  |TAMS 0x0000000084d00000| PB 0x0000000084c00000| Untracked 
|  77|0x0000000084d00000, 0x0000000084e00000, 0x0000000084e00000|100%| O|  |TAMS 0x0000000084e00000| PB 0x0000000084d00000| Untracked 
|  78|0x0000000084e00000, 0x0000000084f00000, 0x0000000084f00000|100%| O|  |TAMS 0x0000000084f00000| PB 0x0000000084e00000| Untracked 
|  79|0x0000000084f00000, 0x0000000085000000, 0x0000000085000000|100%| O|  |TAMS 0x0000000085000000| PB 0x0000000084f00000| Untracked 
|  80|0x0000000085000000, 0x0000000085100000, 0x0000000085100000|100%| O|  |TAMS 0x0000000085100000| PB 0x0000000085000000| Untracked 
|  81|0x0000000085100000, 0x0000000085200000, 0x0000000085200000|100%| O|  |TAMS 0x0000000085200000| PB 0x0000000085100000| Untracked 
|  82|0x0000000085200000, 0x0000000085300000, 0x0000000085300000|100%| O|  |TAMS 0x0000000085300000| PB 0x0000000085200000| Untracked 
|  83|0x0000000085300000, 0x0000000085400000, 0x0000000085400000|100%| O|  |TAMS 0x0000000085400000| PB 0x0000000085300000| Untracked 
|  84|0x0000000085400000, 0x0000000085500000, 0x0000000085500000|100%| O|  |TAMS 0x0000000085500000| PB 0x0000000085400000| Untracked 
|  85|0x0000000085500000, 0x0000000085600000, 0x0000000085600000|100%| O|  |TAMS 0x0000000085600000| PB 0x0000000085500000| Untracked 
|  86|0x0000000085600000, 0x0000000085700000, 0x0000000085700000|100%| O|  |TAMS 0x0000000085700000| PB 0x0000000085600000| Untracked 
|  87|0x0000000085700000, 0x0000000085800000, 0x0000000085800000|100%| O|  |TAMS 0x0000000085800000| PB 0x0000000085700000| Untracked 
|  88|0x0000000085800000, 0x0000000085900000, 0x0000000085900000|100%| O|  |TAMS 0x0000000085900000| PB 0x0000000085800000| Untracked 
|  89|0x0000000085900000, 0x0000000085a00000, 0x0000000085a00000|100%| O|  |TAMS 0x0000000085a00000| PB 0x0000000085900000| Untracked 
|  90|0x0000000085a00000, 0x0000000085b00000, 0x0000000085b00000|100%| O|  |TAMS 0x0000000085b00000| PB 0x0000000085a00000| Untracked 
|  91|0x0000000085b00000, 0x0000000085c00000, 0x0000000085c00000|100%| O|  |TAMS 0x0000000085c00000| PB 0x0000000085b00000| Untracked 
|  92|0x0000000085c00000, 0x0000000085d00000, 0x0000000085d00000|100%| O|  |TAMS 0x0000000085d00000| PB 0x0000000085c00000| Untracked 
|  93|0x0000000085d00000, 0x0000000085e00000, 0x0000000085e00000|100%| O|  |TAMS 0x0000000085e00000| PB 0x0000000085d00000| Untracked 
|  94|0x0000000085e00000, 0x0000000085f00000, 0x0000000085f00000|100%| O|  |TAMS 0x0000000085f00000| PB 0x0000000085e00000| Untracked 
|  95|0x0000000085f00000, 0x0000000086000000, 0x0000000086000000|100%| O|  |TAMS 0x0000000086000000| PB 0x0000000085f00000| Untracked 
|  96|0x0000000086000000, 0x0000000086100000, 0x0000000086100000|100%| O|  |TAMS 0x0000000086100000| PB 0x0000000086000000| Untracked 
|  97|0x0000000086100000, 0x0000000086200000, 0x0000000086200000|100%| O|  |TAMS 0x0000000086200000| PB 0x0000000086100000| Untracked 
|  98|0x0000000086200000, 0x0000000086300000, 0x0000000086300000|100%| O|  |TAMS 0x0000000086300000| PB 0x0000000086200000| Untracked 
|  99|0x0000000086300000, 0x0000000086400000, 0x0000000086400000|100%| O|  |TAMS 0x0000000086400000| PB 0x0000000086300000| Untracked 
| 100|0x0000000086400000, 0x0000000086500000, 0x0000000086500000|100%|HS|  |TAMS 0x0000000086500000| PB 0x0000000086400000| Complete 
| 101|0x0000000086500000, 0x0000000086600000, 0x0000000086600000|100%| O|  |TAMS 0x0000000086600000| PB 0x0000000086500000| Untracked 
| 102|0x0000000086600000, 0x0000000086700000, 0x0000000086700000|100%| O|  |TAMS 0x0000000086700000| PB 0x0000000086600000| Untracked 
| 103|0x0000000086700000, 0x0000000086800000, 0x0000000086800000|100%| O|  |TAMS 0x0000000086800000| PB 0x0000000086700000| Untracked 
| 104|0x0000000086800000, 0x0000000086900000, 0x0000000086900000|100%| O|  |TAMS 0x0000000086900000| PB 0x0000000086800000| Untracked 
| 105|0x0000000086900000, 0x0000000086a00000, 0x0000000086a00000|100%| O|  |TAMS 0x0000000086a00000| PB 0x0000000086900000| Untracked 
| 106|0x0000000086a00000, 0x0000000086b00000, 0x0000000086b00000|100%| O|  |TAMS 0x0000000086b00000| PB 0x0000000086a00000| Untracked 
| 107|0x0000000086b00000, 0x0000000086c00000, 0x0000000086c00000|100%| O|  |TAMS 0x0000000086c00000| PB 0x0000000086b00000| Untracked 
| 108|0x0000000086c00000, 0x0000000086d00000, 0x0000000086d00000|100%| O|  |TAMS 0x0000000086d00000| PB 0x0000000086c00000| Untracked 
| 109|0x0000000086d00000, 0x0000000086e00000, 0x0000000086e00000|100%| O|  |TAMS 0x0000000086e00000| PB 0x0000000086d00000| Untracked 
| 110|0x0000000086e00000, 0x0000000086f00000, 0x0000000086f00000|100%| O|  |TAMS 0x0000000086f00000| PB 0x0000000086e00000| Untracked 
| 111|0x0000000086f00000, 0x0000000087000000, 0x0000000087000000|100%| O|  |TAMS 0x0000000087000000| PB 0x0000000086f00000| Untracked 
| 112|0x0000000087000000, 0x0000000087100000, 0x0000000087100000|100%| O|  |TAMS 0x0000000087100000| PB 0x0000000087000000| Untracked 
| 113|0x0000000087100000, 0x0000000087200000, 0x0000000087200000|100%| O|  |TAMS 0x0000000087200000| PB 0x0000000087100000| Untracked 
| 114|0x0000000087200000, 0x0000000087300000, 0x0000000087300000|100%| O|  |TAMS 0x0000000087300000| PB 0x0000000087200000| Untracked 
| 115|0x0000000087300000, 0x0000000087400000, 0x0000000087400000|100%| O|  |TAMS 0x0000000087400000| PB 0x0000000087300000| Untracked 
| 116|0x0000000087400000, 0x0000000087500000, 0x0000000087500000|100%| O|  |TAMS 0x0000000087500000| PB 0x0000000087400000| Untracked 
| 117|0x0000000087500000, 0x0000000087600000, 0x0000000087600000|100%| O|  |TAMS 0x0000000087600000| PB 0x0000000087500000| Untracked 
| 118|0x0000000087600000, 0x0000000087700000, 0x0000000087700000|100%| O|  |TAMS 0x0000000087700000| PB 0x0000000087600000| Untracked 
| 119|0x0000000087700000, 0x0000000087800000, 0x0000000087800000|100%| O|  |TAMS 0x0000000087800000| PB 0x0000000087700000| Untracked 
| 120|0x0000000087800000, 0x0000000087900000, 0x0000000087900000|100%| O|  |TAMS 0x0000000087900000| PB 0x0000000087800000| Untracked 
| 121|0x0000000087900000, 0x0000000087a00000, 0x0000000087a00000|100%| O|  |TAMS 0x000000008796eec8| PB 0x0000000087900000| Untracked 
| 122|0x0000000087a00000, 0x0000000087b00000, 0x0000000087b00000|100%| O|  |TAMS 0x0000000087a00000| PB 0x0000000087a00000| Untracked 
| 123|0x0000000087b00000, 0x0000000087c00000, 0x0000000087c00000|100%| O|  |TAMS 0x0000000087b00000| PB 0x0000000087b00000| Untracked 
| 124|0x0000000087c00000, 0x0000000087d00000, 0x0000000087d00000|100%| O|  |TAMS 0x0000000087c00000| PB 0x0000000087c00000| Untracked 
| 125|0x0000000087d00000, 0x0000000087e00000, 0x0000000087e00000|100%| O|  |TAMS 0x0000000087d00000| PB 0x0000000087d00000| Untracked 
| 126|0x0000000087e00000, 0x0000000087f00000, 0x0000000087f00000|100%| O|  |TAMS 0x0000000087e00000| PB 0x0000000087e00000| Untracked 
| 127|0x0000000087f00000, 0x0000000088000000, 0x0000000088000000|100%| O|  |TAMS 0x0000000087f00000| PB 0x0000000087f00000| Untracked 
| 128|0x0000000088000000, 0x0000000088100000, 0x0000000088100000|100%| O|  |TAMS 0x0000000088000000| PB 0x0000000088000000| Untracked 
| 129|0x0000000088100000, 0x0000000088200000, 0x0000000088200000|100%| O|  |TAMS 0x0000000088100000| PB 0x0000000088100000| Untracked 
| 130|0x0000000088200000, 0x0000000088200000, 0x0000000088300000|  0%| F|  |TAMS 0x0000000088200000| PB 0x0000000088200000| Untracked 
| 131|0x0000000088300000, 0x0000000088300000, 0x0000000088400000|  0%| F|  |TAMS 0x0000000088300000| PB 0x0000000088300000| Untracked 
| 132|0x0000000088400000, 0x0000000088400000, 0x0000000088500000|  0%| F|  |TAMS 0x0000000088400000| PB 0x0000000088400000| Untracked 
| 133|0x0000000088500000, 0x0000000088500000, 0x0000000088600000|  0%| F|  |TAMS 0x0000000088500000| PB 0x0000000088500000| Untracked 
| 134|0x0000000088600000, 0x0000000088600000, 0x0000000088700000|  0%| F|  |TAMS 0x0000000088600000| PB 0x0000000088600000| Untracked 
| 135|0x0000000088700000, 0x0000000088700000, 0x0000000088800000|  0%| F|  |TAMS 0x0000000088700000| PB 0x0000000088700000| Untracked 
| 136|0x0000000088800000, 0x0000000088800000, 0x0000000088900000|  0%| F|  |TAMS 0x0000000088800000| PB 0x0000000088800000| Untracked 
| 137|0x0000000088900000, 0x0000000088900000, 0x0000000088a00000|  0%| F|  |TAMS 0x0000000088900000| PB 0x0000000088900000| Untracked 
| 138|0x0000000088a00000, 0x0000000088a00000, 0x0000000088b00000|  0%| F|  |TAMS 0x0000000088a00000| PB 0x0000000088a00000| Untracked 
| 139|0x0000000088b00000, 0x0000000088b00000, 0x0000000088c00000|  0%| F|  |TAMS 0x0000000088b00000| PB 0x0000000088b00000| Untracked 
| 140|0x0000000088c00000, 0x0000000088c00000, 0x0000000088d00000|  0%| F|  |TAMS 0x0000000088c00000| PB 0x0000000088c00000| Untracked 
| 141|0x0000000088d00000, 0x0000000088d00000, 0x0000000088e00000|  0%| F|  |TAMS 0x0000000088d00000| PB 0x0000000088d00000| Untracked 
| 142|0x0000000088e00000, 0x0000000088e00000, 0x0000000088f00000|  0%| F|  |TAMS 0x0000000088e00000| PB 0x0000000088e00000| Untracked 
| 143|0x0000000088f00000, 0x0000000088f00000, 0x0000000089000000|  0%| F|  |TAMS 0x0000000088f00000| PB 0x0000000088f00000| Untracked 
| 144|0x0000000089000000, 0x0000000089100000, 0x0000000089100000|100%| S|CS|TAMS 0x0000000089000000| PB 0x0000000089000000| Complete 
| 145|0x0000000089100000, 0x0000000089200000, 0x0000000089200000|100%| S|CS|TAMS 0x0000000089100000| PB 0x0000000089100000| Complete 
| 146|0x0000000089200000, 0x0000000089300000, 0x0000000089300000|100%| S|CS|TAMS 0x0000000089200000| PB 0x0000000089200000| Complete 
| 147|0x0000000089300000, 0x0000000089400000, 0x0000000089400000|100%| S|CS|TAMS 0x0000000089300000| PB 0x0000000089300000| Complete 
| 148|0x0000000089400000, 0x0000000089500000, 0x0000000089500000|100%| S|CS|TAMS 0x0000000089400000| PB 0x0000000089400000| Complete 
| 149|0x0000000089500000, 0x0000000089600000, 0x0000000089600000|100%| S|CS|TAMS 0x0000000089500000| PB 0x0000000089500000| Complete 
| 150|0x0000000089600000, 0x0000000089700000, 0x0000000089700000|100%| S|CS|TAMS 0x0000000089600000| PB 0x0000000089600000| Complete 
| 151|0x0000000089700000, 0x0000000089700000, 0x0000000089800000|  0%| F|  |TAMS 0x0000000089700000| PB 0x0000000089700000| Untracked 
| 152|0x0000000089800000, 0x0000000089800000, 0x0000000089900000|  0%| F|  |TAMS 0x0000000089800000| PB 0x0000000089800000| Untracked 
| 153|0x0000000089900000, 0x0000000089900000, 0x0000000089a00000|  0%| F|  |TAMS 0x0000000089900000| PB 0x0000000089900000| Untracked 
| 154|0x0000000089a00000, 0x0000000089a00000, 0x0000000089b00000|  0%| F|  |TAMS 0x0000000089a00000| PB 0x0000000089a00000| Untracked 
| 155|0x0000000089b00000, 0x0000000089b00000, 0x0000000089c00000|  0%| F|  |TAMS 0x0000000089b00000| PB 0x0000000089b00000| Untracked 
| 156|0x0000000089c00000, 0x0000000089c00000, 0x0000000089d00000|  0%| F|  |TAMS 0x0000000089c00000| PB 0x0000000089c00000| Untracked 
| 157|0x0000000089d00000, 0x0000000089d00000, 0x0000000089e00000|  0%| F|  |TAMS 0x0000000089d00000| PB 0x0000000089d00000| Untracked 
| 158|0x0000000089e00000, 0x0000000089e00000, 0x0000000089f00000|  0%| F|  |TAMS 0x0000000089e00000| PB 0x0000000089e00000| Untracked 
| 159|0x0000000089f00000, 0x0000000089f00000, 0x000000008a000000|  0%| F|  |TAMS 0x0000000089f00000| PB 0x0000000089f00000| Untracked 
| 160|0x000000008a000000, 0x000000008a000000, 0x000000008a100000|  0%| F|  |TAMS 0x000000008a000000| PB 0x000000008a000000| Untracked 
| 161|0x000000008a100000, 0x000000008a100000, 0x000000008a200000|  0%| F|  |TAMS 0x000000008a100000| PB 0x000000008a100000| Untracked 
| 162|0x000000008a200000, 0x000000008a200000, 0x000000008a300000|  0%| F|  |TAMS 0x000000008a200000| PB 0x000000008a200000| Untracked 
| 163|0x000000008a300000, 0x000000008a300000, 0x000000008a400000|  0%| F|  |TAMS 0x000000008a300000| PB 0x000000008a300000| Untracked 
| 164|0x000000008a400000, 0x000000008a400000, 0x000000008a500000|  0%| F|  |TAMS 0x000000008a400000| PB 0x000000008a400000| Untracked 
| 165|0x000000008a500000, 0x000000008a500000, 0x000000008a600000|  0%| F|  |TAMS 0x000000008a500000| PB 0x000000008a500000| Untracked 
| 166|0x000000008a600000, 0x000000008a600000, 0x000000008a700000|  0%| F|  |TAMS 0x000000008a600000| PB 0x000000008a600000| Untracked 
| 167|0x000000008a700000, 0x000000008a700000, 0x000000008a800000|  0%| F|  |TAMS 0x000000008a700000| PB 0x000000008a700000| Untracked 
| 168|0x000000008a800000, 0x000000008a800000, 0x000000008a900000|  0%| F|  |TAMS 0x000000008a800000| PB 0x000000008a800000| Untracked 
| 169|0x000000008a900000, 0x000000008a900000, 0x000000008aa00000|  0%| F|  |TAMS 0x000000008a900000| PB 0x000000008a900000| Untracked 
| 170|0x000000008aa00000, 0x000000008aa00000, 0x000000008ab00000|  0%| F|  |TAMS 0x000000008aa00000| PB 0x000000008aa00000| Untracked 
| 171|0x000000008ab00000, 0x000000008ab00000, 0x000000008ac00000|  0%| F|  |TAMS 0x000000008ab00000| PB 0x000000008ab00000| Untracked 
| 172|0x000000008ac00000, 0x000000008ac00000, 0x000000008ad00000|  0%| F|  |TAMS 0x000000008ac00000| PB 0x000000008ac00000| Untracked 
| 173|0x000000008ad00000, 0x000000008ad00000, 0x000000008ae00000|  0%| F|  |TAMS 0x000000008ad00000| PB 0x000000008ad00000| Untracked 
| 174|0x000000008ae00000, 0x000000008ae00000, 0x000000008af00000|  0%| F|  |TAMS 0x000000008ae00000| PB 0x000000008ae00000| Untracked 
| 175|0x000000008af00000, 0x000000008af00000, 0x000000008b000000|  0%| F|  |TAMS 0x000000008af00000| PB 0x000000008af00000| Untracked 
| 176|0x000000008b000000, 0x000000008b000000, 0x000000008b100000|  0%| F|  |TAMS 0x000000008b000000| PB 0x000000008b000000| Untracked 
| 177|0x000000008b100000, 0x000000008b100000, 0x000000008b200000|  0%| F|  |TAMS 0x000000008b100000| PB 0x000000008b100000| Untracked 
| 178|0x000000008b200000, 0x000000008b200000, 0x000000008b300000|  0%| F|  |TAMS 0x000000008b200000| PB 0x000000008b200000| Untracked 
| 179|0x000000008b300000, 0x000000008b300000, 0x000000008b400000|  0%| F|  |TAMS 0x000000008b300000| PB 0x000000008b300000| Untracked 
| 180|0x000000008b400000, 0x000000008b400000, 0x000000008b500000|  0%| F|  |TAMS 0x000000008b400000| PB 0x000000008b400000| Untracked 
| 181|0x000000008b500000, 0x000000008b500000, 0x000000008b600000|  0%| F|  |TAMS 0x000000008b500000| PB 0x000000008b500000| Untracked 
| 182|0x000000008b600000, 0x000000008b600000, 0x000000008b700000|  0%| F|  |TAMS 0x000000008b600000| PB 0x000000008b600000| Untracked 
| 183|0x000000008b700000, 0x000000008b700000, 0x000000008b800000|  0%| F|  |TAMS 0x000000008b700000| PB 0x000000008b700000| Untracked 
| 184|0x000000008b800000, 0x000000008b800000, 0x000000008b900000|  0%| F|  |TAMS 0x000000008b800000| PB 0x000000008b800000| Untracked 
| 185|0x000000008b900000, 0x000000008b900000, 0x000000008ba00000|  0%| F|  |TAMS 0x000000008b900000| PB 0x000000008b900000| Untracked 
| 186|0x000000008ba00000, 0x000000008ba00000, 0x000000008bb00000|  0%| F|  |TAMS 0x000000008ba00000| PB 0x000000008ba00000| Untracked 
| 187|0x000000008bb00000, 0x000000008bb00000, 0x000000008bc00000|  0%| F|  |TAMS 0x000000008bb00000| PB 0x000000008bb00000| Untracked 
| 188|0x000000008bc00000, 0x000000008bc00000, 0x000000008bd00000|  0%| F|  |TAMS 0x000000008bc00000| PB 0x000000008bc00000| Untracked 
| 189|0x000000008bd00000, 0x000000008bd00000, 0x000000008be00000|  0%| F|  |TAMS 0x000000008bd00000| PB 0x000000008bd00000| Untracked 
| 190|0x000000008be00000, 0x000000008be00000, 0x000000008bf00000|  0%| F|  |TAMS 0x000000008be00000| PB 0x000000008be00000| Untracked 
| 191|0x000000008bf00000, 0x000000008bf00000, 0x000000008c000000|  0%| F|  |TAMS 0x000000008bf00000| PB 0x000000008bf00000| Untracked 
| 192|0x000000008c000000, 0x000000008c000000, 0x000000008c100000|  0%| F|  |TAMS 0x000000008c000000| PB 0x000000008c000000| Untracked 
| 193|0x000000008c100000, 0x000000008c100000, 0x000000008c200000|  0%| F|  |TAMS 0x000000008c100000| PB 0x000000008c100000| Untracked 
|2033|0x00000000ff100000, 0x00000000ff100000, 0x00000000ff200000|  0%| F|  |TAMS 0x00000000ff100000| PB 0x00000000ff100000| Untracked 
|2034|0x00000000ff200000, 0x00000000ff200000, 0x00000000ff300000|  0%| F|  |TAMS 0x00000000ff200000| PB 0x00000000ff200000| Untracked 
|2035|0x00000000ff300000, 0x00000000ff300000, 0x00000000ff400000|  0%| F|  |TAMS 0x00000000ff300000| PB 0x00000000ff300000| Untracked 
|2036|0x00000000ff400000, 0x00000000ff400000, 0x00000000ff500000|  0%| F|  |TAMS 0x00000000ff400000| PB 0x00000000ff400000| Untracked 
|2037|0x00000000ff500000, 0x00000000ff500000, 0x00000000ff600000|  0%| F|  |TAMS 0x00000000ff500000| PB 0x00000000ff500000| Untracked 
|2038|0x00000000ff600000, 0x00000000ff700000, 0x00000000ff700000|100%| O|  |TAMS 0x00000000ff700000| PB 0x00000000ff600000| Untracked 
|2039|0x00000000ff700000, 0x00000000ff800000, 0x00000000ff800000|100%| O|  |TAMS 0x00000000ff800000| PB 0x00000000ff700000| Untracked 
|2040|0x00000000ff800000, 0x00000000ff900000, 0x00000000ff900000|100%| O|  |TAMS 0x00000000ff900000| PB 0x00000000ff800000| Untracked 
|2041|0x00000000ff900000, 0x00000000ffa00000, 0x00000000ffa00000|100%| O|  |TAMS 0x00000000ffa00000| PB 0x00000000ff900000| Untracked 
|2042|0x00000000ffa00000, 0x00000000ffb00000, 0x00000000ffb00000|100%| O|  |TAMS 0x00000000ffb00000| PB 0x00000000ffa00000| Untracked 
|2043|0x00000000ffb00000, 0x00000000ffc00000, 0x00000000ffc00000|100%| O|  |TAMS 0x00000000ffc00000| PB 0x00000000ffb00000| Untracked 
|2044|0x00000000ffc00000, 0x00000000ffc00000, 0x00000000ffd00000|  0%| F|  |TAMS 0x00000000ffc00000| PB 0x00000000ffc00000| Untracked 
|2045|0x00000000ffd00000, 0x00000000ffd00000, 0x00000000ffe00000|  0%| F|  |TAMS 0x00000000ffd00000| PB 0x00000000ffd00000| Untracked 
|2046|0x00000000ffe00000, 0x00000000fff00000, 0x00000000fff00000|100%| O|  |TAMS 0x00000000fff00000| PB 0x00000000ffe00000| Untracked 
|2047|0x00000000fff00000, 0x0000000100000000, 0x0000000100000000|100%| O|  |TAMS 0x0000000100000000| PB 0x00000000fff00000| Untracked 

Card table byte_map: [0x0000021035620000,0x0000021035a20000] _byte_map_base: 0x0000021035220000

Marking Bits: (CMBitMap*) 0x0000021023112330
 Bits: [0x0000021035a20000, 0x0000021037a20000)

Polling page: 0x0000021020f00000

Metaspace:

Usage:
  Non-class:    106.84 MB used.
      Class:     17.47 MB used.
       Both:    124.30 MB used.

Virtual space:
  Non-class space:      128.00 MB reserved,     108.06 MB ( 84%) committed,  2 nodes.
      Class space:        1.00 GB reserved,      18.56 MB (  2%) committed,  1 nodes.
             Both:        1.12 GB reserved,     126.62 MB ( 11%) committed. 

Chunk freelists:
   Non-Class:  3.80 MB
       Class:  13.44 MB
        Both:  17.23 MB

MaxMetaspaceSize: unlimited
CompressedClassSpaceSize: 1.00 GB
Initial GC threshold: 21.00 MB
Current GC threshold: 203.75 MB
CDS: off
 - commit_granule_bytes: 65536.
 - commit_granule_words: 8192.
 - virtual_space_node_default_size: 8388608.
 - enlarge_chunks_in_place: 1.
 - use_allocation_guard: 0.


Internal statistics:

num_allocs_failed_limit: 9.
num_arena_births: 4726.
num_arena_deaths: 0.
num_vsnodes_births: 3.
num_vsnodes_deaths: 0.
num_space_committed: 2024.
num_space_uncommitted: 0.
num_chunks_returned_to_freelist: 9.
num_chunks_taken_from_freelist: 10207.
num_chunk_merges: 6.
num_chunk_splits: 6706.
num_chunks_enlarged: 4232.
num_inconsistent_stats: 0.

CodeHeap 'non-profiled nmethods': size=120000Kb used=7468Kb max_used=7468Kb free=112531Kb
 bounds [0x000002102dcf0000, 0x000002102e440000, 0x0000021035220000]
CodeHeap 'profiled nmethods': size=120000Kb used=22546Kb max_used=22546Kb free=97453Kb
 bounds [0x0000021026220000, 0x0000021027830000, 0x000002102d750000]
CodeHeap 'non-nmethods': size=5760Kb used=2043Kb max_used=2113Kb free=3716Kb
 bounds [0x000002102d750000, 0x000002102d9c0000, 0x000002102dcf0000]
CodeCache: size=245760Kb, used=32057Kb, max_used=32127Kb, free=213700Kb
 total_blobs=13063, nmethods=12143, adapters=824, full_count=0
Compilation: enabled, stopped_count=0, restarted_count=0

Compilation events (20 events):
Event: 26.180 Thread 0x000002103a144150 14438   !   3       com.android.tools.r8.graph.h8::b (68 bytes)
Event: 26.181 Thread 0x000002103a144150 nmethod 14438 0x000002102781e090 code [0x000002102781e2e0, 0x000002102781e988]
Event: 26.192 Thread 0x000002103a144150 14440       3       com.android.tools.r8.graph.e8$j::e (13 bytes)
Event: 26.192 Thread 0x000002103a144150 nmethod 14440 0x000002102781ec90 code [0x000002102781ee60, 0x000002102781f228]
Event: 26.199 Thread 0x00000210463d9ad0 nmethod 14435 0x000002102e439490 code [0x000002102e439740, 0x000002102e43a950]
Event: 26.199 Thread 0x00000210463d9ad0 14433       4       com.android.tools.r8.graph.h8::b (730 bytes)
Event: 26.205 Thread 0x000002103a144150 14443       2       com.android.tools.r8.graph.k9::a (88 bytes)
Event: 26.205 Thread 0x000002103a144150 nmethod 14443 0x000002102781f390 code [0x000002102781f560, 0x000002102781f918]
Event: 26.207 Thread 0x000002103a144150 14444       2       java.lang.invoke.LambdaMetafactory::altMetafactory (392 bytes)
Event: 26.208 Thread 0x000002103a144150 nmethod 14444 0x000002102781fb10 code [0x000002102781fe40, 0x0000021027820ca8]
Event: 26.208 Thread 0x000002103a144150 14446       2       java.lang.invoke.InnerClassLambdaMetafactory::generateSerializationFriendlyMethods (306 bytes)
Event: 26.211 Thread 0x000002103a144150 nmethod 14446 0x0000021027821610 code [0x0000021027821a40, 0x00000210278228d8]
Event: 26.211 Thread 0x000002103a144150 14445       2       jdk.internal.org.objectweb.asm.SymbolTable::addConstantIntegerOrFloat (100 bytes)
Event: 26.212 Thread 0x000002103a144150 nmethod 14445 0x0000021027823310 code [0x0000021027823500, 0x0000021027823850]
Event: 26.227 Thread 0x000002103a144150 14448       2       com.android.tools.r8.internal.e21::a (71 bytes)
Event: 26.228 Thread 0x000002103a144150 nmethod 14448 0x0000021027823a90 code [0x0000021027823ce0, 0x0000021027824200]
Event: 26.229 Thread 0x000002103a144150 14449       2       com.android.tools.r8.graph.h8$$Lambda/0x0000000101274d70::accept (12 bytes)
Event: 26.229 Thread 0x000002103a144150 nmethod 14449 0x0000021027824510 code [0x00000210278246e0, 0x00000210278249a8]
Event: 26.229 Thread 0x000002103a144150 14450       2       com.android.tools.r8.graph.g8::a (11 bytes)
Event: 26.230 Thread 0x000002103a144150 nmethod 14450 0x0000021027824b90 code [0x0000021027824d40, 0x0000021027824fc0]

GC Heap History (20 events):
Event: 18.991 GC heap after
{Heap after GC invocations=33 (full 0):
 garbage-first heap   total 147456K, used 88447K [0x0000000080000000, 0x0000000100000000)
  region size 1024K, 4 young (4096K), 4 survivors (4096K)
 Metaspace       used 103352K, committed 105600K, reserved 1179648K
  class space    used 14601K, committed 15680K, reserved 1048576K
}
Event: 19.677 GC heap before
{Heap before GC invocations=33 (full 0):
 garbage-first heap   total 147456K, used 138623K [0x0000000080000000, 0x0000000100000000)
  region size 1024K, 53 young (54272K), 4 survivors (4096K)
 Metaspace       used 106913K, committed 109184K, reserved 1179648K
  class space    used 15139K, committed 16256K, reserved 1048576K
}
Event: 19.687 GC heap after
{Heap after GC invocations=34 (full 0):
 garbage-first heap   total 177152K, used 91471K [0x0000000080000000, 0x0000000100000000)
  region size 1024K, 7 young (7168K), 7 survivors (7168K)
 Metaspace       used 106913K, committed 109184K, reserved 1179648K
  class space    used 15139K, committed 16256K, reserved 1048576K
}
Event: 20.874 GC heap before
{Heap before GC invocations=35 (full 0):
 garbage-first heap   total 177152K, used 163151K [0x0000000080000000, 0x0000000100000000)
  region size 1024K, 77 young (78848K), 7 survivors (7168K)
 Metaspace       used 112194K, committed 114496K, reserved 1179648K
  class space    used 15929K, committed 17024K, reserved 1048576K
}
Event: 20.892 GC heap after
{Heap after GC invocations=36 (full 0):
 garbage-first heap   total 177152K, used 94921K [0x0000000080000000, 0x0000000100000000)
  region size 1024K, 9 young (9216K), 9 survivors (9216K)
 Metaspace       used 112194K, committed 114496K, reserved 1179648K
  class space    used 15929K, committed 17024K, reserved 1048576K
}
Event: 21.775 GC heap before
{Heap before GC invocations=36 (full 0):
 garbage-first heap   total 177152K, used 168649K [0x0000000080000000, 0x0000000100000000)
  region size 1024K, 77 young (78848K), 9 survivors (9216K)
 Metaspace       used 113737K, committed 116096K, reserved 1179648K
  class space    used 16101K, committed 17216K, reserved 1048576K
}
Event: 21.801 GC heap after
{Heap after GC invocations=37 (full 0):
 garbage-first heap   total 192512K, used 106297K [0x0000000080000000, 0x0000000100000000)
  region size 1024K, 10 young (10240K), 10 survivors (10240K)
 Metaspace       used 113737K, committed 116096K, reserved 1179648K
  class space    used 16101K, committed 17216K, reserved 1048576K
}
Event: 22.058 GC heap before
{Heap before GC invocations=37 (full 0):
 garbage-first heap   total 192512K, used 122681K [0x0000000080000000, 0x0000000100000000)
  region size 1024K, 28 young (28672K), 10 survivors (10240K)
 Metaspace       used 114863K, committed 117184K, reserved 1179648K
  class space    used 16188K, committed 17344K, reserved 1048576K
}
Event: 22.075 GC heap after
{Heap after GC invocations=38 (full 0):
 garbage-first heap   total 192512K, used 111550K [0x0000000080000000, 0x0000000100000000)
  region size 1024K, 5 young (5120K), 5 survivors (5120K)
 Metaspace       used 114863K, committed 117184K, reserved 1179648K
  class space    used 16188K, committed 17344K, reserved 1048576K
}
Event: 23.267 GC heap before
{Heap before GC invocations=39 (full 0):
 garbage-first heap   total 194560K, used 178110K [0x0000000080000000, 0x0000000100000000)
  region size 1024K, 66 young (67584K), 5 survivors (5120K)
 Metaspace       used 120357K, committed 122688K, reserved 1179648K
  class space    used 16913K, committed 18048K, reserved 1048576K
}
Event: 23.279 GC heap after
{Heap after GC invocations=40 (full 0):
 garbage-first heap   total 194560K, used 114877K [0x0000000080000000, 0x0000000100000000)
  region size 1024K, 9 young (9216K), 9 survivors (9216K)
 Metaspace       used 120357K, committed 122688K, reserved 1179648K
  class space    used 16913K, committed 18048K, reserved 1048576K
}
Event: 24.364 GC heap before
{Heap before GC invocations=40 (full 0):
 garbage-first heap   total 194560K, used 176317K [0x0000000080000000, 0x0000000100000000)
  region size 1024K, 70 young (71680K), 9 survivors (9216K)
 Metaspace       used 121644K, committed 124032K, reserved 1179648K
  class space    used 17078K, committed 18240K, reserved 1048576K
}
Event: 24.379 GC heap after
{Heap after GC invocations=41 (full 0):
 garbage-first heap   total 194560K, used 116646K [0x0000000080000000, 0x0000000100000000)
  region size 1024K, 8 young (8192K), 8 survivors (8192K)
 Metaspace       used 121644K, committed 124032K, reserved 1179648K
  class space    used 17078K, committed 18240K, reserved 1048576K
}
Event: 24.887 GC heap before
{Heap before GC invocations=41 (full 0):
 garbage-first heap   total 194560K, used 158630K [0x0000000080000000, 0x0000000100000000)
  region size 1024K, 51 young (52224K), 8 survivors (8192K)
 Metaspace       used 122313K, committed 124672K, reserved 1179648K
  class space    used 17179K, committed 18304K, reserved 1048576K
}
Event: 24.899 GC heap after
{Heap after GC invocations=42 (full 0):
 garbage-first heap   total 194560K, used 125714K [0x0000000080000000, 0x0000000100000000)
  region size 1024K, 9 young (9216K), 9 survivors (9216K)
 Metaspace       used 122313K, committed 124672K, reserved 1179648K
  class space    used 17179K, committed 18304K, reserved 1048576K
}
Event: 25.312 GC heap before
{Heap before GC invocations=43 (full 0):
 garbage-first heap   total 214016K, used 176914K [0x0000000080000000, 0x0000000100000000)
  region size 1024K, 58 young (59392K), 9 survivors (9216K)
 Metaspace       used 123441K, committed 125888K, reserved 1179648K
  class space    used 17343K, committed 18496K, reserved 1048576K
}
Event: 25.322 GC heap after
{Heap after GC invocations=44 (full 0):
 garbage-first heap   total 214016K, used 136704K [0x0000000080000000, 0x0000000100000000)
  region size 1024K, 8 young (8192K), 8 survivors (8192K)
 Metaspace       used 123441K, committed 125888K, reserved 1179648K
  class space    used 17343K, committed 18496K, reserved 1048576K
}
Event: 26.016 GC heap before
{Heap before GC invocations=44 (full 0):
 garbage-first heap   total 214016K, used 186880K [0x0000000080000000, 0x0000000100000000)
  region size 1024K, 58 young (59392K), 8 survivors (8192K)
 Metaspace       used 126686K, committed 129024K, reserved 1179648K
  class space    used 17812K, committed 18944K, reserved 1048576K
}
Event: 26.028 GC heap after
{Heap after GC invocations=45 (full 0):
 garbage-first heap   total 214016K, used 138683K [0x0000000080000000, 0x0000000100000000)
  region size 1024K, 6 young (6144K), 6 survivors (6144K)
 Metaspace       used 126686K, committed 129024K, reserved 1179648K
  class space    used 17812K, committed 18944K, reserved 1048576K
}
Event: 26.239 GC heap before
{Heap before GC invocations=45 (full 0):
 garbage-first heap   total 214016K, used 188859K [0x0000000080000000, 0x0000000100000000)
  region size 1024K, 56 young (57344K), 6 survivors (6144K)
 Metaspace       used 127285K, committed 129664K, reserved 1179648K
  class space    used 17885K, committed 19008K, reserved 1048576K
}

Dll operation events (3 events):
Event: 0.013 Loaded shared library C:\Program Files\Android\Android Studio\jbr\bin\java.dll
Event: 0.020 Loaded shared library C:\Program Files\Android\Android Studio\jbr\bin\zip.dll
Event: 1.137 Loaded shared library C:\Program Files\Android\Android Studio\jbr\bin\verify.dll

Deoptimization events (20 events):
Event: 25.752 Thread 0x0000021042493470 DEOPT PACKING pc=0x000002102e25f5a0 sp=0x0000005aabef57c0
Event: 25.752 Thread 0x0000021042493470 DEOPT UNPACKING pc=0x000002102d7a43a2 sp=0x0000005aabef5688 mode 2
Event: 25.847 Thread 0x00000210424920c0 DEOPT PACKING pc=0x000002102698ab18 sp=0x0000005aabcf9750
Event: 25.847 Thread 0x00000210424920c0 DEOPT UNPACKING pc=0x000002102d7a4b42 sp=0x0000005aabcf8c58 mode 0
Event: 25.851 Thread 0x00000210424920c0 DEOPT PACKING pc=0x000002102698ab18 sp=0x0000005aabcf9c40
Event: 25.851 Thread 0x00000210424920c0 DEOPT UNPACKING pc=0x000002102d7a4b42 sp=0x0000005aabcf9148 mode 0
Event: 25.853 Thread 0x00000210424920c0 DEOPT PACKING pc=0x000002102698ab18 sp=0x0000005aabcf9c40
Event: 25.853 Thread 0x00000210424920c0 DEOPT UNPACKING pc=0x000002102d7a4b42 sp=0x0000005aabcf9148 mode 0
Event: 25.954 Thread 0x00000210427b8bc0 Uncommon trap: trap_request=0xffffff45 fr.pc=0x000002102e41b0ac relative=0x00000000000017ec
Event: 25.954 Thread 0x00000210427b8bc0 Uncommon trap: reason=unstable_if action=reinterpret pc=0x000002102e41b0ac method=com.android.tools.r8.internal.p80.e(Ljava/lang/String;)[Ljava/lang/String; @ 27 c2
Event: 25.954 Thread 0x00000210427b8bc0 DEOPT PACKING pc=0x000002102e41b0ac sp=0x0000005aabff9600
Event: 25.954 Thread 0x00000210427b8bc0 DEOPT UNPACKING pc=0x000002102d7a43a2 sp=0x0000005aabff95e8 mode 2
Event: 26.067 Thread 0x00000210427b8bc0 Uncommon trap: trap_request=0xffffff45 fr.pc=0x000002102e405788 relative=0x0000000000000f88
Event: 26.067 Thread 0x00000210427b8bc0 Uncommon trap: reason=unstable_if action=reinterpret pc=0x000002102e405788 method=java.util.concurrent.ConcurrentHashMap.computeIfAbsent(Ljava/lang/Object;Ljava/util/function/Function;)Ljava/lang/Object; @ 244 c2
Event: 26.067 Thread 0x00000210427b8bc0 DEOPT PACKING pc=0x000002102e405788 sp=0x0000005aabff9950
Event: 26.067 Thread 0x00000210427b8bc0 DEOPT UNPACKING pc=0x000002102d7a43a2 sp=0x0000005aabff98d8 mode 2
Event: 26.144 Thread 0x0000021042493470 Uncommon trap: trap_request=0xffffff45 fr.pc=0x000002102e413394 relative=0x00000000000007d4
Event: 26.144 Thread 0x0000021042493470 Uncommon trap: reason=unstable_if action=reinterpret pc=0x000002102e413394 method=com.android.tools.r8.graph.h8.e()V @ 132 c2
Event: 26.144 Thread 0x0000021042493470 DEOPT PACKING pc=0x000002102e413394 sp=0x0000005aabef9640
Event: 26.144 Thread 0x0000021042493470 DEOPT UNPACKING pc=0x000002102d7a43a2 sp=0x0000005aabef9618 mode 2

Classes loaded (20 events):
Event: 24.015 Loading class jdk/internal/access/JavaIOPrintWriterAccess done
Event: 24.015 Loading class java/io/PrintWriter$1 done
Event: 24.633 Loading class sun/nio/fs/Globs
Event: 24.633 Loading class sun/nio/fs/Globs done
Event: 24.633 Loading class java/util/regex/Pattern$SliceU
Event: 24.633 Loading class java/util/regex/Pattern$SliceU done
Event: 24.633 Loading class sun/nio/fs/WindowsFileSystem$2
Event: 24.633 Loading class sun/nio/fs/WindowsFileSystem$2 done
Event: 24.639 Loading class java/util/zip/ZipFile$ZipEntryIterator
Event: 24.640 Loading class java/util/zip/ZipFile$ZipEntryIterator done
Event: 25.176 Loading class java/io/UTFDataFormatException
Event: 25.177 Loading class java/io/UTFDataFormatException done
Event: 25.379 Loading class java/util/stream/IntPipeline$1
Event: 25.380 Loading class java/util/stream/IntPipeline$1 done
Event: 25.380 Loading class java/util/stream/IntPipeline$1$1
Event: 25.380 Loading class java/util/stream/Sink$ChainedInt
Event: 25.381 Loading class java/util/stream/Sink$ChainedInt done
Event: 25.381 Loading class java/util/stream/IntPipeline$1$1 done
Event: 25.401 Loading class java/util/concurrent/RejectedExecutionException
Event: 25.402 Loading class java/util/concurrent/RejectedExecutionException done

Classes unloaded (0 events):
No events

Classes redefined (0 events):
No events

Internal exceptions (20 events):
Event: 26.213 Thread 0x00000210424920c0 Exception <a 'sun/nio/fs/WindowsException'{0x0000000089e51ea8}> (0x0000000089e51ea8) 
thrown [s\src\hotspot\share\prims\jni.cpp, line 537]
Event: 26.214 Thread 0x00000210424920c0 Exception <a 'sun/nio/fs/WindowsException'{0x0000000089e62b18}> (0x0000000089e62b18) 
thrown [s\src\hotspot\share\prims\jni.cpp, line 537]
Event: 26.215 Thread 0x00000210424920c0 Exception <a 'sun/nio/fs/WindowsException'{0x0000000089d0acd0}> (0x0000000089d0acd0) 
thrown [s\src\hotspot\share\prims\jni.cpp, line 537]
Event: 26.217 Thread 0x00000210424920c0 Exception <a 'sun/nio/fs/WindowsException'{0x0000000089d13608}> (0x0000000089d13608) 
thrown [s\src\hotspot\share\prims\jni.cpp, line 537]
Event: 26.218 Thread 0x00000210424920c0 Exception <a 'sun/nio/fs/WindowsException'{0x0000000089d1cff8}> (0x0000000089d1cff8) 
thrown [s\src\hotspot\share\prims\jni.cpp, line 537]
Event: 26.219 Thread 0x00000210424920c0 Exception <a 'sun/nio/fs/WindowsException'{0x0000000089d26a48}> (0x0000000089d26a48) 
thrown [s\src\hotspot\share\prims\jni.cpp, line 537]
Event: 26.220 Thread 0x00000210424920c0 Exception <a 'sun/nio/fs/WindowsException'{0x0000000089d2f640}> (0x0000000089d2f640) 
thrown [s\src\hotspot\share\prims\jni.cpp, line 537]
Event: 26.221 Thread 0x00000210427b8bc0 Exception <a 'sun/nio/fs/WindowsException'{0x0000000089e16d20}> (0x0000000089e16d20) 
thrown [s\src\hotspot\share\prims\jni.cpp, line 537]
Event: 26.222 Thread 0x00000210424920c0 Exception <a 'sun/nio/fs/WindowsException'{0x0000000089d39210}> (0x0000000089d39210) 
thrown [s\src\hotspot\share\prims\jni.cpp, line 537]
Event: 26.223 Thread 0x00000210424920c0 Exception <a 'sun/nio/fs/WindowsException'{0x0000000089b3ce38}> (0x0000000089b3ce38) 
thrown [s\src\hotspot\share\prims\jni.cpp, line 537]
Event: 26.224 Thread 0x00000210424920c0 Exception <a 'sun/nio/fs/WindowsException'{0x0000000089b45668}> (0x0000000089b45668) 
thrown [s\src\hotspot\share\prims\jni.cpp, line 537]
Event: 26.225 Thread 0x00000210424920c0 Exception <a 'sun/nio/fs/WindowsException'{0x0000000089b52b68}> (0x0000000089b52b68) 
thrown [s\src\hotspot\share\prims\jni.cpp, line 537]
Event: 26.227 Thread 0x00000210424920c0 Exception <a 'sun/nio/fs/WindowsException'{0x0000000089b5e3f8}> (0x0000000089b5e3f8) 
thrown [s\src\hotspot\share\prims\jni.cpp, line 537]
Event: 26.230 Thread 0x00000210424920c0 Exception <a 'sun/nio/fs/WindowsException'{0x0000000089900138}> (0x0000000089900138) 
thrown [s\src\hotspot\share\prims\jni.cpp, line 537]
Event: 26.232 Thread 0x00000210424920c0 Exception <a 'sun/nio/fs/WindowsException'{0x000000008990fa60}> (0x000000008990fa60) 
thrown [s\src\hotspot\share\prims\jni.cpp, line 537]
Event: 26.233 Thread 0x00000210424920c0 Exception <a 'sun/nio/fs/WindowsException'{0x00000000899186a0}> (0x00000000899186a0) 
thrown [s\src\hotspot\share\prims\jni.cpp, line 537]
Event: 26.234 Thread 0x00000210424920c0 Exception <a 'sun/nio/fs/WindowsException'{0x0000000089920c18}> (0x0000000089920c18) 
thrown [s\src\hotspot\share\prims\jni.cpp, line 537]
Event: 26.236 Thread 0x00000210424920c0 Exception <a 'sun/nio/fs/WindowsException'{0x000000008993b100}> (0x000000008993b100) 
thrown [s\src\hotspot\share\prims\jni.cpp, line 537]
Event: 26.238 Thread 0x00000210424920c0 Exception <a 'sun/nio/fs/WindowsException'{0x00000000897a93e8}> (0x00000000897a93e8) 
thrown [s\src\hotspot\share\prims\jni.cpp, line 537]
Event: 26.239 Thread 0x00000210424920c0 Exception <a 'sun/nio/fs/WindowsException'{0x00000000897b26e0}> (0x00000000897b26e0) 
thrown [s\src\hotspot\share\prims\jni.cpp, line 537]

ZGC Phase Switch (0 events):
No events

VM Operations (20 events):
Event: 24.058 Executing non-safepoint VM operation: HandshakeAllThreads (Deoptimize) done
Event: 24.364 Executing safepoint VM operation: G1CollectForAllocation (G1 Evacuation Pause)
Event: 24.379 Executing safepoint VM operation: G1CollectForAllocation (G1 Evacuation Pause) done
Event: 24.887 Executing safepoint VM operation: G1TryInitiateConcMark (G1 Humongous Allocation)
Event: 24.887 Executing safepoint VM operation: G1TryInitiateConcMark (G1 Humongous Allocation) done
Event: 24.887 Executing safepoint VM operation: G1TryInitiateConcMark (G1 Humongous Allocation)
Event: 24.899 Executing safepoint VM operation: G1TryInitiateConcMark (G1 Humongous Allocation) done
Event: 25.157 Executing safepoint VM operation: G1PauseRemark
Event: 25.166 Executing safepoint VM operation: G1PauseRemark done
Event: 25.282 Executing safepoint VM operation: G1PauseCleanup
Event: 25.283 Executing safepoint VM operation: G1PauseCleanup done
Event: 25.311 Executing safepoint VM operation: G1CollectForAllocation (G1 Evacuation Pause)
Event: 25.322 Executing safepoint VM operation: G1CollectForAllocation (G1 Evacuation Pause) done
Event: 25.559 Executing non-safepoint VM operation: HandshakeAllThreads (Deoptimize)
Event: 25.559 Executing non-safepoint VM operation: HandshakeAllThreads (Deoptimize) done
Event: 25.646 Executing non-safepoint VM operation: HandshakeAllThreads (Deoptimize)
Event: 25.646 Executing non-safepoint VM operation: HandshakeAllThreads (Deoptimize) done
Event: 26.016 Executing safepoint VM operation: G1CollectForAllocation (G1 Evacuation Pause)
Event: 26.029 Executing safepoint VM operation: G1CollectForAllocation (G1 Evacuation Pause) done
Event: 26.239 Executing safepoint VM operation: G1CollectForAllocation (G1 Evacuation Pause)

Memory protections (0 events):
No events

Nmethod flushes (20 events):
Event: 25.165 Thread 0x000002103a0a3850 flushing  nmethod 0x0000021026f96e90
Event: 25.165 Thread 0x000002103a0a3850 flushing  nmethod 0x0000021027028390
Event: 25.165 Thread 0x000002103a0a3850 flushing  nmethod 0x000002102707db90
Event: 25.165 Thread 0x000002103a0a3850 flushing  nmethod 0x00000210271ad510
Event: 25.165 Thread 0x000002103a0a3850 flushing  nmethod 0x00000210272cbb90
Event: 25.165 Thread 0x000002103a0a3850 flushing  nmethod 0x00000210272e5710
Event: 25.165 Thread 0x000002103a0a3850 flushing  nmethod 0x00000210273f4990
Event: 25.165 Thread 0x000002103a0a3850 flushing  nmethod 0x00000210273f4f10
Event: 25.165 Thread 0x000002103a0a3850 flushing  nmethod 0x00000210273f5710
Event: 25.165 Thread 0x000002103a0a3850 flushing  nmethod 0x00000210273f8e10
Event: 25.165 Thread 0x000002103a0a3850 flushing  nmethod 0x0000021027426390
Event: 25.165 Thread 0x000002103a0a3850 flushing  nmethod 0x00000210274e4710
Event: 25.165 Thread 0x000002103a0a3850 flushing  nmethod 0x00000210274e4a90
Event: 25.165 Thread 0x000002103a0a3850 flushing  nmethod 0x00000210274e8e10
Event: 25.165 Thread 0x000002103a0a3850 flushing  nmethod 0x00000210274fee90
Event: 25.165 Thread 0x000002103a0a3850 flushing  nmethod 0x00000210274ff210
Event: 25.165 Thread 0x000002103a0a3850 flushing  nmethod 0x00000210274ff590
Event: 25.165 Thread 0x000002103a0a3850 flushing  nmethod 0x00000210274ff910
Event: 25.165 Thread 0x000002103a0a3850 flushing  nmethod 0x00000210274ffc90
Event: 25.165 Thread 0x000002103a0a3850 flushing  nmethod 0x0000021027500390

Events (20 events):
Event: 7.778 Thread 0x000002104051d8d0 Thread added: 0x0000021042493470
Event: 7.871 Thread 0x000002104051d8d0 Thread added: 0x00000210427b8bc0
Event: 8.088 Thread 0x000002104051d8d0 Thread added: 0x00000210427b7810
Event: 13.179 Thread 0x000002103a1b3f90 Thread exited: 0x000002103a1b3f90
Event: 13.950 Thread 0x000002104051d8d0 Thread added: 0x00000210427be7a0
Event: 14.232 Thread 0x000002103a144150 Thread added: 0x000002103a1b1d80
Event: 14.490 Thread 0x000002104051d8d0 Thread added: 0x0000021044a71990
Event: 15.220 Thread 0x000002104051d8d0 Thread added: 0x0000021044a726b0
Event: 18.414 Thread 0x000002103a1b1d80 Thread exited: 0x000002103a1b1d80
Event: 18.625 Thread 0x000002103a144150 Thread added: 0x000002103a1b1d80
Event: 22.127 Thread 0x000002104051d8d0 Thread added: 0x0000021044a761c0
Event: 22.129 Thread 0x000002104051d8d0 Thread added: 0x0000021044a77570
Event: 22.243 Thread 0x000002104051d8d0 Thread added: 0x0000021040164260
Event: 22.251 Thread 0x0000021040164260 Thread added: 0x0000021040167d70
Event: 22.251 Thread 0x0000021040164260 Thread added: 0x00000210401648f0
Event: 22.252 Thread 0x0000021040164260 Thread added: 0x0000021040168400
Event: 22.281 Thread 0x00000210401648f0 Thread added: 0x0000021040168a90
Event: 23.651 Thread 0x00000210401648f0 Thread added: 0x000002103fee7650
Event: 25.790 Thread 0x000002103a1b1d80 Thread exited: 0x000002103a1b1d80
Event: 25.804 Thread 0x000002103a144150 Thread added: 0x00000210463d9ad0


Dynamic libraries:
0x00007ff7b2180000 - 0x00007ff7b218a000 	C:\Program Files\Android\Android Studio\jbr\bin\java.exe
0x00007fffff600000 - 0x00007fffff868000 	C:\WINDOWS\SYSTEM32\ntdll.dll
0x00007ffffe270000 - 0x00007ffffe339000 	C:\WINDOWS\System32\KERNEL32.DLL
0x00007ffffce60000 - 0x00007ffffd252000 	C:\WINDOWS\System32\KERNELBASE.dll
0x00007ffffc980000 - 0x00007ffffcacb000 	C:\WINDOWS\System32\ucrtbase.dll
0x00007fffeaff0000 - 0x00007fffeb008000 	C:\Program Files\Android\Android Studio\jbr\bin\jli.dll
0x00007fffd13c0000 - 0x00007fffd13db000 	C:\Program Files\Android\Android Studio\jbr\bin\VCRUNTIME140.dll
0x00007ffffeb80000 - 0x00007ffffed45000 	C:\WINDOWS\System32\USER32.dll
0x00007ffffcd80000 - 0x00007ffffcda7000 	C:\WINDOWS\System32\win32u.dll
0x00007fffe4ca0000 - 0x00007fffe4f33000 	C:\WINDOWS\WinSxS\amd64_microsoft.windows.common-controls_6595b64144ccf1df_6.0.26100.6899_none_3e0efeeae32e88c1\COMCTL32.dll
0x00007ffffdfe0000 - 0x00007ffffe00b000 	C:\WINDOWS\System32\GDI32.dll
0x00007ffffdc40000 - 0x00007ffffdce9000 	C:\WINDOWS\System32\msvcrt.dll
0x00007ffffcad0000 - 0x00007ffffcbfd000 	C:\WINDOWS\System32\gdi32full.dll
0x00007ffffcdb0000 - 0x00007ffffce53000 	C:\WINDOWS\System32\msvcp_win.dll
0x00007fffff3a0000 - 0x00007fffff3cf000 	C:\WINDOWS\System32\IMM32.DLL
0x00007fffed560000 - 0x00007fffed56c000 	C:\Program Files\Android\Android Studio\jbr\bin\vcruntime140_1.dll
0x00007fffe67a0000 - 0x00007fffe682d000 	C:\Program Files\Android\Android Studio\jbr\bin\msvcp140.dll
0x00007fff75750000 - 0x00007fff763e6000 	C:\Program Files\Android\Android Studio\jbr\bin\server\jvm.dll
0x00007ffffdd70000 - 0x00007ffffde24000 	C:\WINDOWS\System32\ADVAPI32.dll
0x00007ffffe010000 - 0x00007ffffe0b6000 	C:\WINDOWS\System32\sechost.dll
0x00007ffffdb20000 - 0x00007ffffdc38000 	C:\WINDOWS\System32\RPCRT4.dll
0x00007ffffdcf0000 - 0x00007ffffdd64000 	C:\WINDOWS\System32\WS2_32.dll
0x00007ffffc5f0000 - 0x00007ffffc64e000 	C:\WINDOWS\SYSTEM32\POWRPROF.dll
0x00007fffe7510000 - 0x00007fffe7545000 	C:\WINDOWS\SYSTEM32\WINMM.dll
0x00007fffedab0000 - 0x00007fffedabb000 	C:\WINDOWS\SYSTEM32\VERSION.dll
0x00007ffffc5d0000 - 0x00007ffffc5e4000 	C:\WINDOWS\SYSTEM32\UMPDC.dll
0x00007ffffb530000 - 0x00007ffffb54b000 	C:\WINDOWS\SYSTEM32\kernel.appcore.dll
0x00007fffe39b0000 - 0x00007fffe39ba000 	C:\Program Files\Android\Android Studio\jbr\bin\jimage.dll
0x00007ffff7030000 - 0x00007ffff7272000 	C:\WINDOWS\SYSTEM32\DBGHELP.DLL
0x00007ffffed70000 - 0x00007fffff0eb000 	C:\WINDOWS\System32\combase.dll
0x00007ffffe3c0000 - 0x00007ffffe497000 	C:\WINDOWS\System32\OLEAUT32.dll
0x00007fffdd980000 - 0x00007fffdd9bc000 	C:\WINDOWS\SYSTEM32\dbgcore.DLL
0x00007ffffc8e0000 - 0x00007ffffc978000 	C:\WINDOWS\System32\bcryptPrimitives.dll
0x00007fffeafe0000 - 0x00007fffeafee000 	C:\Program Files\Android\Android Studio\jbr\bin\instrument.dll
0x00007fffc7f60000 - 0x00007fffc7f80000 	C:\Program Files\Android\Android Studio\jbr\bin\java.dll
0x00007fffc1900000 - 0x00007fffc1918000 	C:\Program Files\Android\Android Studio\jbr\bin\zip.dll
0x00007ffffd3d0000 - 0x00007ffffdb1d000 	C:\WINDOWS\System32\SHELL32.dll
0x00007ffffd260000 - 0x00007ffffd3cb000 	C:\WINDOWS\System32\wintypes.dll
0x00007ffffa3c0000 - 0x00007ffffac1d000 	C:\WINDOWS\SYSTEM32\windows.storage.dll
0x00007ffffe5c0000 - 0x00007ffffe6b2000 	C:\WINDOWS\System32\SHCORE.dll
0x00007fffff180000 - 0x00007fffff1e2000 	C:\WINDOWS\System32\shlwapi.dll
0x00007ffffc6b0000 - 0x00007ffffc6d9000 	C:\WINDOWS\SYSTEM32\profapi.dll
0x00007fffdd5e0000 - 0x00007fffdd5f0000 	C:\Program Files\Android\Android Studio\jbr\bin\net.dll
0x00007fffec370000 - 0x00007fffec48f000 	C:\WINDOWS\SYSTEM32\WINHTTP.dll
0x00007ffffbad0000 - 0x00007ffffbb3b000 	C:\WINDOWS\system32\mswsock.dll
0x00007fffc18e0000 - 0x00007fffc18f6000 	C:\Program Files\Android\Android Studio\jbr\bin\nio.dll
0x00007fffed900000 - 0x00007fffed910000 	C:\Program Files\Android\Android Studio\jbr\bin\verify.dll
0x00007fffe69a0000 - 0x00007fffe69c7000 	C:\Users\DELL\.gradle\native\660c5614fbf4a5f2a75b1949f50a0caf5cd603558e7d8a26e50b933a0cfb79d1\windows-amd64\native-platform.dll
0x00007fffe6620000 - 0x00007fffe6697000 	C:\Users\DELL\.gradle\native\0.2.8\x86_64-windows-gnu\gradle-fileevents.dll
0x00007fffeafb0000 - 0x00007fffeafb9000 	C:\Program Files\Android\Android Studio\jbr\bin\management.dll
0x00007fffeafa0000 - 0x00007fffeafab000 	C:\Program Files\Android\Android Studio\jbr\bin\management_ext.dll
0x00007ffffe5b0000 - 0x00007ffffe5b8000 	C:\WINDOWS\System32\PSAPI.DLL
0x00007ffffaf20000 - 0x00007ffffaf54000 	C:\WINDOWS\SYSTEM32\IPHLPAPI.DLL
0x00007ffffe4a0000 - 0x00007ffffe4aa000 	C:\WINDOWS\System32\NSI.dll
0x00007fffeafc0000 - 0x00007fffeafc9000 	C:\Program Files\Android\Android Studio\jbr\bin\extnet.dll
0x00007ffffbd80000 - 0x00007ffffbd9b000 	C:\WINDOWS\SYSTEM32\CRYPTSP.dll
0x00007ffffb490000 - 0x00007ffffb4cb000 	C:\WINDOWS\system32\rsaenh.dll
0x00007ffffbb70000 - 0x00007ffffbb9b000 	C:\WINDOWS\SYSTEM32\USERENV.dll
0x00007ffffc680000 - 0x00007ffffc6a6000 	C:\WINDOWS\SYSTEM32\bcrypt.dll
0x00007ffffbda0000 - 0x00007ffffbdac000 	C:\WINDOWS\SYSTEM32\CRYPTBASE.dll
0x00007fff8d960000 - 0x00007fff8d968000 	C:\WINDOWS\system32\wshunix.dll
0x00007ffffb660000 - 0x00007ffffb696000 	C:\WINDOWS\SYSTEM32\ntmarta.dll

JVMTI agents:
C:\Users\DELL\.gradle\wrapper\dists\gradle-9.4.1-bin\arn2x92ynaizyzdaamcbpbhtj\gradle-9.4.1\lib\agents\gradle-instrumentation-agent-9.4.1.jar path:C:\Program Files\Android\Android Studio\jbr\bin\instrument.dll, loaded, initialized, instrumentlib options:none

dbghelp: loaded successfully - version: 4.0.5 - missing functions: none
symbol engine: initialized successfully - sym options: 0x614 - pdb path: .;C:\Program Files\Android\Android Studio\jbr\bin;C:\WINDOWS\SYSTEM32;C:\WINDOWS\WinSxS\amd64_microsoft.windows.common-controls_6595b64144ccf1df_6.0.26100.6899_none_3e0efeeae32e88c1;C:\Program Files\Android\Android Studio\jbr\bin\server;C:\Users\DELL\.gradle\native\660c5614fbf4a5f2a75b1949f50a0caf5cd603558e7d8a26e50b933a0cfb79d1\windows-amd64;C:\Users\DELL\.gradle\native\0.2.8\x86_64-windows-gnu

VM Arguments:
jvm_args: --add-opens=java.base/java.lang=ALL-UNNAMED --add-opens=java.base/java.lang.invoke=ALL-UNNAMED --add-opens=java.base/java.util=ALL-UNNAMED --add-opens=java.prefs/java.util.prefs=ALL-UNNAMED --add-exports=jdk.compiler/com.sun.tools.javac.api=ALL-UNNAMED --add-exports=jdk.compiler/com.sun.tools.javac.util=ALL-UNNAMED --add-opens=java.base/java.util=ALL-UNNAMED --add-opens=java.prefs/java.util.prefs=ALL-UNNAMED --add-opens=java.base/java.nio.charset=ALL-UNNAMED --add-opens=java.base/java.net=ALL-UNNAMED --add-opens=java.base/java.util.concurrent=ALL-UNNAMED --add-opens=java.base/java.util.concurrent.atomic=ALL-UNNAMED --add-opens=java.xml/javax.xml.namespace=ALL-UNNAMED --add-opens=java.base/java.time=ALL-UNNAMED -Xmx2048m -Dfile.encoding=UTF-8 -Duser.country=IN -Duser.language=en -Duser.variant -javaagent:C:\Users\DELL\.gradle\wrapper\dists\gradle-9.4.1-bin\arn2x92ynaizyzdaamcbpbhtj\gradle-9.4.1\lib\agents\gradle-instrumentation-agent-9.4.1.jar 
java_command: org.gradle.launcher.daemon.bootstrap.GradleDaemon 9.4.1
java_class_path (initial): C:\Users\DELL\.gradle\wrapper\dists\gradle-9.4.1-bin\arn2x92ynaizyzdaamcbpbhtj\gradle-9.4.1\lib\gradle-daemon-main-9.4.1.jar
Launcher Type: SUN_STANDARD

[Global flags]
     intx CICompilerCount                          = 3                                         {product} {ergonomic}
     uint ConcGCThreads                            = 1                                         {product} {ergonomic}
     uint G1ConcRefinementThreads                  = 4                                         {product} {ergonomic}
   size_t G1HeapRegionSize                         = 1048576                                   {product} {ergonomic}
    uintx GCDrainStackTargetSize                   = 64                                        {product} {ergonomic}
   size_t InitialHeapSize                          = 132120576                                 {product} {ergonomic}
   size_t MarkStackSize                            = 4194304                                   {product} {ergonomic}
   size_t MaxHeapSize                              = 2147483648                                {product} {command line}
   size_t MaxNewSize                               = 1287651328                                {product} {ergonomic}
   size_t MinHeapDeltaBytes                        = 1048576                                   {product} {ergonomic}
   size_t MinHeapSize                              = 8388608                                   {product} {ergonomic}
    uintx NonNMethodCodeHeapSize                   = 5832780                                {pd product} {ergonomic}
    uintx NonProfiledCodeHeapSize                  = 122912730                              {pd product} {ergonomic}
    uintx ProfiledCodeHeapSize                     = 122912730                              {pd product} {ergonomic}
    uintx ReservedCodeCacheSize                    = 251658240                              {pd product} {ergonomic}
     bool SegmentedCodeCache                       = true                                      {product} {ergonomic}
   size_t SoftMaxHeapSize                          = 2147483648                             {manageable} {ergonomic}
     bool UseCompressedOops                        = true                           {product lp64_product} {ergonomic}
     bool UseG1GC                                  = true                                      {product} {ergonomic}
     bool UseLargePagesIndividualAllocation        = false                                  {pd product} {ergonomic}

Logging:
Log output configuration:
 #0: stdout all=warning uptime,level,tags foldmultilines=false
 #1: stderr all=off uptime,level,tags foldmultilines=false

Release file:
JAVA_VERSION="21.0.10" 
MODULES="java.base java.compiler java.datatransfer java.xml java.prefs java.desktop java.instrument java.logging java.management java.security.sasl java.naming java.rmi java.management.rmi java.net.http java.scripting java.security.jgss java.transaction.xa java.sql java.sql.rowset java.xml.crypto java.se java.smartcardio jdk.accessibility jdk.internal.jvmstat jdk.attach jdk.charsets jdk.internal.opt jdk.zipfs jdk.compiler jdk.crypto.ec jdk.crypto.cryptoki jdk.dynalink jdk.hotspot.agent jdk.httpserver jdk.internal.ed jdk.internal.le jdk.internal.vm.ci jdk.jartool jdk.javadoc jdk.jcmd jdk.jdeps jdk.jdwp.agent jdk.jdi jdk.jfr jdk.jlink jdk.jsobject jdk.localedata jdk.management jdk.management.agent jdk.management.jfr jdk.naming.dns jdk.naming.rmi jdk.net jdk.sctp jdk.security.auth jdk.security.jgss jdk.unsupported jdk.unsupported.desktop jdk.xml.dom" 
IMPLEMENTOR="JetBrains s.r.o." 
JAVA_RUNTIME_VERSION="21.0.10+-14961533-b1163.108" 
LIBC="default" 
OS_ARCH="x86_64" 
OS_NAME="Windows" 
SOURCE=".:git:1351622c2ff2" 

Environment Variables:
PATH=C:\Program Files\Common Files\Oracle\Java\javapath;C:\WINDOWS\system32;C:\WINDOWS;C:\WINDOWS\System32\Wbem;C:\WINDOWS\System32\WindowsPowerShell\v1.0\;C:\WINDOWS\System32\OpenSSH\;C:\Program Files\MongoDB\Server\8.0\bin;C:\MinGW\bin;C:\Program Files\nodejs\;C:\msys64\mingw64\bin;C:\Users\DELL\AppData\Local\Programs\Python\Launcher\;C:\Users\DELL\AppData\Local\Programs\Python\Python313\Scripts\;C:\Users\DELL\AppData\Local\Programs\Python\Python313\;C:\Users\DELL\AppData\Local\Programs\Python\Python312\Scripts\;C:\Users\DELL\AppData\Local\Programs\Python\Python312\;C:\Users\DELL\AppData\Local\Microsoft\WindowsApps;C:\Users\DELL\AppData\Local\Programs\Microsoft VS Code\bin;C:\Users\DELL\AppData\Local\JetBrains\IntelliJ IDEA Community Edition 2024.1.4\bin;;C:\Program Files\mingw-w64-v11.0.0\mingw-w64-v11.0.0;C:\MinGW\bin;C:\msys64\ucrt64\bin;C:\Users\DELL\AppData\Roaming\npm
USERNAME=DELL
OS=Windows_NT
PROCESSOR_IDENTIFIER=Intel64 Family 6 Model 142 Stepping 10, GenuineIntel
TMP=C:\Users\DELL\AppData\Local\Temp
TEMP=C:\Users\DELL\AppData\Local\Temp




Periodic native trim disabled

JNI global refs:
JNI global refs: 28, weak refs: 12

JNI global refs memory usage: 835, weak refs: 833

Process memory usage:
Resident Set Size: 574328K (6% of 8243644K total physical memory with 881936K free physical memory)

OOME stack traces (most recent first):
Classloader memory used:
Loader org.gradle.internal.classloader.VisitableURLClassLoader                         : 45112K
Loader org.gradle.internal.classloader.VisitableURLClassLoader$InstrumentingVisitableURLClassLoader: 38580K
Loader bootstrap                                                                       : 29528K
Loader org.gradle.initialization.MixInLegacyTypesClassLoader                           : 13025K
Loader jdk.internal.reflect.DelegatingClassLoader                                      : 381K
Loader jdk.internal.loader.ClassLoaders$AppClassLoader                                 : 192K
Loader jdk.internal.loader.ClassLoaders$PlatformClassLoader                            : 169K
Loader org.gradle.internal.classloader.VisitableURLClassLoader                         : 168K
Loader org.gradle.groovy.scripts.internal.DefaultScriptCompilationHandler$ScriptClassLoader: 127K

Classes loaded by more than one classloader:
Class Program                                                                         : loaded 5 times (x 72B)
Class Build_gradle                                                                    : loaded 3 times (x 126B)
Class com.google.common.collect.RegularImmutableMap$KeySet                            : loaded 2 times (x 152B)
Class org.gradle.internal.classloader.FilteringClassLoader                            : loaded 2 times (x 105B)
Class [Lcom.google.common.collect.MapMakerInternalMap$Segment;                        : loaded 2 times (x 69B)
Class com.google.common.io.FileWriteMode                                              : loaded 2 times (x 79B)
Class [Lcom.google.common.base.AbstractIterator$State;                                : loaded 2 times (x 69B)
Class com.google.common.base.CharMatcher$IsEither                                     : loaded 2 times (x 111B)
Class org.gradle.internal.classloader.ClassLoaderHierarchy                            : loaded 2 times (x 70B)
Class com.google.common.collect.AbstractMapBasedMultimap$WrappedCollection            : loaded 2 times (x 124B)
Class com.google.common.collect.ImmutableEnumSet                                      : loaded 2 times (x 146B)
Class com.google.common.util.concurrent.ExecutionError                                : loaded 2 times (x 82B)
Class com.google.common.collect.ImmutableList$1                                       : loaded 2 times (x 97B)
Class ijJvmDebugger1_858lgih2bb2q0e27cpsinjh49$_run_closure1                          : loaded 2 times (x 139B)
Class com.google.common.io.ByteArrayDataOutput                                        : loaded 2 times (x 70B)
Class com.google.common.collect.RegularImmutableMap                                   : loaded 2 times (x 121B)
Class com.google.common.collect.ImmutableMap$MapViewOfValuesAsSingletonSets           : loaded 2 times (x 126B)
Class com.google.common.collect.TransformedListIterator                               : loaded 2 times (x 93B)
Class [Lorg.objectweb.asm.Symbol;                                                     : loaded 2 times (x 69B)
Class org.objectweb.asm.ClassVisitor                                                  : loaded 2 times (x 88B)
Class com.google.common.collect.UnmodifiableListIterator                              : loaded 2 times (x 95B)
Class com.google.common.collect.MapMakerInternalMap$StrongKeyDummyValueEntry$LinkedStrongKeyDummyValueEntry: loaded 2 times (x 82B)
Class com.google.common.collect.MapMakerInternalMap$Strength                          : loaded 2 times (x 80B)
Class com.google.common.base.Platform$JdkPatternCompiler                              : loaded 2 times (x 75B)
Class org.objectweb.asm.MethodTooLargeException                                       : loaded 2 times (x 83B)
Class [Lcom.google.common.cache.CacheBuilder$OneWeigher;                              : loaded 2 times (x 69B)
Class com.google.common.base.Suppliers                                                : loaded 2 times (x 71B)
Class org.gradle.internal.classloader.DefaultClassLoaderFactory                       : loaded 2 times (x 82B)
Class com.google.common.base.CharMatcher$None                                         : loaded 2 times (x 112B)
Class [Lcom.google.common.collect.ImmutableMapEntry;                                  : loaded 2 times (x 69B)
Class com.google.common.collect.ListMultimap                                          : loaded 2 times (x 70B)
Class com.google.common.collect.ImmutableEnumMap                                      : loaded 2 times (x 126B)
Class com.google.common.collect.Iterators$EmptyModifiableIterator                     : loaded 2 times (x 86B)
Class com.google.common.base.Splitter                                                 : loaded 2 times (x 72B)
Class com.google.common.collect.Sets$1                                                : loaded 2 times (x 139B)
Class org.objectweb.asm.AnnotationVisitor                                             : loaded 2 times (x 78B)
Class org.gradle.api.internal.DefaultClassPathProvider                                : loaded 2 times (x 76B)
Class com.google.common.collect.MapMakerInternalMap$Strength$1                        : loaded 2 times (x 80B)
Class com.google.common.collect.Maps$ViewCachingAbstractMap                           : loaded 2 times (x 125B)
Class com.google.common.collect.Sets$2                                                : loaded 2 times (x 139B)
Class [Lorg.gradle.api.internal.ClassPathProvider;                                    : loaded 2 times (x 69B)
Class org.gradle.api.internal.ClassPathProvider                                       : loaded 2 times (x 70B)
Class com.google.common.collect.MapMakerInternalMap$Strength$2                        : loaded 2 times (x 80B)
Class com.google.common.base.AbstractIterator$State                                   : loaded 2 times (x 79B)
Class [Lorg.objectweb.asm.AnnotationVisitor;                                          : loaded 2 times (x 69B)
Class com.google.common.collect.Sets$3                                                : loaded 2 times (x 139B)
Class com.google.common.cache.LocalCache$LocalLoadingCache                            : loaded 2 times (x 134B)
Class org.gradle.internal.service.UnknownServiceException                             : loaded 2 times (x 83B)
Class com.google.common.io.ByteArrayDataInput                                         : loaded 2 times (x 70B)
Class com.google.common.collect.MapMakerInternalMap$StrongValueEntry                  : loaded 2 times (x 70B)
Class com.google.common.collect.Sets$4                                                : loaded 2 times (x 139B)
Class org.objectweb.asm.ModuleVisitor                                                 : loaded 2 times (x 81B)
Class com.google.common.cache.LocalCache$Strength$1                                   : loaded 2 times (x 81B)
Class com.google.common.util.concurrent.SettableFuture                                : loaded 2 times (x 114B)
Class com.google.common.cache.LocalCache$Strength$2                                   : loaded 2 times (x 81B)
Class com.google.common.io.ByteStreams                                                : loaded 2 times (x 71B)
Class com.google.common.collect.Interners$InternerImpl                                : loaded 2 times (x 75B)
Class com.google.common.collect.Interner                                              : loaded 2 times (x 70B)
Class com.google.common.collect.TransformedIterator                                   : loaded 2 times (x 80B)
Class com.google.common.base.Splitter$1                                               : loaded 2 times (x 77B)
Class com.google.common.cache.LocalCache$Strength$3                                   : loaded 2 times (x 81B)
Class com.google.common.collect.MapDifference                                         : loaded 2 times (x 70B)
Class com.google.common.collect.MapMaker$Dummy                                        : loaded 2 times (x 79B)
Class org.objectweb.asm.FieldWriter                                                   : loaded 2 times (x 78B)
Class com.google.common.cache.CacheBuilder$NullListener                               : loaded 2 times (x 82B)
Class com.google.common.base.PairwiseEquivalence                                      : loaded 2 times (x 83B)
Class org.gradle.internal.classloader.InstrumentingClassLoader                        : loaded 2 times (x 70B)
Class com.google.common.cache.CacheLoader$FunctionToCacheLoader                       : loaded 2 times (x 75B)
Class com.google.common.collect.Iterators$ArrayItr                                    : loaded 2 times (x 97B)
Class com.google.common.collect.ImmutableCollection$Builder                           : loaded 2 times (x 76B)
Class com.google.common.base.Joiner                                                   : loaded 2 times (x 79B)
Class com.google.common.base.MoreObjects                                              : loaded 2 times (x 71B)
Class com.google.common.collect.Platform                                              : loaded 2 times (x 71B)
Class [Lorg.objectweb.asm.Type;                                                       : loaded 2 times (x 69B)
Class com.google.common.collect.UnmodifiableIterator                                  : loaded 2 times (x 80B)
Class org.gradle.internal.service.ServiceLocator                                      : loaded 2 times (x 70B)
Class com.google.common.base.Ascii                                                    : loaded 2 times (x 71B)
Class com.google.common.collect.SingletonImmutableBiMap                               : loaded 2 times (x 143B)
Class com.google.common.cache.LocalCache$1                                            : loaded 2 times (x 89B)
Class com.google.common.collect.Iterators$SingletonIterator                           : loaded 2 times (x 81B)
Class com.google.common.collect.AbstractMapEntry                                      : loaded 2 times (x 81B)
Class com.google.common.collect.MapMakerInternalMap$AbstractStrongKeyEntry            : loaded 2 times (x 80B)
Class com.google.common.collect.Sets$ImprovedAbstractSet                              : loaded 2 times (x 135B)
Class com.google.common.collect.ImmutableList$Builder                                 : loaded 2 times (x 77B)
Class com.google.common.collect.AbstractMultimap                                      : loaded 2 times (x 123B)
Class com.google.common.cache.LocalCache$2                                            : loaded 2 times (x 142B)
Class ijJvmDebugger1_858lgih2bb2q0e27cpsinjh49$_run_closure1$_closure2                : loaded 2 times (x 140B)
Class com.google.common.collect.RegularImmutableAsList                                : loaded 2 times (x 217B)
Class com.google.common.util.concurrent.AbstractFuture$Trusted                        : loaded 2 times (x 70B)
Class com.google.common.collect.Iterators                                             : loaded 2 times (x 71B)
Class com.google.common.io.ByteSink$AsCharSink                                        : loaded 2 times (x 80B)
Class com.google.common.collect.Lists$StringAsImmutableList                           : loaded 2 times (x 207B)
Class com.google.common.util.concurrent.UncheckedExecutionException                   : loaded 2 times (x 82B)
Class org.gradle.kotlin.dsl.VersionCatalogAccessorsKt                                 : loaded 2 times (x 71B)
Class com.google.common.collect.AbstractMapBasedMultimap$KeySet$1                     : loaded 2 times (x 82B)
Class org.objectweb.asm.ClassWriter                                                   : loaded 2 times (x 106B)
Class com.google.common.base.CharMatcher$And                                          : loaded 2 times (x 112B)
Class com.google.common.cache.CacheLoader$UnsupportedLoadingOperationException        : loaded 2 times (x 82B)
Class com.google.common.base.Objects                                                  : loaded 2 times (x 71B)
Class org.objectweb.asm.FieldVisitor                                                  : loaded 2 times (x 77B)
Class com.google.common.collect.IndexedImmutableSet                                   : loaded 2 times (x 152B)
Class com.google.common.collect.ImmutableMap$1                                        : loaded 2 times (x 81B)
Class com.google.common.collect.BiMap                                                 : loaded 2 times (x 70B)
Class org.gradle.api.internal.classpath.DefaultModuleRegistry$DefaultModule           : loaded 2 times (x 82B)
Class com.google.common.primitives.Ints                                               : loaded 2 times (x 71B)
Class com.google.common.collect.AbstractIterator                                      : loaded 2 times (x 82B)
Class com.google.common.collect.ObjectArrays                                          : loaded 2 times (x 71B)
Class com.google.common.math.MathPreconditions                                        : loaded 2 times (x 71B)
Class com.google.common.collect.Multiset                                              : loaded 2 times (x 70B)
Class com.google.common.collect.ArrayListMultimapGwtSerializationDependencies         : loaded 2 times (x 172B)
Class com.google.common.collect.AbstractIndexedListIterator                           : loaded 2 times (x 96B)
Class com.google.common.collect.ImmutableMapEntrySet                                  : loaded 2 times (x 152B)
Class org.gradle.api.internal.classpath.Module                                        : loaded 2 times (x 70B)
Class com.google.common.cache.Weigher                                                 : loaded 2 times (x 70B)
Class org.gradle.api.internal.classpath.UnknownModuleException                        : loaded 2 times (x 82B)
Class com.google.common.base.Stopwatch                                                : loaded 2 times (x 72B)
Class com.google.common.cache.LocalCache$Strength                                     : loaded 2 times (x 81B)
Class com.google.common.cache.Cache                                                   : loaded 2 times (x 70B)
Class com.google.common.base.NullnessCasts                                            : loaded 2 times (x 71B)
Class com.google.common.util.concurrent.AbstractFuture$Cancellation                   : loaded 2 times (x 72B)
Class com.google.common.collect.ImmutableMap$Builder                                  : loaded 2 times (x 82B)
Class com.google.common.collect.AbstractMapBasedMultimap$WrappedCollection$WrappedIterator: loaded 2 times (x 84B)
Class com.google.common.cache.RemovalListener                                         : loaded 2 times (x 70B)
Class org.gradle.api.internal.DefaultClassPathRegistry                                : loaded 2 times (x 76B)
Class com.google.common.primitives.IntsMethodsForWeb                                  : loaded 2 times (x 71B)
Class com.google.common.collect.Multimap                                              : loaded 2 times (x 70B)
Class org.gradle.internal.classpath.DefaultClassPath$ImmutableUniqueList              : loaded 2 times (x 199B)
Class org.gradle.api.internal.ClassPathRegistry                                       : loaded 2 times (x 70B)
Class com.google.common.collect.MapMakerInternalMap$Segment                           : loaded 2 times (x 142B)
Class com.google.common.base.ExtraObjectsMethodsForWeb                                : loaded 2 times (x 71B)
Class org.gradle.internal.classpath.TransformedClassPath                              : loaded 2 times (x 96B)
Class com.google.common.io.ByteSink                                                   : loaded 2 times (x 76B)
Class com.google.common.cache.CacheBuilder                                            : loaded 2 times (x 72B)
Class com.google.common.collect.SingletonImmutableList                                : loaded 2 times (x 207B)
Class Settings_gradle$1                                                               : loaded 2 times (x 74B)
Class org.gradle.internal.classpath.ClassPath                                         : loaded 2 times (x 70B)
Class com.google.common.collect.Interners$InternerBuilder                             : loaded 2 times (x 76B)
Class com.google.common.io.Files$FileByteSource                                       : loaded 2 times (x 85B)
Class com.google.common.base.JdkPattern                                               : loaded 2 times (x 75B)
Class com.google.common.collect.ImmutableList$ReverseImmutableList                    : loaded 2 times (x 209B)
Class org.objectweb.asm.SymbolTable$Entry                                             : loaded 2 times (x 74B)
Class org.gradle.api.internal.classpath.DefaultModuleRegistry$DefaultModuleAlias      : loaded 2 times (x 80B)
Class org.objectweb.asm.Edge                                                          : loaded 2 times (x 72B)
Class com.google.common.base.Suppliers$SupplierOfInstance                             : loaded 2 times (x 79B)
Class com.google.common.collect.Iterators$1                                           : loaded 2 times (x 81B)
Class com.google.common.cache.LocalCache$ComputingValueReference                      : loaded 2 times (x 96B)
Class com.google.common.collect.SingletonImmutableSet                                 : loaded 2 times (x 146B)
Class com.google.common.collect.ImmutableMap$IteratorBasedImmutableMap                : loaded 2 times (x 126B)
Class com.google.common.cache.LocalCache$Segment                                      : loaded 2 times (x 154B)
Class com.google.common.collect.AbstractListMultimap                                  : loaded 2 times (x 172B)
Class [Lorg.objectweb.asm.SymbolTable$Entry;                                          : loaded 2 times (x 69B)
Class com.google.common.cache.CacheLoader                                             : loaded 2 times (x 74B)
Class com.google.common.collect.Iterators$4                                           : loaded 2 times (x 82B)
Class com.google.common.collect.ImmutableBiMap                                        : loaded 2 times (x 143B)
Class org.gradle.api.internal.classpath.ModuleRegistry                                : loaded 2 times (x 70B)
Class org.gradle.internal.installation.GradleInstallation$1                           : loaded 2 times (x 75B)
Class com.google.common.base.Splitter$SplittingIterator                               : loaded 2 times (x 84B)
Class com.google.common.collect.ImmutableSet$JdkBackedSetBuilderImpl                  : loaded 2 times (x 76B)
Class com.google.common.util.concurrent.internal.InternalFutureFailureAccess          : loaded 2 times (x 72B)
Class com.google.common.collect.Iterators$5                                           : loaded 2 times (x 82B)
Class com.google.common.base.CharMatcher$ForPredicate                                 : loaded 2 times (x 112B)
Class com.google.common.cache.LocalCache$LocalManualCache$1                           : loaded 2 times (x 75B)
Class ijKotlinCoroutineJvmDebugInit1_7ur5bwen8i9sx3ssfdbh6sgvx$_run_closure1$_closure2: loaded 2 times (x 139B)
Class com.google.common.base.CharMatcher$AnyOf                                        : loaded 2 times (x 112B)
Class com.google.common.collect.ImmutableCollection                                   : loaded 2 times (x 125B)
Class org.gradle.api.internal.classpath.DefaultModuleRegistry                         : loaded 2 times (x 84B)
Class com.google.common.collect.Lists                                                 : loaded 2 times (x 71B)
Class com.google.common.util.concurrent.ListenableFuture                              : loaded 2 times (x 70B)
Class com.google.common.cache.ReferenceEntry                                          : loaded 2 times (x 70B)
Class com.google.common.base.Converter                                                : loaded 2 times (x 90B)
Class com.google.common.collect.ImmutableSet$CachingAsList                            : loaded 2 times (x 148B)
Class com.google.common.collect.AbstractMapBasedMultimap                              : loaded 2 times (x 139B)
Class com.google.common.util.concurrent.AbstractFuture                                : loaded 2 times (x 106B)
Class com.google.common.base.FunctionalEquivalence                                    : loaded 2 times (x 83B)
Class com.google.common.collect.Iterators$9                                           : loaded 2 times (x 81B)
Class com.google.common.collect.ImmutableAsList                                       : loaded 2 times (x 209B)
Class org.objectweb.asm.RecordComponentVisitor                                        : loaded 2 times (x 77B)
Class com.google.common.cache.CacheLoader$SupplierToCacheLoader                       : loaded 2 times (x 75B)
Class com.google.common.collect.Maps$EntryTransformer                                 : loaded 2 times (x 70B)
Class org.gradle.internal.service.ServiceLookupException                              : loaded 2 times (x 82B)
Class [Lcom.google.common.cache.LocalCache$EntryFactory;                              : loaded 2 times (x 69B)
Class org.gradle.internal.classloader.ClassLoaderFactory                              : loaded 2 times (x 70B)
Class com.google.common.base.CommonPattern                                            : loaded 2 times (x 74B)
Class com.google.common.base.CharMatcher$IsNot                                        : loaded 2 times (x 111B)
Class com.google.common.cache.LocalCache$LocalManualCache                             : loaded 2 times (x 99B)
Class org.gradle.internal.service.CachingServiceLocator                               : loaded 2 times (x 82B)
Class com.google.common.collect.AbstractMapBasedMultimap$KeySet                       : loaded 2 times (x 137B)
Class com.google.common.math.IntMath                                                  : loaded 2 times (x 71B)
Class com.google.common.collect.MapMakerInternalMap$InternalEntry                     : loaded 2 times (x 70B)
Class com.google.common.collect.ImmutableMapEntry                                     : loaded 2 times (x 85B)
Class com.google.common.base.Equivalence                                              : loaded 2 times (x 82B)
Class com.google.common.base.Function                                                 : loaded 2 times (x 70B)
Class com.google.common.collect.ImmutableMapEntry$NonTerminalImmutableMapEntry        : loaded 2 times (x 85B)
Class com.google.common.collect.IndexedImmutableSet$1                                 : loaded 2 times (x 213B)
Class com.google.common.cache.CacheBuilder$OneWeigher                                 : loaded 2 times (x 82B)
Class com.google.common.collect.RegularImmutableList                                  : loaded 2 times (x 213B)
Class org.gradle.internal.classloader.ClasspathUtil                                   : loaded 2 times (x 71B)
Class com.google.common.util.concurrent.Uninterruptibles                              : loaded 2 times (x 71B)
Class com.google.common.util.concurrent.LazyLogger                                    : loaded 2 times (x 72B)
Class com.google.common.collect.Maps                                                  : loaded 2 times (x 71B)
Class org.gradle.api.specs.Spec                                                       : loaded 2 times (x 70B)
Class com.google.common.collect.MapMaker                                              : loaded 2 times (x 72B)
Class [Lcom.google.common.collect.ImmutableEntry;                                     : loaded 2 times (x 69B)
Class com.google.common.cache.LocalCache$LoadingValueReference                        : loaded 2 times (x 96B)
Class com.google.common.collect.MapMakerInternalMap$StrongKeyDummyValueEntry          : loaded 2 times (x 82B)
Class com.google.common.base.Platform                                                 : loaded 2 times (x 71B)
Class com.google.common.collect.AbstractMapBasedMultimap$WrappedList                  : loaded 2 times (x 205B)
Class [Lorg.objectweb.asm.AnnotationWriter;                                           : loaded 2 times (x 69B)
Class com.google.common.collect.Maps$8                                                : loaded 2 times (x 82B)
Class [Lcom.google.common.collect.Iterators$EmptyModifiableIterator;                  : loaded 2 times (x 69B)
Class com.google.common.collect.Sets$SetView                                          : loaded 2 times (x 138B)
Class com.google.common.cache.LocalCache$StrongValueReference                         : loaded 2 times (x 90B)
Class com.google.common.graph.SuccessorsFunction                                      : loaded 2 times (x 70B)
Class org.objectweb.asm.Type                                                          : loaded 2 times (x 72B)
Class org.gradle.internal.classloader.VisitableURLClassLoader$InstrumentingVisitableURLClassLoader: loaded 2 times (x 123B)
Class com.google.common.collect.MapMakerInternalMap$StrongKeyDummyValueEntry$Helper   : loaded 2 times (x 79B)
Class com.google.common.io.Files$FileByteSink                                         : loaded 2 times (x 77B)
Class com.google.common.math.IntMath$1                                                : loaded 2 times (x 71B)
Class org.objectweb.asm.ByteVector                                                    : loaded 2 times (x 79B)
Class [Lcom.google.common.cache.CacheBuilder$NullListener;                            : loaded 2 times (x 69B)
Class org.gradle.internal.classloader.VisitableURLClassLoader$Spec                    : loaded 2 times (x 74B)
Class org.gradle.internal.classpath.DefaultClassPath                                  : loaded 2 times (x 90B)
Class com.google.common.base.AbstractIterator                                         : loaded 2 times (x 80B)
Class org.objectweb.asm.Symbol                                                        : loaded 2 times (x 73B)
Class ijKotlinCoroutineJvmDebugInit1_7ur5bwen8i9sx3ssfdbh6sgvx$_run_closure1          : loaded 2 times (x 139B)
Class com.google.common.io.Closer                                                     : loaded 2 times (x 78B)
Class com.google.common.base.CharMatcher$BitSetMatcher                                : loaded 2 times (x 112B)
Class com.google.common.collect.RegularImmutableMap$Values                            : loaded 2 times (x 207B)
Class com.google.common.collect.ImmutableSet                                          : loaded 2 times (x 145B)
Class org.gradle.internal.classloader.ClassLoaderSpec                                 : loaded 2 times (x 71B)
Class org.objectweb.asm.AnnotationWriter                                              : loaded 2 times (x 79B)
Class com.google.common.cache.CacheStats                                              : loaded 2 times (x 71B)
Class com.google.common.collect.Interners                                             : loaded 2 times (x 71B)
Class com.google.common.io.Closer$Suppressor                                          : loaded 2 times (x 70B)
Class com.google.common.io.LineProcessor                                              : loaded 2 times (x 70B)
Class org.objectweb.asm.RecordComponentWriter                                         : loaded 2 times (x 78B)
Class com.google.common.util.concurrent.AbstractFuture$Listener                       : loaded 2 times (x 72B)
Class com.google.common.base.CharMatcher$Or                                           : loaded 2 times (x 112B)
Class Settings_gradle$1$1                                                             : loaded 2 times (x 74B)
Class ijKotlinCoroutineJvmDebugInit1_7ur5bwen8i9sx3ssfdbh6sgvx                        : loaded 2 times (x 171B)
Class org.gradle.api.internal.classpath.Module$ModuleAlias                            : loaded 2 times (x 70B)
Class org.objectweb.asm.Attribute                                                     : loaded 2 times (x 77B)
Class com.google.common.base.Supplier                                                 : loaded 2 times (x 70B)
Class org.gradle.internal.classloader.VisitableURLClassLoader                         : loaded 2 times (x 117B)
Class Settings_gradle                                                                 : loaded 2 times (x 124B)
Class org.gradle.internal.Cast                                                        : loaded 2 times (x 71B)
Class org.gradle.api.Action                                                           : loaded 2 times (x 70B)
Class com.google.common.collect.MapMakerInternalMap                                   : loaded 2 times (x 161B)
Class com.google.common.base.Strings                                                  : loaded 2 times (x 71B)
Class com.google.common.collect.Sets                                                  : loaded 2 times (x 71B)
Class org.objectweb.asm.Handler                                                       : loaded 2 times (x 72B)
Class com.google.common.base.CharMatcher$FastMatcher                                  : loaded 2 times (x 111B)
Class com.google.common.base.Ticker                                                   : loaded 2 times (x 72B)
Class [Lcom.google.common.cache.LocalCache$Segment;                                   : loaded 2 times (x 69B)
Class com.google.common.base.Predicate                                                : loaded 2 times (x 70B)
Class [Lcom.google.common.cache.LocalCache$Strength;                                  : loaded 2 times (x 69B)
Class com.google.common.cache.CacheBuilder$1                                          : loaded 2 times (x 85B)
Class com.google.common.collect.ImmutableMap                                          : loaded 2 times (x 120B)
Class org.gradle.internal.classpath.DefaultClassPath$ImmutableUniqueList$Builder      : loaded 2 times (x 75B)
Class com.google.common.collect.MapMakerInternalMap$WeakValueReference                : loaded 2 times (x 70B)
Class com.google.common.base.CharMatcher$NegatedFastMatcher                           : loaded 2 times (x 113B)
Class com.google.common.cache.LocalCache                                              : loaded 2 times (x 187B)
Class com.google.common.cache.CacheBuilder$2                                          : loaded 2 times (x 79B)
Class com.google.common.collect.ArrayListMultimap                                     : loaded 2 times (x 172B)
Class com.google.common.cache.CacheBuilder$3                                          : loaded 2 times (x 72B)
Class [Lcom.google.common.collect.AbstractMapEntry;                                   : loaded 2 times (x 69B)
Class com.google.common.collect.ImmutableEntry                                        : loaded 2 times (x 82B)
Class org.gradle.api.GradleException                                                  : loaded 2 times (x 82B)
Class com.google.common.base.Suppliers$MemoizingSupplier                              : loaded 2 times (x 79B)
Class com.google.common.collect.CollectPreconditions                                  : loaded 2 times (x 71B)
Class [Lcom.google.common.collect.MapMakerInternalMap$Strength;                       : loaded 2 times (x 69B)
Class [Lcom.google.common.io.FileWriteMode;                                           : loaded 2 times (x 69B)
Class com.google.common.collect.SortedMapDifference                                   : loaded 2 times (x 70B)
Class com.google.common.collect.MapMakerInternalMap$StrongKeyDummyValueSegment        : loaded 2 times (x 142B)
Class com.google.common.io.Files                                                      : loaded 2 times (x 71B)
Class com.google.common.cache.LocalCache$EntryFactory                                 : loaded 2 times (x 83B)
Class [Lcom.google.common.collect.MapMaker$Dummy;                                     : loaded 2 times (x 69B)
Class com.google.common.base.CharMatcher$Whitespace                                   : loaded 2 times (x 112B)
Class com.google.common.cache.LocalCache$AbstractReferenceEntry                       : loaded 2 times (x 107B)
Class org.gradle.internal.IoActions                                                   : loaded 2 times (x 71B)
Class com.google.common.collect.ImmutableMapKeySet                                    : loaded 2 times (x 152B)
Class org.objectweb.asm.SymbolTable                                                   : loaded 2 times (x 72B)
Class com.google.common.cache.CacheLoader$InvalidCacheLoadException                   : loaded 2 times (x 82B)
Class com.google.common.collect.ImmutableSet$RegularSetBuilderImpl                    : loaded 2 times (x 77B)
Class com.google.common.cache.LocalCache$StrongEntry                                  : loaded 2 times (x 108B)
Class com.google.common.util.concurrent.AbstractFuture$TrustedFuture                  : loaded 2 times (x 114B)
Class com.google.common.cache.LoadingCache                                            : loaded 2 times (x 70B)
Class com.google.common.io.ByteStreams$LimitedInputStream                             : loaded 2 times (x 92B)
Class com.google.common.base.Suppliers$NonSerializableMemoizingSupplier               : loaded 2 times (x 79B)
Class org.objectweb.asm.MethodWriter                                                  : loaded 2 times (x 106B)
Class [Lcom.google.common.cache.Weigher;                                              : loaded 2 times (x 69B)
Class com.google.common.collect.RegularImmutableMap$BucketOverflowException           : loaded 2 times (x 82B)
Class com.google.common.collect.AbstractMapBasedMultimap$RandomAccessWrappedList      : loaded 2 times (x 205B)
Class com.google.common.collect.RegularImmutableBiMap                                 : loaded 2 times (x 149B)
Class com.google.common.base.CharMatcher$Negated                                      : loaded 2 times (x 113B)
Class com.google.common.base.CharMatcher$Is                                           : loaded 2 times (x 111B)
Class com.google.common.cache.LocalCache$ValueReference                               : loaded 2 times (x 70B)
Class com.google.common.base.PatternCompiler                                          : loaded 2 times (x 70B)
Class com.google.common.util.concurrent.AbstractFuture$Failure                        : loaded 2 times (x 72B)
Class com.google.common.base.Equivalence$Equals                                       : loaded 2 times (x 82B)
Class com.google.common.collect.Hashing                                               : loaded 2 times (x 71B)
Class com.google.common.base.Preconditions                                            : loaded 2 times (x 71B)
Class com.google.common.io.CharSink                                                   : loaded 2 times (x 79B)
Class com.google.common.base.Joiner$1                                                 : loaded 2 times (x 80B)
Class org.objectweb.asm.Label                                                         : loaded 2 times (x 73B)
Class org.objectweb.asm.CurrentFrame                                                  : loaded 2 times (x 73B)
Class org.objectweb.asm.ClassTooLargeException                                        : loaded 2 times (x 83B)
Class com.google.common.base.CharMatcher                                              : loaded 2 times (x 111B)
Class com.google.common.collect.PeekingIterator                                       : loaded 2 times (x 70B)
Class com.google.common.collect.MapMakerInternalMap$InternalEntryHelper               : loaded 2 times (x 70B)
Class com.google.common.collect.Table                                                 : loaded 2 times (x 70B)
Class com.google.common.collect.Maps$IteratorBasedAbstractMap                         : loaded 2 times (x 125B)
Class com.google.common.base.Joiner$2                                                 : loaded 2 times (x 79B)
Class org.objectweb.asm.Frame                                                         : loaded 2 times (x 73B)
Class org.objectweb.asm.MethodVisitor                                                 : loaded 2 times (x 105B)
Class com.google.common.base.CharMatcher$NamedFastMatcher                             : loaded 2 times (x 112B)
Class com.google.common.base.CharMatcher$1                                            : loaded 2 times (x 113B)
Class com.google.common.cache.LocalCache$EntryFactory$1                               : loaded 2 times (x 83B)
Class [Lcom.google.common.cache.RemovalListener;                                      : loaded 2 times (x 69B)
Class com.google.common.cache.LocalCache$EntryFactory$2                               : loaded 2 times (x 83B)
Class org.objectweb.asm.ModuleWriter                                                  : loaded 2 times (x 82B)
Class com.google.common.cache.LocalCache$EntryFactory$3                               : loaded 2 times (x 83B)
Class com.google.common.base.Ticker$1                                                 : loaded 2 times (x 72B)
Class com.google.common.collect.Maps$BiMapConverter                                   : loaded 2 times (x 90B)
Class com.google.common.collect.ImmutableMapEntrySet$RegularEntrySet                  : loaded 2 times (x 152B)
Class com.google.common.collect.ImmutableSet$Builder                                  : loaded 2 times (x 85B)
Class com.google.common.base.CharMatcher$InRange                                      : loaded 2 times (x 111B)
Class com.google.common.cache.LocalCache$EntryFactory$4                               : loaded 2 times (x 83B)
Class com.google.common.io.ByteStreams$1                                              : loaded 2 times (x 85B)
Class com.google.common.cache.LocalCache$EntryFactory$5                               : loaded 2 times (x 83B)
Class com.google.common.base.Equivalence$Identity                                     : loaded 2 times (x 82B)
Class com.google.common.cache.LocalCache$EntryFactory$6                               : loaded 2 times (x 83B)
Class org.gradle.internal.installation.CurrentGradleInstallationLocator               : loaded 2 times (x 71B)
Class com.google.common.collect.Maps$KeySet                                           : loaded 2 times (x 137B)
Class com.google.common.collect.ImmutableSet$EmptySetBuilderImpl                      : loaded 2 times (x 76B)
Class com.google.common.cache.LocalCache$EntryFactory$7                               : loaded 2 times (x 83B)
Class com.google.common.collect.ImmutableList                                         : loaded 2 times (x 206B)
Class ijJvmDebugger1_858lgih2bb2q0e27cpsinjh49                                        : loaded 2 times (x 171B)
Class org.gradle.internal.service.DefaultServiceLocator                               : loaded 2 times (x 83B)
Class com.google.common.collect.Maps$EntrySet                                         : loaded 2 times (x 136B)
Class com.google.common.cache.LocalCache$EntryFactory$8                               : loaded 2 times (x 83B)
Class com.google.common.collect.ImmutableSet$SetBuilderImpl                           : loaded 2 times (x 76B)
Class org.gradle.internal.installation.CurrentGradleInstallation                      : loaded 2 times (x 73B)
Class com.google.common.cache.CacheLoader$1                                           : loaded 2 times (x 75B)
Class com.google.common.collect.ForwardingObject                                      : loaded 2 times (x 72B)
Class com.google.common.collect.ImmutableList$SubList                                 : loaded 2 times (x 209B)
Class org.gradle.util.internal.GUtil                                                  : loaded 2 times (x 71B)
Class com.google.common.io.ByteSource                                                 : loaded 2 times (x 84B)
Class com.google.common.cache.AbstractCache$StatsCounter                              : loaded 2 times (x 70B)
Class com.google.common.collect.MapMakerInternalMap$1                                 : loaded 2 times (x 83B)
Class com.google.common.collect.Iterators$MergingIterator                             : loaded 2 times (x 81B)
Class com.google.common.collect.RegularImmutableSet                                   : loaded 2 times (x 149B)
Class org.gradle.internal.installation.GradleInstallation                             : loaded 2 times (x 75B)
Class com.google.common.base.Splitter$Strategy                                        : loaded 2 times (x 70B)
Class com.google.common.collect.Iterables                                             : loaded 2 times (x 71B)

---------------  S Y S T E M  ---------------

OS:
 Windows 11 , 64 bit Build 26100 (10.0.26100.6725)
OS uptime: 0 days 1:27 hours
Hyper-V role detected

CPU: total 4 (initial active 4) (4 cores per cpu, 2 threads per core) family 6 model 142 stepping 10 microcode 0xf4, cx8, cmov, fxsr, ht, mmx, 3dnowpref, sse, sse2, sse3, ssse3, sse4.1, sse4.2, popcnt, lzcnt, tsc, tscinvbit, avx, avx2, aes, erms, clmul, bmi1, bmi2, rtm, adx, fma, vzeroupper, clflush, clflushopt, hv, rdtscp, f16c
Processor Information for the first 4 processors :
  Max Mhz: 1896, Current Mhz: 1896, Mhz Limit: 1896

Memory: 4k page, system-wide physical 8050M (861M free)
TotalPageFile size 8050M (AvailPageFile size 22M)
current process WorkingSet (physical memory assigned to process): 560M, peak: 563M
current process commit charge ("private bytes"): 614M, peak: 796M

vm_info: OpenJDK 64-Bit Server VM (21.0.10+-14961533-b1163.108) for windows-amd64 JRE (21.0.10+-14961533-b1163.108), built on 2026-03-02T19:58:50Z by "builder" with MS VC++ 16.10 / 16.11 (VS2019)

END.
