#
# There is insufficient memory for the Java Runtime Environment to continue.
# Native memory allocation (mmap) failed to map 27262976 bytes. Error detail: G1 virtual space
# Possible reasons:
#   The system is out of physical RAM or swap space
#   This process is running with CompressedOops enabled, and the Java Heap may be blocking the growth of the native heap
# Possible solutions:
#   Reduce memory load on the system
#   Increase physical memory or swap space
#   Check if swap backing store is full
#   Decrease Java heap size (-Xmx/-Xms)
#   Decrease number of Java threads
#   Decrease Java thread stack sizes (-Xss)
#   Set larger code cache with -XX:ReservedCodeCacheSize=
#   JVM is running with Unscaled Compressed Oops mode in which the Java heap is
#     placed in the first 4GB address space. The Java Heap base address is the
#     maximum limit for the native heap growth. Please use -XX:HeapBaseMinAddress
#     to set the Java Heap base and to place the Java Heap above 4GB virtual address.
# This output file may be truncated or incomplete.
#
#  Out of Memory Error (os_windows.cpp:3926), pid=15660, tid=17392
#
# JRE version: OpenJDK Runtime Environment (21.0.10) (build 21.0.10+-14961533-b1163.108)
# Java VM: OpenJDK 64-Bit Server VM (21.0.10+-14961533-b1163.108, mixed mode, tiered, compressed oops, compressed class ptrs, g1 gc, windows-amd64)
# No core dump will be written. Minidumps are not enabled by default on client versions of Windows
#

---------------  S U M M A R Y ------------

Command Line: --add-opens=java.base/java.lang=ALL-UNNAMED --add-opens=java.base/java.lang.invoke=ALL-UNNAMED --add-opens=java.base/java.util=ALL-UNNAMED --add-opens=java.prefs/java.util.prefs=ALL-UNNAMED --add-exports=jdk.compiler/com.sun.tools.javac.api=ALL-UNNAMED --add-exports=jdk.compiler/com.sun.tools.javac.util=ALL-UNNAMED --add-opens=java.base/java.util=ALL-UNNAMED --add-opens=java.prefs/java.util.prefs=ALL-UNNAMED --add-opens=java.base/java.nio.charset=ALL-UNNAMED --add-opens=java.base/java.net=ALL-UNNAMED --add-opens=java.base/java.util.concurrent=ALL-UNNAMED --add-opens=java.base/java.util.concurrent.atomic=ALL-UNNAMED --add-opens=java.xml/javax.xml.namespace=ALL-UNNAMED --add-opens=java.base/java.time=ALL-UNNAMED -Xmx2048m -Dfile.encoding=UTF-8 -Duser.country=IN -Duser.language=en -Duser.variant -javaagent:C:\Users\DELL\.gradle\wrapper\dists\gradle-9.4.1-bin\arn2x92ynaizyzdaamcbpbhtj\gradle-9.4.1\lib\agents\gradle-instrumentation-agent-9.4.1.jar org.gradle.launcher.daemon.bootstrap.GradleDaemon 9.4.1

Host: Intel(R) Core(TM) i5-8350U CPU @ 1.70GHz, 4 cores, 7G,  Windows 11 , 64 bit Build 26100 (10.0.26100.6725)
Time: Fri May 29 21:35:40 2026 India Standard Time elapsed time: 29.616754 seconds (0d 0h 0m 29s)

---------------  T H R E A D  ---------------

Current thread (0x000001fc7edc3390):  VMThread "VM Thread"          [id=17392, stack(0x0000009d5ba00000,0x0000009d5bb00000) (1024K)]

Stack: [0x0000009d5ba00000,0x0000009d5bb00000]
Native frames: (J=compiled Java code, j=interpreted, Vv=VM code, C=native code)
V  [jvm.dll+0x6d78a9]
V  [jvm.dll+0x8665b3]
V  [jvm.dll+0x868bde]
V  [jvm.dll+0x8692c3]
V  [jvm.dll+0x280ee6]
V  [jvm.dll+0x6d4165]
V  [jvm.dll+0x6c77fa]
V  [jvm.dll+0x358f4b]
V  [jvm.dll+0x360bc6]
V  [jvm.dll+0x3b2ea6]
V  [jvm.dll+0x3b3178]
V  [jvm.dll+0x32b65c]
V  [jvm.dll+0x32e066]
V  [jvm.dll+0x337f3d]
V  [jvm.dll+0x36f6a5]
V  [jvm.dll+0x86f048]
V  [jvm.dll+0x870394]
V  [jvm.dll+0x8708d0]
V  [jvm.dll+0x870b63]
V  [jvm.dll+0x80fd28]
V  [jvm.dll+0x6d60fd]
C  [ucrtbase.dll+0x37b0]
C  [KERNEL32.DLL+0x2e8d7]
C  [ntdll.dll+0x8c53c]

VM_Operation (0x0000009d5b5ff3a0): G1PauseRemark, mode: safepoint, requested by thread 0x000001fc67fe72f0


---------------  P R O C E S S  ---------------

Threads class SMR info:
_java_thread_list=0x000001fc0a67cb50, length=53, elements={
0x000001fc65cc82c0, 0x000001fc7ef700e0, 0x000001fc7ef81340, 0x000001fc7ef75930,
0x000001fc7ef98310, 0x000001fc7ef98d70, 0x000001fc7ef997d0, 0x000001fc7efab9e0,
0x000001fc7efb1350, 0x000001fc7efb1df0, 0x000001fc7f2c69b0, 0x000001fc04de74f0,
0x000001fc06367f00, 0x000001fc05d63b90, 0x000001fc066f9010, 0x000001fc045be2c0,
0x000001fc04b48910, 0x000001fc04b48f80, 0x000001fc05db8340, 0x000001fc05db7cb0,
0x000001fc05db89d0, 0x000001fc05db5550, 0x000001fc05db6270, 0x000001fc05db6900,
0x000001fc067fe650, 0x000001fc067fbef0, 0x000001fc067fece0, 0x000001fc067ff370,
0x000001fc06800090, 0x000001fc067fcc10, 0x000001fc067fd2a0, 0x000001fc06801ad0,
0x000001fc06803510, 0x000001fc06801440, 0x000001fc7f606cb0, 0x000001fc7f6086f0,
0x000001fc7f6079d0, 0x000001fc7f608060, 0x000001fc7f605270, 0x000001fc7f605f90,
0x000001fc05a97350, 0x000001fc05a99420, 0x000001fc08d571a0, 0x000001fc0972faf0,
0x000001fc05a9a140, 0x000001fc05a9ae60, 0x000001fc05a98d90, 0x000001fc08d5a620,
0x000001fc08d5b340, 0x000001fc0601aec0, 0x000001fc060180d0, 0x000001fc06018df0,
0x000001fc10b2afa0
}

Java Threads: ( => current thread )
  0x000001fc65cc82c0 JavaThread "main"                              [_thread_blocked, id=14848, stack(0x0000009d5b300000,0x0000009d5b400000) (1024K)]
  0x000001fc7ef700e0 JavaThread "Common-Cleaner"             daemon [_thread_blocked, id=14604, stack(0x0000009d5bb00000,0x0000009d5bc00000) (1024K)]
  0x000001fc7ef81340 JavaThread "Reference Handler"          daemon [_thread_blocked, id=13652, stack(0x0000009d5bc00000,0x0000009d5bd00000) (1024K)]
  0x000001fc7ef75930 JavaThread "Finalizer"                  daemon [_thread_blocked, id=12888, stack(0x0000009d5bd00000,0x0000009d5be00000) (1024K)]
  0x000001fc7ef98310 JavaThread "Signal Dispatcher"          daemon [_thread_blocked, id=3636, stack(0x0000009d5be00000,0x0000009d5bf00000) (1024K)]
  0x000001fc7ef98d70 JavaThread "Attach Listener"            daemon [_thread_blocked, id=7260, stack(0x0000009d5bf00000,0x0000009d5c000000) (1024K)]
  0x000001fc7ef997d0 JavaThread "Service Thread"             daemon [_thread_blocked, id=20744, stack(0x0000009d5c000000,0x0000009d5c100000) (1024K)]
  0x000001fc7efab9e0 JavaThread "Monitor Deflation Thread"   daemon [_thread_blocked, id=17052, stack(0x0000009d5c100000,0x0000009d5c200000) (1024K)]
  0x000001fc7efb1350 JavaThread "C2 CompilerThread0"         daemon [_thread_blocked, id=18488, stack(0x0000009d5c200000,0x0000009d5c300000) (1024K)]
  0x000001fc7efb1df0 JavaThread "C1 CompilerThread0"         daemon [_thread_blocked, id=17296, stack(0x0000009d5c300000,0x0000009d5c400000) (1024K)]
  0x000001fc7f2c69b0 JavaThread "Notification Thread"        daemon [_thread_blocked, id=20300, stack(0x0000009d5c400000,0x0000009d5c500000) (1024K)]
  0x000001fc04de74f0 JavaThread "Daemon health stats"               [_thread_blocked, id=12204, stack(0x0000009d5c900000,0x0000009d5ca00000) (1024K)]
  0x000001fc06367f00 JavaThread "Incoming local TCP Connector on port 62366"        [_thread_in_native, id=17400, stack(0x0000009d5ca00000,0x0000009d5cb00000) (1024K)]
  0x000001fc05d63b90 JavaThread "Daemon periodic checks"            [_thread_blocked, id=2420, stack(0x0000009d5cb00000,0x0000009d5cc00000) (1024K)]
  0x000001fc066f9010 JavaThread "Daemon"                            [_thread_blocked, id=20012, stack(0x0000009d5cc00000,0x0000009d5cd00000) (1024K)]
  0x000001fc045be2c0 JavaThread "Handler for socket connection from /127.0.0.1:62366 to /127.0.0.1:62367"        [_thread_in_native, id=2684, stack(0x0000009d5cd00000,0x0000009d5ce00000) (1024K)]
  0x000001fc04b48910 JavaThread "Cancel handler"                    [_thread_blocked, id=15192, stack(0x0000009d5ce00000,0x0000009d5cf00000) (1024K)]
  0x000001fc04b48f80 JavaThread "Daemon worker"                     [_thread_blocked, id=12884, stack(0x0000009d5cf00000,0x0000009d5d000000) (1024K)]
  0x000001fc05db8340 JavaThread "Asynchronous log dispatcher for DefaultDaemonConnection: socket connection from /127.0.0.1:62366 to /127.0.0.1:62367"        [_thread_blocked, id=3616, stack(0x0000009d5d000000,0x0000009d5d100000) (1024K)]
  0x000001fc05db7cb0 JavaThread "Stdin handler"                     [_thread_blocked, id=4720, stack(0x0000009d5d100000,0x0000009d5d200000) (1024K)]
  0x000001fc05db89d0 JavaThread "Daemon client event forwarder"        [_thread_blocked, id=18280, stack(0x0000009d5d200000,0x0000009d5d300000) (1024K)]
  0x000001fc05db5550 JavaThread "Cache worker for journal cache (C:\Users\DELL\.gradle\caches\journal-1)"        [_thread_blocked, id=4028, stack(0x0000009d5d300000,0x0000009d5d400000) (1024K)]
  0x000001fc05db6270 JavaThread "File lock request listener"        [_thread_in_native, id=5008, stack(0x0000009d5d400000,0x0000009d5d500000) (1024K)]
  0x000001fc05db6900 JavaThread "Cache worker for file hash cache (C:\Users\DELL\.gradle\caches\9.4.1\fileHashes)"        [_thread_blocked, id=19440, stack(0x0000009d5d500000,0x0000009d5d600000) (1024K)]
  0x000001fc067fe650 JavaThread "Cache worker for file hash cache (C:\Users\DELL\AndroidStudioProjects\firstapp\.gradle\9.4.1\fileHashes)"        [_thread_blocked, id=16652, stack(0x0000009d5d600000,0x0000009d5d700000) (1024K)]
  0x000001fc067fbef0 JavaThread "Cache worker for Build Output Cleanup Cache (C:\Users\DELL\AndroidStudioProjects\firstapp\.gradle\buildOutputCleanup)"        [_thread_blocked, id=14100, stack(0x0000009d5d700000,0x0000009d5d800000) (1024K)]
  0x000001fc067fece0 JavaThread "File watcher server"        daemon [_thread_blocked, id=584, stack(0x0000009d5d800000,0x0000009d5d900000) (1024K)]
  0x000001fc067ff370 JavaThread "File watcher consumer"      daemon [_thread_blocked, id=15912, stack(0x0000009d5d900000,0x0000009d5da00000) (1024K)]
  0x000001fc06800090 JavaThread "Cache worker for file content cache (C:\Users\DELL\.gradle\caches\9.4.1\fileContent)"        [_thread_blocked, id=18896, stack(0x0000009d5da00000,0x0000009d5db00000) (1024K)]
  0x000001fc067fcc10 JavaThread "Cache worker for checksums cache (C:\Users\DELL\AndroidStudioProjects\firstapp\.gradle\9.4.1\checksums)"        [_thread_blocked, id=6520, stack(0x0000009d5db00000,0x0000009d5dc00000) (1024K)]
  0x000001fc067fd2a0 JavaThread "Cache worker for cache directory md-supplier (C:\Users\DELL\.gradle\caches\9.4.1\md-supplier)"        [_thread_blocked, id=6940, stack(0x0000009d5dc00000,0x0000009d5dd00000) (1024K)]
  0x000001fc06801ad0 JavaThread "Cache worker for cache directory md-rule (C:\Users\DELL\.gradle\caches\9.4.1\md-rule)"        [_thread_blocked, id=19976, stack(0x0000009d5dd00000,0x0000009d5de00000) (1024K)]
  0x000001fc06803510 JavaThread "jar transforms"                    [_thread_blocked, id=284, stack(0x0000009d5de00000,0x0000009d5df00000) (1024K)]
  0x000001fc06801440 JavaThread "jar transforms Thread 2"           [_thread_blocked, id=6888, stack(0x0000009d5df00000,0x0000009d5e000000) (1024K)]
  0x000001fc7f606cb0 JavaThread "jar transforms Thread 3"           [_thread_blocked, id=14124, stack(0x0000009d5e000000,0x0000009d5e100000) (1024K)]
  0x000001fc7f6086f0 JavaThread "Build operations"                  [_thread_blocked, id=17356, stack(0x0000009d5e100000,0x0000009d5e200000) (1024K)]
  0x000001fc7f6079d0 JavaThread "Build operations Thread 2"         [_thread_blocked, id=6852, stack(0x0000009d5e200000,0x0000009d5e300000) (1024K)]
  0x000001fc7f608060 JavaThread "Build operations Thread 3"         [_thread_blocked, id=16200, stack(0x0000009d5e300000,0x0000009d5e400000) (1024K)]
  0x000001fc7f605270 JavaThread "Build operations Thread 4"         [_thread_blocked, id=8160, stack(0x0000009d5e400000,0x0000009d5e500000) (1024K)]
  0x000001fc7f605f90 JavaThread "jar transforms Thread 4"           [_thread_blocked, id=18148, stack(0x0000009d5e500000,0x0000009d5e600000) (1024K)]
  0x000001fc05a97350 JavaThread "build event listener"              [_thread_blocked, id=6764, stack(0x0000009d5c500000,0x0000009d5c600000) (1024K)]
  0x000001fc05a99420 JavaThread "Memory manager"                    [_thread_blocked, id=4284, stack(0x0000009d5e600000,0x0000009d5e700000) (1024K)]
  0x000001fc08d571a0 JavaThread "build event listener"              [_thread_blocked, id=16304, stack(0x0000009d5e800000,0x0000009d5e900000) (1024K)]
  0x000001fc0972faf0 JavaThread "C2 CompilerThread1"         daemon [_thread_blocked, id=20456, stack(0x0000009d5e700000,0x0000009d5e800000) (1024K)]
  0x000001fc05a9a140 JavaThread "pool-3-thread-1"                   [_thread_blocked, id=3048, stack(0x0000009d5e900000,0x0000009d5ea00000) (1024K)]
  0x000001fc05a9ae60 JavaThread "build event listener"              [_thread_blocked, id=17640, stack(0x0000009d5ea00000,0x0000009d5eb00000) (1024K)]
  0x000001fc05a98d90 JavaThread "included builds"                   [_thread_blocked, id=17532, stack(0x0000009d5eb00000,0x0000009d5ec00000) (1024K)]
  0x000001fc08d5a620 JavaThread "Execution worker"                  [_thread_blocked, id=9140, stack(0x0000009d5ec00000,0x0000009d5ed00000) (1024K)]
  0x000001fc08d5b340 JavaThread "Execution worker Thread 2"         [_thread_blocked, id=18024, stack(0x0000009d5ed00000,0x0000009d5ee00000) (1024K)]
  0x000001fc0601aec0 JavaThread "Execution worker Thread 3"         [_thread_blocked, id=13268, stack(0x0000009d5ee00000,0x0000009d5ef00000) (1024K)]
  0x000001fc060180d0 JavaThread "Cache worker for execution history cache (C:\Users\DELL\AndroidStudioProjects\firstapp\.gradle\9.4.1\executionHistory)"        [_thread_blocked, id=21340, stack(0x0000009d5ef00000,0x0000009d5f000000) (1024K)]
  0x000001fc06018df0 JavaThread "Cache worker for Java compile cache (C:\Users\DELL\.gradle\caches\9.4.1\javaCompile)"        [_thread_blocked, id=18596, stack(0x0000009d5f000000,0x0000009d5f100000) (1024K)]
  0x000001fc10b2afa0 JavaThread "Problems report writer"            [_thread_blocked, id=18516, stack(0x0000009d5f100000,0x0000009d5f200000) (1024K)]
Total: 53

Other Threads:
=>0x000001fc7edc3390 VMThread "VM Thread"                           [id=17392, stack(0x0000009d5ba00000,0x0000009d5bb00000) (1024K)]
  0x000001fc7ed737b0 WatcherThread "VM Periodic Task Thread"        [id=14588, stack(0x0000009d5b900000,0x0000009d5ba00000) (1024K)]
  0x000001fc67fd55b0 WorkerThread "GC Thread#0"                     [id=7996, stack(0x0000009d5b400000,0x0000009d5b500000) (1024K)]
  0x000001fc7edc3740 WorkerThread "GC Thread#1"                     [id=17124, stack(0x0000009d5c600000,0x0000009d5c700000) (1024K)]
  0x000001fc7edc3af0 WorkerThread "GC Thread#2"                     [id=21372, stack(0x0000009d5c700000,0x0000009d5c800000) (1024K)]
  0x000001fc7edc2fe0 WorkerThread "GC Thread#3"                     [id=15048, stack(0x0000009d5c800000,0x0000009d5c900000) (1024K)]
  0x000001fc67fe72f0 ConcurrentGCThread "G1 Main Marker"            [id=19400, stack(0x0000009d5b500000,0x0000009d5b600000) (1024K)]
  0x000001fc67fe84b0 WorkerThread "G1 Conc#0"                       [id=19176, stack(0x0000009d5b600000,0x0000009d5b700000) (1024K)]
  0x000001fc6803e4d0 ConcurrentGCThread "G1 Refine#0"               [id=17308, stack(0x0000009d5b700000,0x0000009d5b800000) (1024K)]
  0x000001fc7ec44170 ConcurrentGCThread "G1 Service"                [id=17424, stack(0x0000009d5b800000,0x0000009d5b900000) (1024K)]
Total: 10

Threads with active compile tasks:
C2 CompilerThread0  29651 15840       4       com.android.tools.r8.internal.sd4::b (82 bytes)
C2 CompilerThread1  29651 15830       4       com.android.tools.r8.internal.nv::a (4509 bytes)
Total: 2

VM state: at safepoint (normal execution)

VM Mutex/Monitor currently owned by a thread:  ([mutex/lock_event])
[0x00007fff763086d0] Threads_lock - owner thread: 0x000001fc7edc3390
[0x00007fff763087d0] Heap_lock - owner thread: 0x000001fc67fe72f0

Heap address: 0x0000000080000000, size: 2048 MB, Compressed Oops mode: 32-bit

CDS archive(s) not mapped
Compressed class space mapped at: 0x0000000100000000-0x0000000140000000, reserved size: 1073741824
Narrow klass base: 0x0000000000000000, Narrow klass shift: 3, Narrow klass range: 0x140000000

GC Precious Log:
 CardTable entry size: 512
 Card Set container configuration: InlinePtr #cards 5 size 8 Array Of Cards #cards 12 size 40 Howl #buckets 4 coarsen threshold 1843 Howl Bitmap #cards 512 size 80 coarsen threshold 460 Card regions per heap region 1 cards per card region 2048
 CPUs: 4 total, 4 available
 Memory: 8050M
 Large Page Support: Disabled
 NUMA Support: Disabled
 Compressed Oops: Enabled (32-bit)
 Heap Region Size: 1M
 Heap Min Capacity: 8M
 Heap Initial Capacity: 126M
 Heap Max Capacity: 2G
 Pre-touch: Disabled
 Parallel Workers: 4
 Concurrent Workers: 1
 Concurrent Refinement Workers: 4
 Periodic GC: Disabled

Heap:
 garbage-first heap   total 238592K, used 181754K [0x0000000080000000, 0x0000000100000000)
  region size 1024K, 33 young (33792K), 9 survivors (9216K)
 Metaspace       used 135557K, committed 138176K, reserved 1179648K
  class space    used 18944K, committed 20160K, reserved 1048576K

Heap Regions: E=young(eden), S=young(survivor), O=old, HS=humongous(starts), HC=humongous(continues), CS=collection set, F=free, TAMS=top-at-mark-start, PB=parsable bottom
|   0|0x0000000080000000, 0x0000000080100000, 0x0000000080100000|100%|HS|  |TAMS 0x0000000080100000| PB 0x0000000080000000| Complete 
|   1|0x0000000080100000, 0x0000000080200000, 0x0000000080200000|100%|HC|  |TAMS 0x0000000080200000| PB 0x0000000080100000| Complete 
|   2|0x0000000080200000, 0x0000000080300000, 0x0000000080300000|100%|HC|  |TAMS 0x0000000080300000| PB 0x0000000080200000| Complete 
|   3|0x0000000080300000, 0x0000000080400000, 0x0000000080400000|100%|HC|  |TAMS 0x0000000080400000| PB 0x0000000080300000| Complete 
|   4|0x0000000080400000, 0x0000000080500000, 0x0000000080500000|100%| O|  |TAMS 0x0000000080500000| PB 0x0000000080500000| Untracked 
|   5|0x0000000080500000, 0x0000000080600000, 0x0000000080600000|100%| O|  |TAMS 0x0000000080600000| PB 0x0000000080600000| Untracked 
|   6|0x0000000080600000, 0x0000000080700000, 0x0000000080700000|100%| O|  |TAMS 0x0000000080700000| PB 0x0000000080700000| Untracked 
|   7|0x0000000080700000, 0x0000000080800000, 0x0000000080800000|100%| O|  |TAMS 0x0000000080800000| PB 0x0000000080800000| Untracked 
|   8|0x0000000080800000, 0x0000000080900000, 0x0000000080900000|100%|HS|  |TAMS 0x0000000080900000| PB 0x0000000080800000| Complete 
|   9|0x0000000080900000, 0x0000000080a00000, 0x0000000080a00000|100%| O|  |TAMS 0x0000000080a00000| PB 0x0000000080a00000| Untracked 
|  10|0x0000000080a00000, 0x0000000080b00000, 0x0000000080b00000|100%| O|  |TAMS 0x0000000080b00000| PB 0x0000000080b00000| Untracked 
|  11|0x0000000080b00000, 0x0000000080c00000, 0x0000000080c00000|100%| O|  |TAMS 0x0000000080c00000| PB 0x0000000080c00000| Untracked 
|  12|0x0000000080c00000, 0x0000000080d00000, 0x0000000080d00000|100%| O|  |TAMS 0x0000000080d00000| PB 0x0000000080d00000| Untracked 
|  13|0x0000000080d00000, 0x0000000080e00000, 0x0000000080e00000|100%| O|  |TAMS 0x0000000080e00000| PB 0x0000000080e00000| Untracked 
|  14|0x0000000080e00000, 0x0000000080f00000, 0x0000000080f00000|100%| O|  |TAMS 0x0000000080f00000| PB 0x0000000080f00000| Untracked 
|  15|0x0000000080f00000, 0x0000000081000000, 0x0000000081000000|100%| O|  |TAMS 0x0000000081000000| PB 0x0000000081000000| Untracked 
|  16|0x0000000081000000, 0x0000000081100000, 0x0000000081100000|100%| O|  |TAMS 0x0000000081100000| PB 0x0000000081100000| Untracked 
|  17|0x0000000081100000, 0x0000000081200000, 0x0000000081200000|100%| O|  |TAMS 0x0000000081200000| PB 0x0000000081200000| Untracked 
|  18|0x0000000081200000, 0x0000000081300000, 0x0000000081300000|100%| O|  |TAMS 0x0000000081300000| PB 0x0000000081300000| Untracked 
|  19|0x0000000081300000, 0x0000000081400000, 0x0000000081400000|100%| O|  |TAMS 0x0000000081400000| PB 0x0000000081400000| Untracked 
|  20|0x0000000081400000, 0x0000000081500000, 0x0000000081500000|100%| O|  |TAMS 0x0000000081500000| PB 0x0000000081500000| Untracked 
|  21|0x0000000081500000, 0x0000000081600000, 0x0000000081600000|100%| O|  |TAMS 0x0000000081600000| PB 0x0000000081600000| Updating 
|  22|0x0000000081600000, 0x0000000081700000, 0x0000000081700000|100%| O|  |TAMS 0x0000000081700000| PB 0x0000000081700000| Untracked 
|  23|0x0000000081700000, 0x0000000081800000, 0x0000000081800000|100%| O|  |TAMS 0x0000000081800000| PB 0x0000000081800000| Untracked 
|  24|0x0000000081800000, 0x0000000081900000, 0x0000000081900000|100%| O|  |TAMS 0x0000000081900000| PB 0x0000000081900000| Updating 
|  25|0x0000000081900000, 0x0000000081a00000, 0x0000000081a00000|100%| O|  |TAMS 0x0000000081a00000| PB 0x0000000081a00000| Untracked 
|  26|0x0000000081a00000, 0x0000000081b00000, 0x0000000081b00000|100%| O|  |TAMS 0x0000000081b00000| PB 0x0000000081b00000| Updating 
|  27|0x0000000081b00000, 0x0000000081c00000, 0x0000000081c00000|100%| O|  |TAMS 0x0000000081c00000| PB 0x0000000081c00000| Updating 
|  28|0x0000000081c00000, 0x0000000081d00000, 0x0000000081d00000|100%| O|  |TAMS 0x0000000081d00000| PB 0x0000000081d00000| Untracked 
|  29|0x0000000081d00000, 0x0000000081e00000, 0x0000000081e00000|100%|HS|  |TAMS 0x0000000081e00000| PB 0x0000000081d00000| Complete 
|  30|0x0000000081e00000, 0x0000000081f00000, 0x0000000081f00000|100%|HC|  |TAMS 0x0000000081f00000| PB 0x0000000081e00000| Complete 
|  31|0x0000000081f00000, 0x0000000082000000, 0x0000000082000000|100%| O|  |TAMS 0x0000000082000000| PB 0x0000000082000000| Updating 
|  32|0x0000000082000000, 0x0000000082100000, 0x0000000082100000|100%| O|  |TAMS 0x0000000082100000| PB 0x0000000082100000| Untracked 
|  33|0x0000000082100000, 0x0000000082200000, 0x0000000082200000|100%| O|  |TAMS 0x0000000082200000| PB 0x0000000082200000| Untracked 
|  34|0x0000000082200000, 0x0000000082300000, 0x0000000082300000|100%| O|  |TAMS 0x0000000082300000| PB 0x0000000082300000| Untracked 
|  35|0x0000000082300000, 0x0000000082400000, 0x0000000082400000|100%| O|  |TAMS 0x0000000082400000| PB 0x0000000082400000| Untracked 
|  36|0x0000000082400000, 0x0000000082500000, 0x0000000082500000|100%| O|  |TAMS 0x0000000082500000| PB 0x0000000082500000| Untracked 
|  37|0x0000000082500000, 0x0000000082600000, 0x0000000082600000|100%| O|  |TAMS 0x0000000082600000| PB 0x0000000082600000| Untracked 
|  38|0x0000000082600000, 0x0000000082700000, 0x0000000082700000|100%| O|  |TAMS 0x0000000082700000| PB 0x0000000082700000| Untracked 
|  39|0x0000000082700000, 0x0000000082800000, 0x0000000082800000|100%| O|  |TAMS 0x0000000082800000| PB 0x0000000082800000| Updating 
|  40|0x0000000082800000, 0x0000000082900000, 0x0000000082900000|100%| O|  |TAMS 0x0000000082900000| PB 0x0000000082900000| Untracked 
|  41|0x0000000082900000, 0x0000000082a00000, 0x0000000082a00000|100%| O|  |TAMS 0x0000000082a00000| PB 0x0000000082a00000| Untracked 
|  42|0x0000000082a00000, 0x0000000082b00000, 0x0000000082b00000|100%| O|  |TAMS 0x0000000082b00000| PB 0x0000000082b00000| Untracked 
|  43|0x0000000082b00000, 0x0000000082c00000, 0x0000000082c00000|100%| O|  |TAMS 0x0000000082c00000| PB 0x0000000082c00000| Untracked 
|  44|0x0000000082c00000, 0x0000000082d00000, 0x0000000082d00000|100%| O|  |TAMS 0x0000000082d00000| PB 0x0000000082d00000| Untracked 
|  45|0x0000000082d00000, 0x0000000082e00000, 0x0000000082e00000|100%| O|  |TAMS 0x0000000082e00000| PB 0x0000000082e00000| Untracked 
|  46|0x0000000082e00000, 0x0000000082f00000, 0x0000000082f00000|100%| O|  |TAMS 0x0000000082f00000| PB 0x0000000082f00000| Updating 
|  47|0x0000000082f00000, 0x0000000083000000, 0x0000000083000000|100%| O|  |TAMS 0x0000000083000000| PB 0x0000000083000000| Untracked 
|  48|0x0000000083000000, 0x0000000083100000, 0x0000000083100000|100%| O|  |TAMS 0x0000000083100000| PB 0x0000000083100000| Updating 
|  49|0x0000000083100000, 0x0000000083200000, 0x0000000083200000|100%| O|  |TAMS 0x0000000083200000| PB 0x0000000083200000| Updating 
|  50|0x0000000083200000, 0x0000000083300000, 0x0000000083300000|100%|HS|  |TAMS 0x0000000083300000| PB 0x0000000083200000| Complete 
|  51|0x0000000083300000, 0x0000000083400000, 0x0000000083400000|100%|HS|  |TAMS 0x0000000083400000| PB 0x0000000083300000| Complete 
|  52|0x0000000083400000, 0x0000000083500000, 0x0000000083500000|100%|HS|  |TAMS 0x0000000083500000| PB 0x0000000083400000| Complete 
|  53|0x0000000083500000, 0x0000000083600000, 0x0000000083600000|100%|HC|  |TAMS 0x0000000083600000| PB 0x0000000083500000| Complete 
|  54|0x0000000083600000, 0x0000000083700000, 0x0000000083700000|100%|HS|  |TAMS 0x0000000083700000| PB 0x0000000083600000| Complete 
|  55|0x0000000083700000, 0x0000000083800000, 0x0000000083800000|100%|HS|  |TAMS 0x0000000083800000| PB 0x0000000083700000| Complete 
|  56|0x0000000083800000, 0x0000000083900000, 0x0000000083900000|100%| O|  |TAMS 0x0000000083900000| PB 0x0000000083900000| Untracked 
|  57|0x0000000083900000, 0x0000000083a00000, 0x0000000083a00000|100%|HS|  |TAMS 0x0000000083a00000| PB 0x0000000083900000| Complete 
|  58|0x0000000083a00000, 0x0000000083b00000, 0x0000000083b00000|100%|HS|  |TAMS 0x0000000083b00000| PB 0x0000000083a00000| Complete 
|  59|0x0000000083b00000, 0x0000000083c00000, 0x0000000083c00000|100%| O|  |TAMS 0x0000000083c00000| PB 0x0000000083c00000| Untracked 
|  60|0x0000000083c00000, 0x0000000083d00000, 0x0000000083d00000|100%| O|  |TAMS 0x0000000083d00000| PB 0x0000000083d00000| Untracked 
|  61|0x0000000083d00000, 0x0000000083e00000, 0x0000000083e00000|100%| O|  |TAMS 0x0000000083e00000| PB 0x0000000083e00000| Untracked 
|  62|0x0000000083e00000, 0x0000000083f00000, 0x0000000083f00000|100%| O|  |TAMS 0x0000000083f00000| PB 0x0000000083f00000| Untracked 
|  63|0x0000000083f00000, 0x0000000084000000, 0x0000000084000000|100%| O|  |TAMS 0x0000000084000000| PB 0x0000000084000000| Untracked 
|  64|0x0000000084000000, 0x0000000084100000, 0x0000000084100000|100%| O|  |TAMS 0x0000000084100000| PB 0x0000000084100000| Updating 
|  65|0x0000000084100000, 0x0000000084200000, 0x0000000084200000|100%|HS|  |TAMS 0x0000000084200000| PB 0x0000000084100000| Complete 
|  66|0x0000000084200000, 0x0000000084300000, 0x0000000084300000|100%|HC|  |TAMS 0x0000000084300000| PB 0x0000000084200000| Complete 
|  67|0x0000000084300000, 0x0000000084400000, 0x0000000084400000|100%| O|  |TAMS 0x0000000084400000| PB 0x0000000084400000| Untracked 
|  68|0x0000000084400000, 0x0000000084500000, 0x0000000084500000|100%| O|  |TAMS 0x0000000084500000| PB 0x0000000084500000| Untracked 
|  69|0x0000000084500000, 0x0000000084600000, 0x0000000084600000|100%| O|  |TAMS 0x0000000084600000| PB 0x0000000084600000| Untracked 
|  70|0x0000000084600000, 0x0000000084700000, 0x0000000084700000|100%|HS|  |TAMS 0x0000000084700000| PB 0x0000000084600000| Complete 
|  71|0x0000000084700000, 0x0000000084800000, 0x0000000084800000|100%| O|  |TAMS 0x0000000084800000| PB 0x0000000084800000| Untracked 
|  72|0x0000000084800000, 0x0000000084900000, 0x0000000084900000|100%| O|  |TAMS 0x0000000084900000| PB 0x0000000084900000| Untracked 
|  73|0x0000000084900000, 0x0000000084a00000, 0x0000000084a00000|100%| O|  |TAMS 0x0000000084a00000| PB 0x0000000084a00000| Untracked 
|  74|0x0000000084a00000, 0x0000000084b00000, 0x0000000084b00000|100%| O|  |TAMS 0x0000000084b00000| PB 0x0000000084b00000| Updating 
|  75|0x0000000084b00000, 0x0000000084c00000, 0x0000000084c00000|100%| O|  |TAMS 0x0000000084c00000| PB 0x0000000084c00000| Updating 
|  76|0x0000000084c00000, 0x0000000084d00000, 0x0000000084d00000|100%| O|  |TAMS 0x0000000084d00000| PB 0x0000000084d00000| Updating 
|  77|0x0000000084d00000, 0x0000000084e00000, 0x0000000084e00000|100%| O|  |TAMS 0x0000000084e00000| PB 0x0000000084e00000| Untracked 
|  78|0x0000000084e00000, 0x0000000084f00000, 0x0000000084f00000|100%| O|  |TAMS 0x0000000084f00000| PB 0x0000000084f00000| Updating 
|  79|0x0000000084f00000, 0x0000000085000000, 0x0000000085000000|100%| O|  |TAMS 0x0000000085000000| PB 0x0000000085000000| Untracked 
|  80|0x0000000085000000, 0x0000000085100000, 0x0000000085100000|100%| O|  |TAMS 0x0000000085100000| PB 0x0000000085100000| Untracked 
|  81|0x0000000085100000, 0x0000000085200000, 0x0000000085200000|100%| O|  |TAMS 0x0000000085200000| PB 0x0000000085200000| Untracked 
|  82|0x0000000085200000, 0x0000000085300000, 0x0000000085300000|100%| O|  |TAMS 0x0000000085300000| PB 0x0000000085300000| Untracked 
|  83|0x0000000085300000, 0x0000000085400000, 0x0000000085400000|100%| O|  |TAMS 0x0000000085400000| PB 0x0000000085400000| Untracked 
|  84|0x0000000085400000, 0x0000000085500000, 0x0000000085500000|100%| O|  |TAMS 0x0000000085500000| PB 0x0000000085500000| Untracked 
|  85|0x0000000085500000, 0x0000000085600000, 0x0000000085600000|100%| O|  |TAMS 0x0000000085600000| PB 0x0000000085600000| Untracked 
|  86|0x0000000085600000, 0x0000000085700000, 0x0000000085700000|100%| O|  |TAMS 0x0000000085700000| PB 0x0000000085700000| Untracked 
|  87|0x0000000085700000, 0x0000000085800000, 0x0000000085800000|100%| O|  |TAMS 0x0000000085800000| PB 0x0000000085800000| Untracked 
|  88|0x0000000085800000, 0x0000000085900000, 0x0000000085900000|100%| O|  |TAMS 0x0000000085900000| PB 0x0000000085900000| Untracked 
|  89|0x0000000085900000, 0x0000000085a00000, 0x0000000085a00000|100%| O|  |TAMS 0x0000000085a00000| PB 0x0000000085a00000| Untracked 
|  90|0x0000000085a00000, 0x0000000085b00000, 0x0000000085b00000|100%| O|  |TAMS 0x0000000085b00000| PB 0x0000000085b00000| Untracked 
|  91|0x0000000085b00000, 0x0000000085c00000, 0x0000000085c00000|100%| O|  |TAMS 0x0000000085c00000| PB 0x0000000085c00000| Untracked 
|  92|0x0000000085c00000, 0x0000000085d00000, 0x0000000085d00000|100%| O|  |TAMS 0x0000000085d00000| PB 0x0000000085d00000| Updating 
|  93|0x0000000085d00000, 0x0000000085e00000, 0x0000000085e00000|100%| O|  |TAMS 0x0000000085e00000| PB 0x0000000085e00000| Untracked 
|  94|0x0000000085e00000, 0x0000000085f00000, 0x0000000085f00000|100%| O|  |TAMS 0x0000000085f00000| PB 0x0000000085f00000| Untracked 
|  95|0x0000000085f00000, 0x0000000086000000, 0x0000000086000000|100%|HS|  |TAMS 0x0000000086000000| PB 0x0000000085f00000| Complete 
|  96|0x0000000086000000, 0x0000000086100000, 0x0000000086100000|100%| O|  |TAMS 0x0000000086100000| PB 0x0000000086100000| Updating 
|  97|0x0000000086100000, 0x0000000086200000, 0x0000000086200000|100%|HS|  |TAMS 0x0000000086200000| PB 0x0000000086100000| Complete 
|  98|0x0000000086200000, 0x0000000086300000, 0x0000000086300000|100%|HC|  |TAMS 0x0000000086300000| PB 0x0000000086200000| Complete 
|  99|0x0000000086300000, 0x0000000086400000, 0x0000000086400000|100%| O|  |TAMS 0x0000000086400000| PB 0x0000000086400000| Updating 
| 100|0x0000000086400000, 0x0000000086500000, 0x0000000086500000|100%| O|  |TAMS 0x0000000086500000| PB 0x0000000086500000| Untracked 
| 101|0x0000000086500000, 0x0000000086600000, 0x0000000086600000|100%| O|  |TAMS 0x0000000086600000| PB 0x0000000086600000| Untracked 
| 102|0x0000000086600000, 0x0000000086700000, 0x0000000086700000|100%| O|  |TAMS 0x0000000086700000| PB 0x0000000086700000| Untracked 
| 103|0x0000000086700000, 0x0000000086800000, 0x0000000086800000|100%| O|  |TAMS 0x0000000086800000| PB 0x0000000086800000| Untracked 
| 104|0x0000000086800000, 0x0000000086900000, 0x0000000086900000|100%| O|  |TAMS 0x0000000086900000| PB 0x0000000086900000| Untracked 
| 105|0x0000000086900000, 0x0000000086a00000, 0x0000000086a00000|100%| O|  |TAMS 0x0000000086a00000| PB 0x0000000086a00000| Untracked 
| 106|0x0000000086a00000, 0x0000000086b00000, 0x0000000086b00000|100%| O|  |TAMS 0x0000000086b00000| PB 0x0000000086b00000| Untracked 
| 107|0x0000000086b00000, 0x0000000086c00000, 0x0000000086c00000|100%| O|  |TAMS 0x0000000086c00000| PB 0x0000000086c00000| Untracked 
| 108|0x0000000086c00000, 0x0000000086d00000, 0x0000000086d00000|100%| O|  |TAMS 0x0000000086d00000| PB 0x0000000086d00000| Untracked 
| 109|0x0000000086d00000, 0x0000000086e00000, 0x0000000086e00000|100%| O|  |TAMS 0x0000000086e00000| PB 0x0000000086e00000| Updating 
| 110|0x0000000086e00000, 0x0000000086f00000, 0x0000000086f00000|100%| O|  |TAMS 0x0000000086f00000| PB 0x0000000086f00000| Untracked 
| 111|0x0000000086f00000, 0x0000000087000000, 0x0000000087000000|100%| O|  |TAMS 0x0000000087000000| PB 0x0000000087000000| Updating 
| 112|0x0000000087000000, 0x0000000087100000, 0x0000000087100000|100%| O|  |TAMS 0x0000000087100000| PB 0x0000000087100000| Updating 
| 113|0x0000000087100000, 0x0000000087200000, 0x0000000087200000|100%| O|  |TAMS 0x0000000087200000| PB 0x0000000087200000| Updating 
| 114|0x0000000087200000, 0x0000000087300000, 0x0000000087300000|100%| O|  |TAMS 0x0000000087300000| PB 0x0000000087300000| Updating 
| 115|0x0000000087300000, 0x0000000087400000, 0x0000000087400000|100%| O|  |TAMS 0x0000000087400000| PB 0x0000000087400000| Updating 
| 116|0x0000000087400000, 0x0000000087500000, 0x0000000087500000|100%| O|  |TAMS 0x0000000087500000| PB 0x0000000087500000| Updating 
| 117|0x0000000087500000, 0x0000000087600000, 0x0000000087600000|100%| O|  |TAMS 0x0000000087600000| PB 0x0000000087600000| Updating 
| 118|0x0000000087600000, 0x0000000087700000, 0x0000000087700000|100%| O|  |TAMS 0x0000000087600000| PB 0x0000000087600000| Untracked 
| 119|0x0000000087700000, 0x0000000087800000, 0x0000000087800000|100%| O|  |TAMS 0x0000000087700000| PB 0x0000000087700000| Untracked 
| 120|0x0000000087800000, 0x0000000087900000, 0x0000000087900000|100%| O|  |TAMS 0x0000000087800000| PB 0x0000000087800000| Untracked 
| 121|0x0000000087900000, 0x0000000087a00000, 0x0000000087a00000|100%| O|  |TAMS 0x0000000087900000| PB 0x0000000087900000| Untracked 
| 122|0x0000000087a00000, 0x0000000087b00000, 0x0000000087b00000|100%| O|  |TAMS 0x0000000087a00000| PB 0x0000000087a00000| Untracked 
| 123|0x0000000087b00000, 0x0000000087c00000, 0x0000000087c00000|100%| O|  |TAMS 0x0000000087c00000| PB 0x0000000087c00000| Untracked 
| 124|0x0000000087c00000, 0x0000000087d00000, 0x0000000087d00000|100%| O|  |TAMS 0x0000000087d00000| PB 0x0000000087d00000| Updating 
| 125|0x0000000087d00000, 0x0000000087e00000, 0x0000000087e00000|100%| O|  |TAMS 0x0000000087dc1640| PB 0x0000000087dc1640| Updating 
| 126|0x0000000087e00000, 0x0000000087f00000, 0x0000000087f00000|100%| O|  |TAMS 0x0000000087e00000| PB 0x0000000087e00000| Untracked 
| 127|0x0000000087f00000, 0x0000000088000000, 0x0000000088000000|100%| O|  |TAMS 0x0000000087f00000| PB 0x0000000087f00000| Untracked 
| 128|0x0000000088000000, 0x0000000088100000, 0x0000000088100000|100%| O|  |TAMS 0x0000000088000000| PB 0x0000000088000000| Untracked 
| 129|0x0000000088100000, 0x000000008817e890, 0x0000000088200000| 49%| O|  |TAMS 0x0000000088100000| PB 0x0000000088100000| Updating 
| 130|0x0000000088200000, 0x0000000088200000, 0x0000000088300000|  0%| F|  |TAMS 0x0000000088200000| PB 0x0000000088200000| Untracked 
| 131|0x0000000088300000, 0x0000000088300000, 0x0000000088400000|  0%| F|  |TAMS 0x0000000088300000| PB 0x0000000088300000| Untracked 
| 132|0x0000000088400000, 0x0000000088400000, 0x0000000088500000|  0%| F|  |TAMS 0x0000000088400000| PB 0x0000000088400000| Untracked 
| 133|0x0000000088500000, 0x0000000088500000, 0x0000000088600000|  0%| F|  |TAMS 0x0000000088500000| PB 0x0000000088500000| Untracked 
| 134|0x0000000088600000, 0x0000000088600000, 0x0000000088700000|  0%| F|  |TAMS 0x0000000088600000| PB 0x0000000088600000| Untracked 
| 135|0x0000000088700000, 0x0000000088700000, 0x0000000088800000|  0%| F|  |TAMS 0x0000000088700000| PB 0x0000000088700000| Untracked 
| 136|0x0000000088800000, 0x0000000088800000, 0x0000000088900000|  0%| F|  |TAMS 0x0000000088800000| PB 0x0000000088800000| Untracked 
| 137|0x0000000088900000, 0x0000000088900000, 0x0000000088a00000|  0%| F|  |TAMS 0x0000000088900000| PB 0x0000000088900000| Untracked 
| 138|0x0000000088a00000, 0x0000000088a00000, 0x0000000088b00000|  0%| F|  |TAMS 0x0000000088a00000| PB 0x0000000088a00000| Untracked 
| 139|0x0000000088b00000, 0x0000000088c00000, 0x0000000088c00000|100%| S|CS|TAMS 0x0000000088b00000| PB 0x0000000088b00000| Complete 
| 140|0x0000000088c00000, 0x0000000088d00000, 0x0000000088d00000|100%| S|CS|TAMS 0x0000000088c00000| PB 0x0000000088c00000| Complete 
| 141|0x0000000088d00000, 0x0000000088e00000, 0x0000000088e00000|100%| S|CS|TAMS 0x0000000088d00000| PB 0x0000000088d00000| Complete 
| 142|0x0000000088e00000, 0x0000000088f00000, 0x0000000088f00000|100%| S|CS|TAMS 0x0000000088e00000| PB 0x0000000088e00000| Complete 
| 143|0x0000000088f00000, 0x0000000089000000, 0x0000000089000000|100%| S|CS|TAMS 0x0000000088f00000| PB 0x0000000088f00000| Complete 
| 144|0x0000000089000000, 0x0000000089100000, 0x0000000089100000|100%| S|CS|TAMS 0x0000000089000000| PB 0x0000000089000000| Complete 
| 145|0x0000000089100000, 0x0000000089100000, 0x0000000089200000|  0%| F|  |TAMS 0x0000000089100000| PB 0x0000000089100000| Untracked 
| 146|0x0000000089200000, 0x0000000089200000, 0x0000000089300000|  0%| F|  |TAMS 0x0000000089200000| PB 0x0000000089200000| Untracked 
| 147|0x0000000089300000, 0x0000000089300000, 0x0000000089400000|  0%| F|  |TAMS 0x0000000089300000| PB 0x0000000089300000| Untracked 
| 148|0x0000000089400000, 0x0000000089400000, 0x0000000089500000|  0%| F|  |TAMS 0x0000000089400000| PB 0x0000000089400000| Untracked 
| 149|0x0000000089500000, 0x0000000089500000, 0x0000000089600000|  0%| F|  |TAMS 0x0000000089500000| PB 0x0000000089500000| Untracked 
| 150|0x0000000089600000, 0x0000000089600000, 0x0000000089700000|  0%| F|  |TAMS 0x0000000089600000| PB 0x0000000089600000| Untracked 
| 151|0x0000000089700000, 0x0000000089700000, 0x0000000089800000|  0%| F|  |TAMS 0x0000000089700000| PB 0x0000000089700000| Untracked 
| 152|0x0000000089800000, 0x0000000089800000, 0x0000000089900000|  0%| F|  |TAMS 0x0000000089800000| PB 0x0000000089800000| Untracked 
| 153|0x0000000089900000, 0x0000000089900000, 0x0000000089a00000|  0%| F|  |TAMS 0x0000000089900000| PB 0x0000000089900000| Untracked 
| 154|0x0000000089a00000, 0x0000000089b00000, 0x0000000089b00000|100%| S|CS|TAMS 0x0000000089a00000| PB 0x0000000089a00000| Complete 
| 155|0x0000000089b00000, 0x0000000089c00000, 0x0000000089c00000|100%| S|CS|TAMS 0x0000000089b00000| PB 0x0000000089b00000| Complete 
| 156|0x0000000089c00000, 0x0000000089d00000, 0x0000000089d00000|100%| S|CS|TAMS 0x0000000089c00000| PB 0x0000000089c00000| Complete 
| 157|0x0000000089d00000, 0x0000000089d00000, 0x0000000089e00000|  0%| F|  |TAMS 0x0000000089d00000| PB 0x0000000089d00000| Untracked 
| 158|0x0000000089e00000, 0x0000000089e00000, 0x0000000089f00000|  0%| F|  |TAMS 0x0000000089e00000| PB 0x0000000089e00000| Untracked 
| 159|0x0000000089f00000, 0x0000000089f00000, 0x000000008a000000|  0%| F|  |TAMS 0x0000000089f00000| PB 0x0000000089f00000| Untracked 
| 160|0x000000008a000000, 0x000000008a000000, 0x000000008a100000|  0%| F|  |TAMS 0x000000008a000000| PB 0x000000008a000000| Untracked 
| 161|0x000000008a100000, 0x000000008a100000, 0x000000008a200000|  0%| F|  |TAMS 0x000000008a100000| PB 0x000000008a100000| Untracked 
| 162|0x000000008a200000, 0x000000008a200000, 0x000000008a300000|  0%| F|  |TAMS 0x000000008a200000| PB 0x000000008a200000| Untracked 
| 163|0x000000008a300000, 0x000000008a300000, 0x000000008a400000|  0%| F|  |TAMS 0x000000008a300000| PB 0x000000008a300000| Untracked 
| 164|0x000000008a400000, 0x000000008a400000, 0x000000008a500000|  0%| F|  |TAMS 0x000000008a400000| PB 0x000000008a400000| Untracked 
| 165|0x000000008a500000, 0x000000008a500000, 0x000000008a600000|  0%| F|  |TAMS 0x000000008a500000| PB 0x000000008a500000| Untracked 
| 166|0x000000008a600000, 0x000000008a600000, 0x000000008a700000|  0%| F|  |TAMS 0x000000008a600000| PB 0x000000008a600000| Untracked 
| 167|0x000000008a700000, 0x000000008a700000, 0x000000008a800000|  0%| F|  |TAMS 0x000000008a700000| PB 0x000000008a700000| Untracked 
| 168|0x000000008a800000, 0x000000008a800000, 0x000000008a900000|  0%| F|  |TAMS 0x000000008a800000| PB 0x000000008a800000| Untracked 
| 169|0x000000008a900000, 0x000000008a900000, 0x000000008aa00000|  0%| F|  |TAMS 0x000000008a900000| PB 0x000000008a900000| Untracked 
| 170|0x000000008aa00000, 0x000000008aa00000, 0x000000008ab00000|  0%| F|  |TAMS 0x000000008aa00000| PB 0x000000008aa00000| Untracked 
| 171|0x000000008ab00000, 0x000000008ab00000, 0x000000008ac00000|  0%| F|  |TAMS 0x000000008ab00000| PB 0x000000008ab00000| Untracked 
| 172|0x000000008ac00000, 0x000000008ac00000, 0x000000008ad00000|  0%| F|  |TAMS 0x000000008ac00000| PB 0x000000008ac00000| Untracked 
| 173|0x000000008ad00000, 0x000000008ad00000, 0x000000008ae00000|  0%| F|  |TAMS 0x000000008ad00000| PB 0x000000008ad00000| Untracked 
| 174|0x000000008ae00000, 0x000000008ae00000, 0x000000008af00000|  0%| F|  |TAMS 0x000000008ae00000| PB 0x000000008ae00000| Untracked 
| 175|0x000000008af00000, 0x000000008af00000, 0x000000008b000000|  0%| F|  |TAMS 0x000000008af00000| PB 0x000000008af00000| Untracked 
| 176|0x000000008b000000, 0x000000008b000000, 0x000000008b100000|  0%| F|  |TAMS 0x000000008b000000| PB 0x000000008b000000| Untracked 
| 177|0x000000008b100000, 0x000000008b100000, 0x000000008b200000|  0%| F|  |TAMS 0x000000008b100000| PB 0x000000008b100000| Untracked 
| 178|0x000000008b200000, 0x000000008b200000, 0x000000008b300000|  0%| F|  |TAMS 0x000000008b200000| PB 0x000000008b200000| Untracked 
| 179|0x000000008b300000, 0x000000008b300000, 0x000000008b400000|  0%| F|  |TAMS 0x000000008b300000| PB 0x000000008b300000| Untracked 
| 180|0x000000008b400000, 0x000000008b400000, 0x000000008b500000|  0%| F|  |TAMS 0x000000008b400000| PB 0x000000008b400000| Untracked 
| 181|0x000000008b500000, 0x000000008b500000, 0x000000008b600000|  0%| F|  |TAMS 0x000000008b500000| PB 0x000000008b500000| Untracked 
| 182|0x000000008b600000, 0x000000008b600000, 0x000000008b700000|  0%| F|  |TAMS 0x000000008b600000| PB 0x000000008b600000| Untracked 
| 183|0x000000008b700000, 0x000000008b700000, 0x000000008b800000|  0%| F|  |TAMS 0x000000008b700000| PB 0x000000008b700000| Untracked 
| 184|0x000000008b800000, 0x000000008b800000, 0x000000008b900000|  0%| F|  |TAMS 0x000000008b800000| PB 0x000000008b800000| Untracked 
| 185|0x000000008b900000, 0x000000008b900000, 0x000000008ba00000|  0%| F|  |TAMS 0x000000008b900000| PB 0x000000008b900000| Untracked 
| 186|0x000000008ba00000, 0x000000008ba00000, 0x000000008bb00000|  0%| F|  |TAMS 0x000000008ba00000| PB 0x000000008ba00000| Untracked 
| 187|0x000000008bb00000, 0x000000008bb00000, 0x000000008bc00000|  0%| F|  |TAMS 0x000000008bb00000| PB 0x000000008bb00000| Untracked 
| 188|0x000000008bc00000, 0x000000008bc00000, 0x000000008bd00000|  0%| F|  |TAMS 0x000000008bc00000| PB 0x000000008bc00000| Untracked 
| 189|0x000000008bd00000, 0x000000008bd00000, 0x000000008be00000|  0%| F|  |TAMS 0x000000008bd00000| PB 0x000000008bd00000| Untracked 
| 190|0x000000008be00000, 0x000000008be00000, 0x000000008bf00000|  0%| F|  |TAMS 0x000000008be00000| PB 0x000000008be00000| Untracked 
| 191|0x000000008bf00000, 0x000000008bf00000, 0x000000008c000000|  0%| F|  |TAMS 0x000000008bf00000| PB 0x000000008bf00000| Untracked 
| 192|0x000000008c000000, 0x000000008c08cec8, 0x000000008c100000| 55%| E|  |TAMS 0x000000008c000000| PB 0x000000008c000000| Complete 
| 193|0x000000008c100000, 0x000000008c200000, 0x000000008c200000|100%| E|CS|TAMS 0x000000008c100000| PB 0x000000008c100000| Complete 
| 194|0x000000008c200000, 0x000000008c300000, 0x000000008c300000|100%| E|CS|TAMS 0x000000008c200000| PB 0x000000008c200000| Complete 
| 195|0x000000008c300000, 0x000000008c400000, 0x000000008c400000|100%| E|CS|TAMS 0x000000008c300000| PB 0x000000008c300000| Complete 
| 196|0x000000008c400000, 0x000000008c500000, 0x000000008c500000|100%| E|CS|TAMS 0x000000008c400000| PB 0x000000008c400000| Complete 
| 197|0x000000008c500000, 0x000000008c600000, 0x000000008c600000|100%| E|CS|TAMS 0x000000008c500000| PB 0x000000008c500000| Complete 
| 198|0x000000008c600000, 0x000000008c700000, 0x000000008c700000|100%| E|CS|TAMS 0x000000008c600000| PB 0x000000008c600000| Complete 
| 199|0x000000008c700000, 0x000000008c800000, 0x000000008c800000|100%| E|CS|TAMS 0x000000008c700000| PB 0x000000008c700000| Complete 
| 200|0x000000008c800000, 0x000000008c900000, 0x000000008c900000|100%| E|CS|TAMS 0x000000008c800000| PB 0x000000008c800000| Complete 
| 201|0x000000008c900000, 0x000000008ca00000, 0x000000008ca00000|100%| E|CS|TAMS 0x000000008c900000| PB 0x000000008c900000| Complete 
| 202|0x000000008ca00000, 0x000000008cb00000, 0x000000008cb00000|100%| E|CS|TAMS 0x000000008ca00000| PB 0x000000008ca00000| Complete 
| 203|0x000000008cb00000, 0x000000008cc00000, 0x000000008cc00000|100%| E|CS|TAMS 0x000000008cb00000| PB 0x000000008cb00000| Complete 
| 204|0x000000008cc00000, 0x000000008cd00000, 0x000000008cd00000|100%| E|CS|TAMS 0x000000008cc00000| PB 0x000000008cc00000| Complete 
| 205|0x000000008cd00000, 0x000000008ce00000, 0x000000008ce00000|100%| E|CS|TAMS 0x000000008cd00000| PB 0x000000008cd00000| Complete 
| 206|0x000000008ce00000, 0x000000008cf00000, 0x000000008cf00000|100%| E|CS|TAMS 0x000000008ce00000| PB 0x000000008ce00000| Complete 
| 207|0x000000008cf00000, 0x000000008d000000, 0x000000008d000000|100%| E|CS|TAMS 0x000000008cf00000| PB 0x000000008cf00000| Complete 
| 208|0x000000008d000000, 0x000000008d100000, 0x000000008d100000|100%| E|CS|TAMS 0x000000008d000000| PB 0x000000008d000000| Complete 
| 209|0x000000008d100000, 0x000000008d200000, 0x000000008d200000|100%| E|CS|TAMS 0x000000008d100000| PB 0x000000008d100000| Complete 
| 210|0x000000008d200000, 0x000000008d300000, 0x000000008d300000|100%| E|CS|TAMS 0x000000008d200000| PB 0x000000008d200000| Complete 
| 211|0x000000008d300000, 0x000000008d400000, 0x000000008d400000|100%| E|CS|TAMS 0x000000008d300000| PB 0x000000008d300000| Complete 
|2027|0x00000000feb00000, 0x00000000fec00000, 0x00000000fec00000|100%| O|  |TAMS 0x00000000fec00000| PB 0x00000000fec00000| Updating 
|2028|0x00000000fec00000, 0x00000000fec00000, 0x00000000fed00000|  0%| F|  |TAMS 0x00000000fec00000| PB 0x00000000fec00000| Untracked 
|2029|0x00000000fed00000, 0x00000000fee00000, 0x00000000fee00000|100%| O|  |TAMS 0x00000000fee00000| PB 0x00000000fee00000| Updating 
|2030|0x00000000fee00000, 0x00000000fef00000, 0x00000000fef00000|100%| O|  |TAMS 0x00000000fef00000| PB 0x00000000fef00000| Updating 
|2031|0x00000000fef00000, 0x00000000ff000000, 0x00000000ff000000|100%| O|  |TAMS 0x00000000ff000000| PB 0x00000000ff000000| Untracked 
|2032|0x00000000ff000000, 0x00000000ff100000, 0x00000000ff100000|100%| O|  |TAMS 0x00000000ff100000| PB 0x00000000ff100000| Untracked 
|2033|0x00000000ff100000, 0x00000000ff200000, 0x00000000ff200000|100%| O|  |TAMS 0x00000000ff200000| PB 0x00000000ff200000| Untracked 
|2034|0x00000000ff200000, 0x00000000ff300000, 0x00000000ff300000|100%| O|  |TAMS 0x00000000ff300000| PB 0x00000000ff300000| Untracked 
|2035|0x00000000ff300000, 0x00000000ff400000, 0x00000000ff400000|100%| O|  |TAMS 0x00000000ff400000| PB 0x00000000ff400000| Untracked 
|2036|0x00000000ff400000, 0x00000000ff500000, 0x00000000ff500000|100%| O|  |TAMS 0x00000000ff500000| PB 0x00000000ff500000| Untracked 
|2037|0x00000000ff500000, 0x00000000ff600000, 0x00000000ff600000|100%| O|  |TAMS 0x00000000ff600000| PB 0x00000000ff600000| Untracked 
|2038|0x00000000ff600000, 0x00000000ff700000, 0x00000000ff700000|100%| E|CS|TAMS 0x00000000ff600000| PB 0x00000000ff600000| Complete 
|2039|0x00000000ff700000, 0x00000000ff800000, 0x00000000ff800000|100%| O|  |TAMS 0x00000000ff800000| PB 0x00000000ff800000| Untracked 
|2040|0x00000000ff800000, 0x00000000ff900000, 0x00000000ff900000|100%| O|  |TAMS 0x00000000ff900000| PB 0x00000000ff900000| Untracked 
|2041|0x00000000ff900000, 0x00000000ffa00000, 0x00000000ffa00000|100%| O|  |TAMS 0x00000000ffa00000| PB 0x00000000ffa00000| Untracked 
|2042|0x00000000ffa00000, 0x00000000ffb00000, 0x00000000ffb00000|100%| E|CS|TAMS 0x00000000ffa00000| PB 0x00000000ffa00000| Complete 
|2043|0x00000000ffb00000, 0x00000000ffc00000, 0x00000000ffc00000|100%| E|CS|TAMS 0x00000000ffb00000| PB 0x00000000ffb00000| Complete 
|2044|0x00000000ffc00000, 0x00000000ffd00000, 0x00000000ffd00000|100%| E|CS|TAMS 0x00000000ffc00000| PB 0x00000000ffc00000| Complete 
|2045|0x00000000ffd00000, 0x00000000ffe00000, 0x00000000ffe00000|100%| O|  |TAMS 0x00000000ffe00000| PB 0x00000000ffe00000| Updating 
|2046|0x00000000ffe00000, 0x00000000fff00000, 0x00000000fff00000|100%| O|  |TAMS 0x00000000fff00000| PB 0x00000000fff00000| Untracked 
|2047|0x00000000fff00000, 0x0000000100000000, 0x0000000100000000|100%| O|  |TAMS 0x0000000100000000| PB 0x0000000100000000| Untracked 

Card table byte_map: [0x000001fc7a4e0000,0x000001fc7a8e0000] _byte_map_base: 0x000001fc7a0e0000

Marking Bits: (CMBitMap*) 0x000001fc67fd5bd0
 Bits: [0x000001fc7a8e0000, 0x000001fc7c8e0000)

Polling page: 0x000001fc67560000

Metaspace:

Usage:
  Non-class:    113.88 MB used.
      Class:     18.50 MB used.
       Both:    132.38 MB used.

Virtual space:
  Non-class space:      128.00 MB reserved,     115.25 MB ( 90%) committed,  2 nodes.
      Class space:        1.00 GB reserved,      19.69 MB (  2%) committed,  1 nodes.
             Both:        1.12 GB reserved,     134.94 MB ( 12%) committed. 

Chunk freelists:
   Non-Class:  12.55 MB
       Class:  12.38 MB
        Both:  24.93 MB

MaxMetaspaceSize: unlimited
CompressedClassSpaceSize: 1.00 GB
Initial GC threshold: 21.00 MB
Current GC threshold: 201.38 MB
CDS: off
 - commit_granule_bytes: 65536.
 - commit_granule_words: 8192.
 - virtual_space_node_default_size: 8388608.
 - enlarge_chunks_in_place: 1.
 - use_allocation_guard: 0.


Internal statistics:

num_allocs_failed_limit: 9.
num_arena_births: 4712.
num_arena_deaths: 2.
num_vsnodes_births: 3.
num_vsnodes_deaths: 0.
num_space_committed: 2159.
num_space_uncommitted: 2.
num_chunks_returned_to_freelist: 30.
num_chunks_taken_from_freelist: 10490.
num_chunk_merges: 14.
num_chunk_splits: 6951.
num_chunks_enlarged: 4493.
num_inconsistent_stats: 0.

CodeHeap 'non-profiled nmethods': size=120000Kb used=8287Kb max_used=8903Kb free=111712Kb
 bounds [0x000001fc72bb0000, 0x000001fc73470000, 0x000001fc7a0e0000]
CodeHeap 'profiled nmethods': size=120000Kb used=24549Kb max_used=25768Kb free=95450Kb
 bounds [0x000001fc6b0e0000, 0x000001fc6ca10000, 0x000001fc72610000]
CodeHeap 'non-nmethods': size=5760Kb used=2044Kb max_used=2121Kb free=3716Kb
 bounds [0x000001fc72610000, 0x000001fc72880000, 0x000001fc72bb0000]
CodeCache: size=245760Kb, used=34880Kb, max_used=36792Kb, free=210878Kb
 total_blobs=14077, nmethods=13155, adapters=825, full_count=0
Compilation: enabled, stopped_count=0, restarted_count=0

Compilation events (20 events):
Event: 29.448 Thread 0x000001fc7efb1350 nmethod 15829 0x000001fc7345f490 code [0x000001fc7345f660, 0x000001fc7345fbd8]
Event: 29.448 Thread 0x000001fc7efb1350 15817       4       java.lang.String::valueOf (39 bytes)
Event: 29.450 Thread 0x000001fc7efb1350 nmethod 15817 0x000001fc7345ff90 code [0x000001fc73460120, 0x000001fc73460330]
Event: 29.450 Thread 0x000001fc7efb1350 15827       4       com.android.tools.r8.internal.ms2::hasNext (12 bytes)
Event: 29.450 Thread 0x000001fc7efb1350 nmethod 15827 0x000001fc73460490 code [0x000001fc73460620, 0x000001fc734606c0]
Event: 29.451 Thread 0x000001fc7efb1df0 15833   !   3       sun.management.Util::newObjectName (15 bytes)
Event: 29.451 Thread 0x000001fc7efb1df0 nmethod 15833 0x000001fc6c9ffe10 code [0x000001fc6c9fffe0, 0x000001fc6ca00360]
Event: 29.452 Thread 0x000001fc7efb1350 15834       4       com.android.tools.r8.graph.e8$c::b (75 bytes)
Event: 29.455 Thread 0x000001fc7efb1350 nmethod 15834 0x000001fc73460790 code [0x000001fc73460920, 0x000001fc73460c90]
Event: 29.455 Thread 0x000001fc7efb1df0 15835       3       jdk.internal.org.objectweb.asm.SymbolTable::addConstantIntegerOrFloat (100 bytes)
Event: 29.456 Thread 0x000001fc7efb1df0 nmethod 15835 0x000001fc6ca00510 code [0x000001fc6ca00720, 0x000001fc6ca00c48]
Event: 29.456 Thread 0x000001fc7efb1df0 15836       3       java.lang.invoke.InnerClassLambdaMetafactory::generateSerializationFriendlyMethods (306 bytes)
Event: 29.459 Thread 0x000001fc7efb1df0 nmethod 15836 0x000001fc6ca00f10 code [0x000001fc6ca014e0, 0x000001fc6ca04740]
Event: 29.459 Thread 0x000001fc7efb1df0 15837       3       com.android.tools.r8.internal.k61::<init> (12 bytes)
Event: 29.460 Thread 0x000001fc7efb1df0 nmethod 15837 0x000001fc6ca05690 code [0x000001fc6ca05860, 0x000001fc6ca05b68]
Event: 29.461 Thread 0x000001fc7efb1df0 15838       3       com.android.tools.r8.graph.j9::a (306 bytes)
Event: 29.463 Thread 0x000001fc7efb1df0 nmethod 15838 0x000001fc6ca05c90 code [0x000001fc6ca061c0, 0x000001fc6ca094d8]
Event: 29.471 Thread 0x000001fc7efb1350 15839       4       com.android.tools.r8.graph.j9::a (50 bytes)
Event: 29.481 Thread 0x000001fc7efb1350 nmethod 15839 0x000001fc73460d90 code [0x000001fc73460fa0, 0x000001fc734617c8]
Event: 29.491 Thread 0x000001fc7efb1350 15840       4       com.android.tools.r8.internal.sd4::b (82 bytes)

GC Heap History (20 events):
Event: 19.820 GC heap before
{Heap before GC invocations=37 (full 0):
 garbage-first heap   total 171008K, used 158459K [0x0000000080000000, 0x0000000100000000)
  region size 1024K, 73 young (74752K), 7 survivors (7168K)
 Metaspace       used 111612K, committed 113920K, reserved 1179648K
  class space    used 15839K, committed 16960K, reserved 1048576K
}
Event: 19.837 GC heap after
{Heap after GC invocations=38 (full 0):
 garbage-first heap   total 171008K, used 93623K [0x0000000080000000, 0x0000000100000000)
  region size 1024K, 8 young (8192K), 8 survivors (8192K)
 Metaspace       used 111612K, committed 113920K, reserved 1179648K
  class space    used 15839K, committed 16960K, reserved 1048576K
}
Event: 20.703 GC heap before
{Heap before GC invocations=38 (full 0):
 garbage-first heap   total 171008K, used 160183K [0x0000000080000000, 0x0000000100000000)
  region size 1024K, 73 young (74752K), 8 survivors (8192K)
 Metaspace       used 113487K, committed 115776K, reserved 1179648K
  class space    used 16093K, committed 17216K, reserved 1048576K
}
Event: 20.724 GC heap after
{Heap after GC invocations=39 (full 0):
 garbage-first heap   total 176128K, used 101365K [0x0000000080000000, 0x0000000100000000)
  region size 1024K, 10 young (10240K), 10 survivors (10240K)
 Metaspace       used 113487K, committed 115776K, reserved 1179648K
  class space    used 16093K, committed 17216K, reserved 1048576K
}
Event: 22.128 GC heap before
{Heap before GC invocations=40 (full 0):
 garbage-first heap   total 176128K, used 170997K [0x0000000080000000, 0x0000000100000000)
  region size 1024K, 69 young (70656K), 10 survivors (10240K)
 Metaspace       used 118407K, committed 120768K, reserved 1179648K
  class space    used 16632K, committed 17792K, reserved 1048576K
}
Event: 22.154 GC heap after
{Heap after GC invocations=41 (full 0):
 garbage-first heap   total 192512K, used 111240K [0x0000000080000000, 0x0000000100000000)
  region size 1024K, 9 young (9216K), 9 survivors (9216K)
 Metaspace       used 118407K, committed 120768K, reserved 1179648K
  class space    used 16632K, committed 17792K, reserved 1048576K
}
Event: 23.274 GC heap before
{Heap before GC invocations=41 (full 0):
 garbage-first heap   total 192512K, used 171656K [0x0000000080000000, 0x0000000100000000)
  region size 1024K, 69 young (70656K), 9 survivors (9216K)
 Metaspace       used 120317K, committed 122688K, reserved 1179648K
  class space    used 16907K, committed 18048K, reserved 1048576K
}
Event: 23.289 GC heap after
{Heap after GC invocations=42 (full 0):
 garbage-first heap   total 192512K, used 115562K [0x0000000080000000, 0x0000000100000000)
  region size 1024K, 4 young (4096K), 4 survivors (4096K)
 Metaspace       used 120317K, committed 122688K, reserved 1179648K
  class space    used 16907K, committed 18048K, reserved 1048576K
}
Event: 23.338 GC heap before
{Heap before GC invocations=42 (full 0):
 garbage-first heap   total 192512K, used 117610K [0x0000000080000000, 0x0000000100000000)
  region size 1024K, 7 young (7168K), 4 survivors (4096K)
 Metaspace       used 120823K, committed 123072K, reserved 1179648K
  class space    used 16969K, committed 18048K, reserved 1048576K
}
Event: 23.344 GC heap after
{Heap after GC invocations=43 (full 0):
 garbage-first heap   total 192512K, used 115255K [0x0000000080000000, 0x0000000100000000)
  region size 1024K, 4 young (4096K), 4 survivors (4096K)
 Metaspace       used 120823K, committed 123072K, reserved 1179648K
  class space    used 16969K, committed 18048K, reserved 1048576K
}
Event: 24.641 GC heap before
{Heap before GC invocations=44 (full 0):
 garbage-first heap   total 196608K, used 182839K [0x0000000080000000, 0x0000000100000000)
  region size 1024K, 65 young (66560K), 4 survivors (4096K)
 Metaspace       used 127373K, committed 129856K, reserved 1179648K
  class space    used 17806K, committed 19008K, reserved 1048576K
}
Event: 24.658 GC heap after
{Heap after GC invocations=45 (full 0):
 garbage-first heap   total 198656K, used 129991K [0x0000000080000000, 0x0000000100000000)
  region size 1024K, 9 young (9216K), 9 survivors (9216K)
 Metaspace       used 127373K, committed 129856K, reserved 1179648K
  class space    used 17806K, committed 19008K, reserved 1048576K
}
Event: 26.893 GC heap before
{Heap before GC invocations=45 (full 0):
 garbage-first heap   total 198656K, used 179143K [0x0000000080000000, 0x0000000100000000)
  region size 1024K, 58 young (59392K), 9 survivors (9216K)
 Metaspace       used 129920K, committed 132352K, reserved 1179648K
  class space    used 18125K, committed 19328K, reserved 1048576K
}
Event: 26.915 GC heap after
{Heap after GC invocations=46 (full 0):
 garbage-first heap   total 238592K, used 130035K [0x0000000080000000, 0x0000000100000000)
  region size 1024K, 4 young (4096K), 4 survivors (4096K)
 Metaspace       used 129920K, committed 132352K, reserved 1179648K
  class space    used 18125K, committed 19328K, reserved 1048576K
}
Event: 27.954 GC heap before
{Heap before GC invocations=46 (full 0):
 garbage-first heap   total 238592K, used 216051K [0x0000000080000000, 0x0000000100000000)
  region size 1024K, 87 young (89088K), 4 survivors (4096K)
 Metaspace       used 130925K, committed 133312K, reserved 1179648K
  class space    used 18273K, committed 19456K, reserved 1048576K
}
Event: 27.965 GC heap after
{Heap after GC invocations=47 (full 0):
 garbage-first heap   total 238592K, used 147290K [0x0000000080000000, 0x0000000100000000)
  region size 1024K, 11 young (11264K), 11 survivors (11264K)
 Metaspace       used 130925K, committed 133312K, reserved 1179648K
  class space    used 18273K, committed 19456K, reserved 1048576K
}
Event: 28.844 GC heap before
{Heap before GC invocations=47 (full 0):
 garbage-first heap   total 238592K, used 209754K [0x0000000080000000, 0x0000000100000000)
  region size 1024K, 73 young (74752K), 11 survivors (11264K)
 Metaspace       used 134903K, committed 137344K, reserved 1179648K
  class space    used 18848K, committed 20032K, reserved 1048576K
}
Event: 28.856 GC heap after
{Heap after GC invocations=48 (full 0):
 garbage-first heap   total 238592K, used 150234K [0x0000000080000000, 0x0000000100000000)
  region size 1024K, 9 young (9216K), 9 survivors (9216K)
 Metaspace       used 134903K, committed 137344K, reserved 1179648K
  class space    used 18848K, committed 20032K, reserved 1048576K
}
Event: 29.175 GC heap before
{Heap before GC invocations=48 (full 0):
 garbage-first heap   total 238592K, used 209626K [0x0000000080000000, 0x0000000100000000)
  region size 1024K, 68 young (69632K), 9 survivors (9216K)
 Metaspace       used 135682K, committed 138112K, reserved 1179648K
  class space    used 18938K, committed 20096K, reserved 1048576K
}
Event: 29.197 GC heap after
{Heap after GC invocations=49 (full 0):
 garbage-first heap   total 238592K, used 159226K [0x0000000080000000, 0x0000000100000000)
  region size 1024K, 9 young (9216K), 9 survivors (9216K)
 Metaspace       used 135682K, committed 138112K, reserved 1179648K
  class space    used 18938K, committed 20096K, reserved 1048576K
}

Dll operation events (3 events):
Event: 0.010 Loaded shared library C:\Program Files\Android\Android Studio\jbr\bin\java.dll
Event: 0.016 Loaded shared library C:\Program Files\Android\Android Studio\jbr\bin\zip.dll
Event: 0.979 Loaded shared library C:\Program Files\Android\Android Studio\jbr\bin\verify.dll

Deoptimization events (20 events):
Event: 28.988 Thread 0x000001fc05a98d90 Uncommon trap: trap_request=0xffffff45 fr.pc=0x000001fc7340a794 relative=0x00000000000007d4
Event: 28.988 Thread 0x000001fc05a98d90 Uncommon trap: reason=unstable_if action=reinterpret pc=0x000001fc7340a794 method=com.android.tools.r8.graph.h8.e()V @ 132 c2
Event: 28.988 Thread 0x000001fc05a98d90 DEOPT PACKING pc=0x000001fc7340a794 sp=0x0000009d5ebf4a10
Event: 28.988 Thread 0x000001fc05a98d90 DEOPT UNPACKING pc=0x000001fc726643a2 sp=0x0000009d5ebf49e8 mode 2
Event: 28.990 Thread 0x000001fc7f6079d0 Uncommon trap: trap_request=0xffffff45 fr.pc=0x000001fc733fcd90 relative=0x0000000000000f90
Event: 28.990 Thread 0x000001fc7f6079d0 Uncommon trap: reason=unstable_if action=reinterpret pc=0x000001fc733fcd90 method=java.util.concurrent.ConcurrentHashMap.computeIfAbsent(Ljava/lang/Object;Ljava/util/function/Function;)Ljava/lang/Object; @ 244 c2
Event: 28.990 Thread 0x000001fc7f6079d0 DEOPT PACKING pc=0x000001fc733fcd90 sp=0x0000009d5e2f9c20
Event: 28.990 Thread 0x000001fc7f6079d0 DEOPT UNPACKING pc=0x000001fc726643a2 sp=0x0000009d5e2f9ba8 mode 2
Event: 29.427 Thread 0x000001fc7f6086f0 Uncommon trap: trap_request=0xffffff45 fr.pc=0x000001fc734171f8 relative=0x00000000000017d8
Event: 29.427 Thread 0x000001fc7f6086f0 Uncommon trap: reason=unstable_if action=reinterpret pc=0x000001fc734171f8 method=com.android.tools.r8.internal.nv.a(Lcom/android/tools/r8/internal/f6;ILjava/lang/String;[C)I @ 86 c2
Event: 29.427 Thread 0x000001fc7f6086f0 DEOPT PACKING pc=0x000001fc734171f8 sp=0x0000009d5e1f9940
Event: 29.428 Thread 0x000001fc7f6086f0 DEOPT UNPACKING pc=0x000001fc726643a2 sp=0x0000009d5e1f9900 mode 2
Event: 29.428 Thread 0x000001fc7f6086f0 Uncommon trap: trap_request=0xffffff45 fr.pc=0x000001fc734145ec relative=0x0000000000000acc
Event: 29.428 Thread 0x000001fc7f6086f0 Uncommon trap: reason=unstable_if action=reinterpret pc=0x000001fc734145ec method=com.android.tools.r8.graph.j9.a(Ljava/lang/Object;Ljava/lang/String;)V @ 36 c2
Event: 29.428 Thread 0x000001fc7f6086f0 DEOPT PACKING pc=0x000001fc734145ec sp=0x0000009d5e1f9890
Event: 29.428 Thread 0x000001fc7f6086f0 DEOPT UNPACKING pc=0x000001fc726643a2 sp=0x0000009d5e1f9878 mode 2
Event: 29.488 Thread 0x000001fc7f6086f0 Uncommon trap: trap_request=0xffffff45 fr.pc=0x000001fc72eaaf04 relative=0x0000000000000064
Event: 29.488 Thread 0x000001fc7f6086f0 Uncommon trap: reason=unstable_if action=reinterpret pc=0x000001fc72eaaf04 method=java.lang.Float.isNaN(F)Z @ 3 c2
Event: 29.488 Thread 0x000001fc7f6086f0 DEOPT PACKING pc=0x000001fc72eaaf04 sp=0x0000009d5e1f95c0
Event: 29.488 Thread 0x000001fc7f6086f0 DEOPT UNPACKING pc=0x000001fc726643a2 sp=0x0000009d5e1f9550 mode 2

Classes loaded (20 events):
Event: 25.524 Loading class java/lang/invoke/WrongMethodTypeException
Event: 25.524 Loading class java/lang/invoke/WrongMethodTypeException done
Event: 27.527 Loading class sun/nio/fs/Globs
Event: 27.527 Loading class sun/nio/fs/Globs done
Event: 27.527 Loading class java/util/regex/Pattern$SliceU
Event: 27.528 Loading class java/util/regex/Pattern$SliceU done
Event: 27.528 Loading class sun/nio/fs/WindowsFileSystem$2
Event: 27.528 Loading class sun/nio/fs/WindowsFileSystem$2 done
Event: 27.537 Loading class java/util/zip/ZipFile$ZipEntryIterator
Event: 27.538 Loading class java/util/zip/ZipFile$ZipEntryIterator done
Event: 27.678 Loading class java/util/zip/ZipInputStream
Event: 27.678 Loading class java/util/zip/ZipInputStream done
Event: 28.252 Loading class java/util/stream/IntPipeline$1
Event: 28.252 Loading class java/util/stream/IntPipeline$1 done
Event: 28.253 Loading class java/util/stream/IntPipeline$1$1
Event: 28.253 Loading class java/util/stream/Sink$ChainedInt
Event: 28.253 Loading class java/util/stream/Sink$ChainedInt done
Event: 28.253 Loading class java/util/stream/IntPipeline$1$1 done
Event: 28.281 Loading class java/util/concurrent/RejectedExecutionException
Event: 28.281 Loading class java/util/concurrent/RejectedExecutionException done

Classes unloaded (20 events):
Event: 29.503 Thread 0x000001fc7edc3390 Unloading class 0x000000010125b478 'jdk/internal/jimage/ImageHeader'
Event: 29.503 Thread 0x000001fc7edc3390 Unloading class 0x000000010125b210 'jdk/internal/jimage/BasicImageReader$2'
Event: 29.503 Thread 0x000001fc7edc3390 Unloading class 0x000000010125afa8 'jdk/internal/jimage/BasicImageReader$1'
Event: 29.503 Thread 0x000001fc7edc3390 Unloading class 0x000000010125ad08 'jdk/internal/jimage/ImageReader$Resource'
Event: 29.503 Thread 0x000001fc7edc3390 Unloading class 0x000000010125aa68 'jdk/internal/jimage/ImageReader$LinkNode'
Event: 29.503 Thread 0x000001fc7edc3390 Unloading class 0x000000010125a7c8 'jdk/internal/jimage/ImageReader$Directory'
Event: 29.503 Thread 0x000001fc7edc3390 Unloading class 0x000000010125a528 'jdk/internal/jimage/ImageReader$Node'
Event: 29.503 Thread 0x000001fc7edc3390 Unloading class 0x000000010125a2f8 'jdk/internal/jimage/ImageStrings'
Event: 29.503 Thread 0x000001fc7edc3390 Unloading class 0x000000010125a000 'jdk/internal/jimage/ImageReader$SharedImageReader'
Event: 29.503 Thread 0x000001fc7edc3390 Unloading class 0x0000000101259be0 'jdk/internal/jimage/BasicImageReader'
Event: 29.503 Thread 0x000001fc7edc3390 Unloading class 0x0000000101259988 'jdk/internal/jimage/ImageReader'
Event: 29.503 Thread 0x000001fc7edc3390 Unloading class 0x0000000101259728 'jdk/internal/jrtfs/SystemImage$2'
Event: 29.503 Thread 0x000001fc7edc3390 Unloading class 0x00000001012594d8 'jdk/internal/jrtfs/SystemImage$$Lambda+0x00000001012594d8'
Event: 29.503 Thread 0x000001fc7edc3390 Unloading class 0x0000000101259270 'jdk/internal/jrtfs/ExplodedImage'
Event: 29.503 Thread 0x000001fc7edc3390 Unloading class 0x0000000101259000 'jdk/internal/jrtfs/SystemImage$1'
Event: 29.503 Thread 0x000001fc7edc3390 Unloading class 0x0000000101258ca0 'jdk/internal/jrtfs/SystemImage'
Event: 29.503 Thread 0x000001fc7edc3390 Unloading class 0x0000000101258a08 'jdk/internal/jrtfs/JrtFileStore'
Event: 29.503 Thread 0x000001fc7edc3390 Unloading class 0x0000000101258658 'jdk/internal/jrtfs/JrtPath'
Event: 29.503 Thread 0x000001fc7edc3390 Unloading class 0x0000000101258328 'jdk/internal/jrtfs/JrtFileSystem'
Event: 29.503 Thread 0x000001fc7edc3390 Unloading class 0x0000000101258000 'jdk/internal/jrtfs/JrtFileSystemProvider'

Classes redefined (0 events):
No events

Internal exceptions (20 events):
Event: 29.443 Thread 0x000001fc7f6079d0 Exception <a 'sun/nio/fs/WindowsException'{0x00000000ffcfe8d8}> (0x00000000ffcfe8d8) 
thrown [s\src\hotspot\share\prims\jni.cpp, line 537]
Event: 29.444 Thread 0x000001fc7f6079d0 Exception <a 'sun/nio/fs/WindowsException'{0x000000008c5974b8}> (0x000000008c5974b8) 
thrown [s\src\hotspot\share\prims\jni.cpp, line 537]
Event: 29.445 Thread 0x000001fc7f6079d0 Exception <a 'sun/nio/fs/WindowsException'{0x000000008c5a0790}> (0x000000008c5a0790) 
thrown [s\src\hotspot\share\prims\jni.cpp, line 537]
Event: 29.446 Thread 0x000001fc7f6079d0 Exception <a 'sun/nio/fs/WindowsException'{0x000000008c5ad958}> (0x000000008c5ad958) 
thrown [s\src\hotspot\share\prims\jni.cpp, line 537]
Event: 29.448 Thread 0x000001fc7f6079d0 Exception <a 'sun/nio/fs/WindowsException'{0x000000008c5b97b0}> (0x000000008c5b97b0) 
thrown [s\src\hotspot\share\prims\jni.cpp, line 537]
Event: 29.450 Thread 0x000001fc7f6079d0 Exception <a 'sun/nio/fs/WindowsException'{0x000000008c5c7f60}> (0x000000008c5c7f60) 
thrown [s\src\hotspot\share\prims\jni.cpp, line 537]
Event: 29.451 Thread 0x000001fc7f605270 Exception <a 'sun/nio/fs/WindowsException'{0x000000008c613b88}> (0x000000008c613b88) 
thrown [s\src\hotspot\share\prims\jni.cpp, line 537]
Event: 29.452 Thread 0x000001fc7f6079d0 Exception <a 'sun/nio/fs/WindowsException'{0x000000008c5d08e8}> (0x000000008c5d08e8) 
thrown [s\src\hotspot\share\prims\jni.cpp, line 537]
Event: 29.455 Thread 0x000001fc7f6079d0 Exception <a 'sun/nio/fs/WindowsException'{0x000000008c5dd240}> (0x000000008c5dd240) 
thrown [s\src\hotspot\share\prims\jni.cpp, line 537]
Event: 29.458 Thread 0x000001fc7f605270 Exception <a 'sun/nio/fs/WindowsException'{0x000000008c4391a8}> (0x000000008c4391a8) 
thrown [s\src\hotspot\share\prims\jni.cpp, line 537]
Event: 29.460 Thread 0x000001fc7f605270 Exception <a 'sun/nio/fs/WindowsException'{0x000000008c45aa98}> (0x000000008c45aa98) 
thrown [s\src\hotspot\share\prims\jni.cpp, line 537]
Event: 29.461 Thread 0x000001fc7f605270 Exception <a 'sun/nio/fs/WindowsException'{0x000000008c463b60}> (0x000000008c463b60) 
thrown [s\src\hotspot\share\prims\jni.cpp, line 537]
Event: 29.461 Thread 0x000001fc7f605270 Exception <a 'sun/nio/fs/WindowsException'{0x000000008c46ca40}> (0x000000008c46ca40) 
thrown [s\src\hotspot\share\prims\jni.cpp, line 537]
Event: 29.463 Thread 0x000001fc7f605270 Exception <a 'sun/nio/fs/WindowsException'{0x000000008c479830}> (0x000000008c479830) 
thrown [s\src\hotspot\share\prims\jni.cpp, line 537]
Event: 29.464 Thread 0x000001fc7f605270 Exception <a 'sun/nio/fs/WindowsException'{0x000000008c482078}> (0x000000008c482078) 
thrown [s\src\hotspot\share\prims\jni.cpp, line 537]
Event: 29.465 Thread 0x000001fc7f605270 Exception <a 'sun/nio/fs/WindowsException'{0x000000008c48aef0}> (0x000000008c48aef0) 
thrown [s\src\hotspot\share\prims\jni.cpp, line 537]
Event: 29.466 Thread 0x000001fc7f605270 Exception <a 'sun/nio/fs/WindowsException'{0x000000008c4949a8}> (0x000000008c4949a8) 
thrown [s\src\hotspot\share\prims\jni.cpp, line 537]
Event: 29.466 Thread 0x000001fc7f605270 Exception <a 'sun/nio/fs/WindowsException'{0x000000008c49d4d0}> (0x000000008c49d4d0) 
thrown [s\src\hotspot\share\prims\jni.cpp, line 537]
Event: 29.467 Thread 0x000001fc7f605270 Exception <a 'sun/nio/fs/WindowsException'{0x000000008c4a82e0}> (0x000000008c4a82e0) 
thrown [s\src\hotspot\share\prims\jni.cpp, line 537]
Event: 29.486 Thread 0x000001fc7f6086f0 Exception <a 'sun/nio/fs/WindowsException'{0x000000008c277a28}> (0x000000008c277a28) 
thrown [s\src\hotspot\share\prims\jni.cpp, line 537]

ZGC Phase Switch (0 events):
No events

VM Operations (20 events):
Event: 25.530 Executing non-safepoint VM operation: HandshakeAllThreads (Deoptimize) done
Event: 25.901 Executing non-safepoint VM operation: HandshakeAllThreads (Deoptimize)
Event: 25.901 Executing non-safepoint VM operation: HandshakeAllThreads (Deoptimize) done
Event: 25.920 Executing non-safepoint VM operation: HandshakeAllThreads (Deoptimize)
Event: 25.920 Executing non-safepoint VM operation: HandshakeAllThreads (Deoptimize) done
Event: 26.063 Executing safepoint VM operation: ICBufferFull
Event: 26.063 Executing safepoint VM operation: ICBufferFull done
Event: 26.892 Executing safepoint VM operation: G1CollectForAllocation (G1 Evacuation Pause)
Event: 26.915 Executing safepoint VM operation: G1CollectForAllocation (G1 Evacuation Pause) done
Event: 27.916 Executing safepoint VM operation: Cleanup
Event: 27.916 Executing safepoint VM operation: Cleanup done
Event: 27.954 Executing safepoint VM operation: G1CollectForAllocation (G1 Evacuation Pause)
Event: 27.965 Executing safepoint VM operation: G1CollectForAllocation (G1 Evacuation Pause) done
Event: 28.573 Executing non-safepoint VM operation: HandshakeAllThreads (Deoptimize)
Event: 28.573 Executing non-safepoint VM operation: HandshakeAllThreads (Deoptimize) done
Event: 28.844 Executing safepoint VM operation: G1CollectForAllocation (G1 Evacuation Pause)
Event: 28.856 Executing safepoint VM operation: G1CollectForAllocation (G1 Evacuation Pause) done
Event: 29.175 Executing safepoint VM operation: G1CollectForAllocation (G1 Evacuation Pause)
Event: 29.197 Executing safepoint VM operation: G1CollectForAllocation (G1 Evacuation Pause) done
Event: 29.499 Executing safepoint VM operation: G1PauseRemark

Memory protections (0 events):
No events

Nmethod flushes (20 events):
Event: 29.517 Thread 0x000001fc7edc3390 flushing  nmethod 0x000001fc6bedf490
Event: 29.517 Thread 0x000001fc7edc3390 flushing  nmethod 0x000001fc6bee0610
Event: 29.517 Thread 0x000001fc7edc3390 flushing  nmethod 0x000001fc6bee1310
Event: 29.517 Thread 0x000001fc7edc3390 flushing  nmethod 0x000001fc6bee1690
Event: 29.517 Thread 0x000001fc7edc3390 flushing  nmethod 0x000001fc6bff7990
Event: 29.517 Thread 0x000001fc7edc3390 flushing  nmethod 0x000001fc6bffae10
Event: 29.517 Thread 0x000001fc7edc3390 flushing  nmethod 0x000001fc6c087b90
Event: 29.517 Thread 0x000001fc7edc3390 flushing  nmethod 0x000001fc6c0d3c10
Event: 29.517 Thread 0x000001fc7edc3390 flushing  nmethod 0x000001fc6c146510
Event: 29.517 Thread 0x000001fc7edc3390 flushing  nmethod 0x000001fc6c1dcf90
Event: 29.517 Thread 0x000001fc7edc3390 flushing  nmethod 0x000001fc6c312510
Event: 29.517 Thread 0x000001fc7edc3390 flushing  nmethod 0x000001fc6c480190
Event: 29.517 Thread 0x000001fc7edc3390 flushing  nmethod 0x000001fc6c484390
Event: 29.517 Thread 0x000001fc7edc3390 flushing  nmethod 0x000001fc6c556090
Event: 29.517 Thread 0x000001fc7edc3390 flushing  nmethod 0x000001fc6c5c6190
Event: 29.517 Thread 0x000001fc7edc3390 flushing  nmethod 0x000001fc6c6da410
Event: 29.517 Thread 0x000001fc7edc3390 flushing  nmethod 0x000001fc6c6dbd90
Event: 29.517 Thread 0x000001fc7edc3390 flushing  nmethod 0x000001fc6c6df910
Event: 29.517 Thread 0x000001fc7edc3390 flushing  nmethod 0x000001fc6c701890
Event: 29.517 Thread 0x000001fc7edc3390 flushing  nmethod 0x000001fc6c707410

Events (20 events):
Event: 8.388 Thread 0x000001fc7f3eff00 Thread exited: 0x000001fc7f3eff00
Event: 8.886 Thread 0x000001fc7efb1df0 Thread added: 0x000001fc07a929b0
Event: 13.076 Thread 0x000001fc07a929b0 Thread exited: 0x000001fc07a929b0
Event: 13.141 Thread 0x000001fc04b48f80 Thread added: 0x000001fc05a97350
Event: 13.606 Thread 0x000001fc04b48f80 Thread added: 0x000001fc05a99420
Event: 14.090 Thread 0x000001fc7efb1df0 Thread added: 0x000001fc0a0e1650
Event: 14.246 Thread 0x000001fc04b48f80 Thread added: 0x000001fc08d571a0
Event: 14.980 Thread 0x000001fc0a0e1650 Thread exited: 0x000001fc0a0e1650
Event: 15.098 Thread 0x000001fc7efb1df0 Thread added: 0x000001fc08cb2480
Event: 17.616 Thread 0x000001fc08cb2480 Thread exited: 0x000001fc08cb2480
Event: 17.796 Thread 0x000001fc7efb1df0 Thread added: 0x000001fc0972faf0
Event: 21.448 Thread 0x000001fc04b48f80 Thread added: 0x000001fc05a9a140
Event: 21.449 Thread 0x000001fc04b48f80 Thread added: 0x000001fc05a9ae60
Event: 21.531 Thread 0x000001fc04b48f80 Thread added: 0x000001fc05a98d90
Event: 21.539 Thread 0x000001fc05a98d90 Thread added: 0x000001fc08d5a620
Event: 21.540 Thread 0x000001fc05a98d90 Thread added: 0x000001fc08d5b340
Event: 21.540 Thread 0x000001fc05a98d90 Thread added: 0x000001fc0601aec0
Event: 21.561 Thread 0x000001fc08d5a620 Thread added: 0x000001fc060180d0
Event: 23.186 Thread 0x000001fc08d5b340 Thread added: 0x000001fc06018df0
Event: 25.518 Thread 0x000001fc08d5b340 Thread added: 0x000001fc10b2afa0


Dynamic libraries:
0x00007ff7b2180000 - 0x00007ff7b218a000 	C:\Program Files\Android\Android Studio\jbr\bin\java.exe
0x00007fffff600000 - 0x00007fffff868000 	C:\WINDOWS\SYSTEM32\ntdll.dll
0x00007ffffe270000 - 0x00007ffffe339000 	C:\WINDOWS\System32\KERNEL32.DLL
0x00007ffffce60000 - 0x00007ffffd252000 	C:\WINDOWS\System32\KERNELBASE.dll
0x00007ffffc980000 - 0x00007ffffcacb000 	C:\WINDOWS\System32\ucrtbase.dll
0x00007fffd13c0000 - 0x00007fffd13db000 	C:\Program Files\Android\Android Studio\jbr\bin\VCRUNTIME140.dll
0x00007fffeaff0000 - 0x00007fffeb008000 	C:\Program Files\Android\Android Studio\jbr\bin\jli.dll
0x00007ffffeb80000 - 0x00007ffffed45000 	C:\WINDOWS\System32\USER32.dll
0x00007fffe4ca0000 - 0x00007fffe4f33000 	C:\WINDOWS\WinSxS\amd64_microsoft.windows.common-controls_6595b64144ccf1df_6.0.26100.6899_none_3e0efeeae32e88c1\COMCTL32.dll
0x00007ffffcd80000 - 0x00007ffffcda7000 	C:\WINDOWS\System32\win32u.dll
0x00007ffffdc40000 - 0x00007ffffdce9000 	C:\WINDOWS\System32\msvcrt.dll
0x00007ffffdfe0000 - 0x00007ffffe00b000 	C:\WINDOWS\System32\GDI32.dll
0x00007ffffcad0000 - 0x00007ffffcbfd000 	C:\WINDOWS\System32\gdi32full.dll
0x00007ffffcdb0000 - 0x00007ffffce53000 	C:\WINDOWS\System32\msvcp_win.dll
0x00007fffff3a0000 - 0x00007fffff3cf000 	C:\WINDOWS\System32\IMM32.DLL
0x00007fffed560000 - 0x00007fffed56c000 	C:\Program Files\Android\Android Studio\jbr\bin\vcruntime140_1.dll
0x00007fffe67c0000 - 0x00007fffe684d000 	C:\Program Files\Android\Android Studio\jbr\bin\msvcp140.dll
0x00007fff75750000 - 0x00007fff763e6000 	C:\Program Files\Android\Android Studio\jbr\bin\server\jvm.dll
0x00007ffffdd70000 - 0x00007ffffde24000 	C:\WINDOWS\System32\ADVAPI32.dll
0x00007ffffe010000 - 0x00007ffffe0b6000 	C:\WINDOWS\System32\sechost.dll
0x00007ffffdb20000 - 0x00007ffffdc38000 	C:\WINDOWS\System32\RPCRT4.dll
0x00007ffffdcf0000 - 0x00007ffffdd64000 	C:\WINDOWS\System32\WS2_32.dll
0x00007fffe7510000 - 0x00007fffe7545000 	C:\WINDOWS\SYSTEM32\WINMM.dll
0x00007ffffc5f0000 - 0x00007ffffc64e000 	C:\WINDOWS\SYSTEM32\POWRPROF.dll
0x00007fffedab0000 - 0x00007fffedabb000 	C:\WINDOWS\SYSTEM32\VERSION.dll
0x00007ffffc5d0000 - 0x00007ffffc5e4000 	C:\WINDOWS\SYSTEM32\UMPDC.dll
0x00007ffffb530000 - 0x00007ffffb54b000 	C:\WINDOWS\SYSTEM32\kernel.appcore.dll
0x00007fffe39b0000 - 0x00007fffe39ba000 	C:\Program Files\Android\Android Studio\jbr\bin\jimage.dll
0x00007ffff7030000 - 0x00007ffff7272000 	C:\WINDOWS\SYSTEM32\DBGHELP.DLL
0x00007ffffed70000 - 0x00007fffff0eb000 	C:\WINDOWS\System32\combase.dll
0x00007ffffe3c0000 - 0x00007ffffe497000 	C:\WINDOWS\System32\OLEAUT32.dll
0x00007fffdd980000 - 0x00007fffdd9bc000 	C:\WINDOWS\SYSTEM32\dbgcore.DLL
0x00007ffffc8e0000 - 0x00007ffffc978000 	C:\WINDOWS\System32\bcryptPrimitives.dll
0x00007fffeafe0000 - 0x00007fffeafee000 	C:\Program Files\Android\Android Studio\jbr\bin\instrument.dll
0x00007fffc7f60000 - 0x00007fffc7f80000 	C:\Program Files\Android\Android Studio\jbr\bin\java.dll
0x00007fffc1900000 - 0x00007fffc1918000 	C:\Program Files\Android\Android Studio\jbr\bin\zip.dll
0x00007ffffd3d0000 - 0x00007ffffdb1d000 	C:\WINDOWS\System32\SHELL32.dll
0x00007ffffd260000 - 0x00007ffffd3cb000 	C:\WINDOWS\System32\wintypes.dll
0x00007ffffa3c0000 - 0x00007ffffac1d000 	C:\WINDOWS\SYSTEM32\windows.storage.dll
0x00007ffffe5c0000 - 0x00007ffffe6b2000 	C:\WINDOWS\System32\SHCORE.dll
0x00007fffff180000 - 0x00007fffff1e2000 	C:\WINDOWS\System32\shlwapi.dll
0x00007ffffc6b0000 - 0x00007ffffc6d9000 	C:\WINDOWS\SYSTEM32\profapi.dll
0x00007fffdd5e0000 - 0x00007fffdd5f0000 	C:\Program Files\Android\Android Studio\jbr\bin\net.dll
0x00007fffec370000 - 0x00007fffec48f000 	C:\WINDOWS\SYSTEM32\WINHTTP.dll
0x00007ffffbad0000 - 0x00007ffffbb3b000 	C:\WINDOWS\system32\mswsock.dll
0x00007fffc18e0000 - 0x00007fffc18f6000 	C:\Program Files\Android\Android Studio\jbr\bin\nio.dll
0x00007fffed900000 - 0x00007fffed910000 	C:\Program Files\Android\Android Studio\jbr\bin\verify.dll
0x00007fffe6680000 - 0x00007fffe66a7000 	C:\Users\DELL\.gradle\native\660c5614fbf4a5f2a75b1949f50a0caf5cd603558e7d8a26e50b933a0cfb79d1\windows-amd64\native-platform.dll
0x00007fffe66d0000 - 0x00007fffe6747000 	C:\Users\DELL\.gradle\native\0.2.8\x86_64-windows-gnu\gradle-fileevents.dll
0x00007fffeafb0000 - 0x00007fffeafb9000 	C:\Program Files\Android\Android Studio\jbr\bin\management.dll
0x00007fffeafa0000 - 0x00007fffeafab000 	C:\Program Files\Android\Android Studio\jbr\bin\management_ext.dll
0x00007ffffe5b0000 - 0x00007ffffe5b8000 	C:\WINDOWS\System32\PSAPI.DLL
0x00007ffffaf20000 - 0x00007ffffaf54000 	C:\WINDOWS\SYSTEM32\IPHLPAPI.DLL
0x00007ffffe4a0000 - 0x00007ffffe4aa000 	C:\WINDOWS\System32\NSI.dll
0x00007fffeafc0000 - 0x00007fffeafc9000 	C:\Program Files\Android\Android Studio\jbr\bin\extnet.dll
0x00007ffffbd80000 - 0x00007ffffbd9b000 	C:\WINDOWS\SYSTEM32\CRYPTSP.dll
0x00007ffffb490000 - 0x00007ffffb4cb000 	C:\WINDOWS\system32\rsaenh.dll
0x00007ffffbb70000 - 0x00007ffffbb9b000 	C:\WINDOWS\SYSTEM32\USERENV.dll
0x00007ffffc680000 - 0x00007ffffc6a6000 	C:\WINDOWS\SYSTEM32\bcrypt.dll
0x00007ffffbda0000 - 0x00007ffffbdac000 	C:\WINDOWS\SYSTEM32\CRYPTBASE.dll
0x00007fff8d960000 - 0x00007fff8d968000 	C:\WINDOWS\system32\wshunix.dll

JVMTI agents:
C:\Users\DELL\.gradle\wrapper\dists\gradle-9.4.1-bin\arn2x92ynaizyzdaamcbpbhtj\gradle-9.4.1\lib\agents\gradle-instrumentation-agent-9.4.1.jar path:C:\Program Files\Android\Android Studio\jbr\bin\instrument.dll, loaded, initialized, instrumentlib options:none

dbghelp: loaded successfully - version: 4.0.5 - missing functions: none
symbol engine: initialized successfully - sym options: 0x614 - pdb path: .;C:\Program Files\Android\Android Studio\jbr\bin;C:\WINDOWS\SYSTEM32;C:\WINDOWS\WinSxS\amd64_microsoft.windows.common-controls_6595b64144ccf1df_6.0.26100.6899_none_3e0efeeae32e88c1;C:\Program Files\Android\Android Studio\jbr\bin\server;C:\Users\DELL\.gradle\native\660c5614fbf4a5f2a75b1949f50a0caf5cd603558e7d8a26e50b933a0cfb79d1\windows-amd64;C:\Users\DELL\.gradle\native\0.2.8\x86_64-windows-gnu

VM Arguments:
jvm_args: --add-opens=java.base/java.lang=ALL-UNNAMED --add-opens=java.base/java.lang.invoke=ALL-UNNAMED --add-opens=java.base/java.util=ALL-UNNAMED --add-opens=java.prefs/java.util.prefs=ALL-UNNAMED --add-exports=jdk.compiler/com.sun.tools.javac.api=ALL-UNNAMED --add-exports=jdk.compiler/com.sun.tools.javac.util=ALL-UNNAMED --add-opens=java.base/java.util=ALL-UNNAMED --add-opens=java.prefs/java.util.prefs=ALL-UNNAMED --add-opens=java.base/java.nio.charset=ALL-UNNAMED --add-opens=java.base/java.net=ALL-UNNAMED --add-opens=java.base/java.util.concurrent=ALL-UNNAMED --add-opens=java.base/java.util.concurrent.atomic=ALL-UNNAMED --add-opens=java.xml/javax.xml.namespace=ALL-UNNAMED --add-opens=java.base/java.time=ALL-UNNAMED -Xmx2048m -Dfile.encoding=UTF-8 -Duser.country=IN -Duser.language=en -Duser.variant -javaagent:C:\Users\DELL\.gradle\wrapper\dists\gradle-9.4.1-bin\arn2x92ynaizyzdaamcbpbhtj\gradle-9.4.1\lib\agents\gradle-instrumentation-agent-9.4.1.jar 
java_command: org.gradle.launcher.daemon.bootstrap.GradleDaemon 9.4.1
java_class_path (initial): C:\Users\DELL\.gradle\wrapper\dists\gradle-9.4.1-bin\arn2x92ynaizyzdaamcbpbhtj\gradle-9.4.1\lib\gradle-daemon-main-9.4.1.jar
Launcher Type: SUN_STANDARD

[Global flags]
     intx CICompilerCount                          = 3                                         {product} {ergonomic}
     uint ConcGCThreads                            = 1                                         {product} {ergonomic}
     uint G1ConcRefinementThreads                  = 4                                         {product} {ergonomic}
   size_t G1HeapRegionSize                         = 1048576                                   {product} {ergonomic}
    uintx GCDrainStackTargetSize                   = 64                                        {product} {ergonomic}
   size_t InitialHeapSize                          = 132120576                                 {product} {ergonomic}
   size_t MarkStackSize                            = 4194304                                   {product} {ergonomic}
   size_t MaxHeapSize                              = 2147483648                                {product} {command line}
   size_t MaxNewSize                               = 1287651328                                {product} {ergonomic}
   size_t MinHeapDeltaBytes                        = 1048576                                   {product} {ergonomic}
   size_t MinHeapSize                              = 8388608                                   {product} {ergonomic}
    uintx NonNMethodCodeHeapSize                   = 5832780                                {pd product} {ergonomic}
    uintx NonProfiledCodeHeapSize                  = 122912730                              {pd product} {ergonomic}
    uintx ProfiledCodeHeapSize                     = 122912730                              {pd product} {ergonomic}
    uintx ReservedCodeCacheSize                    = 251658240                              {pd product} {ergonomic}
     bool SegmentedCodeCache                       = true                                      {product} {ergonomic}
   size_t SoftMaxHeapSize                          = 2147483648                             {manageable} {ergonomic}
     bool UseCompressedOops                        = true                           {product lp64_product} {ergonomic}
     bool UseG1GC                                  = true                                      {product} {ergonomic}
     bool UseLargePagesIndividualAllocation        = false                                  {pd product} {ergonomic}

Logging:
Log output configuration:
 #0: stdout all=warning uptime,level,tags foldmultilines=false
 #1: stderr all=off uptime,level,tags foldmultilines=false

Release file:
JAVA_VERSION="21.0.10" 
MODULES="java.base java.compiler java.datatransfer java.xml java.prefs java.desktop java.instrument java.logging java.management java.security.sasl java.naming java.rmi java.management.rmi java.net.http java.scripting java.security.jgss java.transaction.xa java.sql java.sql.rowset java.xml.crypto java.se java.smartcardio jdk.accessibility jdk.internal.jvmstat jdk.attach jdk.charsets jdk.internal.opt jdk.zipfs jdk.compiler jdk.crypto.ec jdk.crypto.cryptoki jdk.dynalink jdk.hotspot.agent jdk.httpserver jdk.internal.ed jdk.internal.le jdk.internal.vm.ci jdk.jartool jdk.javadoc jdk.jcmd jdk.jdeps jdk.jdwp.agent jdk.jdi jdk.jfr jdk.jlink jdk.jsobject jdk.localedata jdk.management jdk.management.agent jdk.management.jfr jdk.naming.dns jdk.naming.rmi jdk.net jdk.sctp jdk.security.auth jdk.security.jgss jdk.unsupported jdk.unsupported.desktop jdk.xml.dom" 
IMPLEMENTOR="JetBrains s.r.o." 
JAVA_RUNTIME_VERSION="21.0.10+-14961533-b1163.108" 
LIBC="default" 
OS_ARCH="x86_64" 
OS_NAME="Windows" 
SOURCE=".:git:1351622c2ff2" 

Environment Variables:
PATH=C:\Program Files\Common Files\Oracle\Java\javapath;C:\WINDOWS\system32;C:\WINDOWS;C:\WINDOWS\System32\Wbem;C:\WINDOWS\System32\WindowsPowerShell\v1.0\;C:\WINDOWS\System32\OpenSSH\;C:\Program Files\MongoDB\Server\8.0\bin;C:\MinGW\bin;C:\Program Files\nodejs\;C:\msys64\mingw64\bin;C:\Users\DELL\AppData\Local\Programs\Python\Launcher\;C:\Users\DELL\AppData\Local\Programs\Python\Python313\Scripts\;C:\Users\DELL\AppData\Local\Programs\Python\Python313\;C:\Users\DELL\AppData\Local\Programs\Python\Python312\Scripts\;C:\Users\DELL\AppData\Local\Programs\Python\Python312\;C:\Users\DELL\AppData\Local\Microsoft\WindowsApps;C:\Users\DELL\AppData\Local\Programs\Microsoft VS Code\bin;C:\Users\DELL\AppData\Local\JetBrains\IntelliJ IDEA Community Edition 2024.1.4\bin;;C:\Program Files\mingw-w64-v11.0.0\mingw-w64-v11.0.0;C:\MinGW\bin;C:\msys64\ucrt64\bin;C:\Users\DELL\AppData\Roaming\npm
USERNAME=DELL
OS=Windows_NT
PROCESSOR_IDENTIFIER=Intel64 Family 6 Model 142 Stepping 10, GenuineIntel
TMP=C:\Users\DELL\AppData\Local\Temp
TEMP=C:\Users\DELL\AppData\Local\Temp




Periodic native trim disabled

JNI global refs:
JNI global refs: 28, weak refs: 2

JNI global refs memory usage: 835, weak refs: 833

Process memory usage:
Resident Set Size: 625960K (7% of 8243644K total physical memory with 665396K free physical memory)

OOME stack traces (most recent first):
Classloader memory used:
Loader org.gradle.internal.classloader.VisitableURLClassLoader                         : 46219K
Loader org.gradle.internal.classloader.VisitableURLClassLoader$InstrumentingVisitableURLClassLoader: 37246K
Loader bootstrap                                                                       : 29262K
Loader org.gradle.initialization.MixInLegacyTypesClassLoader                           : 13327K
Loader jdk.internal.loader.ClassLoaders$AppClassLoader                                 : 8137K
Loader jdk.internal.loader.ClassLoaders$PlatformClassLoader                            : 644K
Loader jdk.internal.reflect.DelegatingClassLoader                                      : 385K
Loader org.gradle.internal.classloader.VisitableURLClassLoader                         : 203K
Loader org.gradle.groovy.scripts.internal.DefaultScriptCompilationHandler$ScriptClassLoader: 129K

Classes loaded by more than one classloader:
Class Program                                                                         : loaded 5 times (x 72B)
Class Build_gradle                                                                    : loaded 3 times (x 126B)
Class com.google.common.collect.RegularImmutableMap$KeySet                            : loaded 2 times (x 152B)
Class org.gradle.internal.classloader.FilteringClassLoader                            : loaded 2 times (x 105B)
Class com.google.common.base.CharMatcher$IsEither                                     : loaded 2 times (x 111B)
Class org.gradle.internal.classloader.ClassLoaderHierarchy                            : loaded 2 times (x 70B)
Class com.google.common.collect.ImmutableEnumSet                                      : loaded 2 times (x 146B)
Class com.google.common.util.concurrent.ExecutionError                                : loaded 2 times (x 82B)
Class com.google.common.collect.ImmutableList$1                                       : loaded 2 times (x 97B)
Class ijJvmDebugger1_858lgih2bb2q0e27cpsinjh49$_run_closure1                          : loaded 2 times (x 139B)
Class com.google.common.io.ByteArrayDataOutput                                        : loaded 2 times (x 70B)
Class com.google.common.collect.RegularImmutableMap                                   : loaded 2 times (x 121B)
Class com.google.common.collect.ImmutableMap$MapViewOfValuesAsSingletonSets           : loaded 2 times (x 126B)
Class [Lorg.objectweb.asm.Symbol;                                                     : loaded 2 times (x 69B)
Class org.objectweb.asm.ClassVisitor                                                  : loaded 2 times (x 88B)
Class com.google.common.collect.UnmodifiableListIterator                              : loaded 2 times (x 95B)
Class com.google.common.base.Platform$JdkPatternCompiler                              : loaded 2 times (x 75B)
Class org.objectweb.asm.MethodTooLargeException                                       : loaded 2 times (x 83B)
Class [Lcom.google.common.cache.CacheBuilder$OneWeigher;                              : loaded 2 times (x 69B)
Class com.google.common.base.Suppliers                                                : loaded 2 times (x 71B)
Class org.gradle.internal.classloader.DefaultClassLoaderFactory                       : loaded 2 times (x 82B)
Class [Lcom.google.common.collect.ImmutableMapEntry;                                  : loaded 2 times (x 69B)
Class com.google.common.collect.ListMultimap                                          : loaded 2 times (x 70B)
Class com.google.common.collect.ImmutableEnumMap                                      : loaded 2 times (x 126B)
Class com.google.common.collect.Sets$1                                                : loaded 2 times (x 139B)
Class org.objectweb.asm.AnnotationVisitor                                             : loaded 2 times (x 78B)
Class org.gradle.api.internal.DefaultClassPathProvider                                : loaded 2 times (x 76B)
Class com.google.common.collect.Sets$2                                                : loaded 2 times (x 139B)
Class [Lorg.gradle.api.internal.ClassPathProvider;                                    : loaded 2 times (x 69B)
Class org.gradle.api.internal.ClassPathProvider                                       : loaded 2 times (x 70B)
Class [Lorg.objectweb.asm.AnnotationVisitor;                                          : loaded 2 times (x 69B)
Class com.google.common.collect.Sets$3                                                : loaded 2 times (x 139B)
Class com.google.common.cache.LocalCache$LocalLoadingCache                            : loaded 2 times (x 134B)
Class org.gradle.internal.service.UnknownServiceException                             : loaded 2 times (x 83B)
Class com.google.common.io.ByteArrayDataInput                                         : loaded 2 times (x 70B)
Class com.google.common.collect.Sets$4                                                : loaded 2 times (x 139B)
Class org.objectweb.asm.ModuleVisitor                                                 : loaded 2 times (x 81B)
Class com.google.common.cache.LocalCache$Strength$1                                   : loaded 2 times (x 81B)
Class com.google.common.util.concurrent.SettableFuture                                : loaded 2 times (x 114B)
Class com.google.common.cache.LocalCache$Strength$2                                   : loaded 2 times (x 81B)
Class com.google.common.io.ByteStreams                                                : loaded 2 times (x 71B)
Class com.google.common.cache.LocalCache$Strength$3                                   : loaded 2 times (x 81B)
Class com.google.common.collect.MapDifference                                         : loaded 2 times (x 70B)
Class org.objectweb.asm.FieldWriter                                                   : loaded 2 times (x 78B)
Class com.google.common.cache.CacheBuilder$NullListener                               : loaded 2 times (x 82B)
Class org.gradle.internal.classpath.TransformedClassPath                              : loaded 2 times (x 96B)
Class org.gradle.internal.classloader.InstrumentingClassLoader                        : loaded 2 times (x 70B)
Class com.google.common.cache.CacheLoader$FunctionToCacheLoader                       : loaded 2 times (x 75B)
Class com.google.common.collect.Iterators$ArrayItr                                    : loaded 2 times (x 97B)
Class com.google.common.collect.ImmutableCollection$Builder                           : loaded 2 times (x 76B)
Class com.google.common.base.Joiner                                                   : loaded 2 times (x 79B)
Class com.google.common.base.MoreObjects                                              : loaded 2 times (x 71B)
Class com.google.common.collect.Platform                                              : loaded 2 times (x 71B)
Class com.google.common.base.PairwiseEquivalence                                      : loaded 2 times (x 83B)
Class com.google.common.collect.UnmodifiableIterator                                  : loaded 2 times (x 80B)
Class org.gradle.internal.service.ServiceLocator                                      : loaded 2 times (x 70B)
Class com.google.common.base.Ascii                                                    : loaded 2 times (x 71B)
Class com.google.common.collect.SingletonImmutableBiMap                               : loaded 2 times (x 143B)
Class com.google.common.cache.LocalCache$1                                            : loaded 2 times (x 89B)
Class com.google.common.collect.Iterators$SingletonIterator                           : loaded 2 times (x 81B)
Class com.google.common.collect.AbstractMapEntry                                      : loaded 2 times (x 81B)
Class com.google.common.collect.Sets$ImprovedAbstractSet                              : loaded 2 times (x 135B)
Class com.google.common.collect.ImmutableList$Builder                                 : loaded 2 times (x 77B)
Class com.google.common.collect.AbstractMultimap                                      : loaded 2 times (x 123B)
Class com.google.common.cache.LocalCache$2                                            : loaded 2 times (x 142B)
Class ijJvmDebugger1_858lgih2bb2q0e27cpsinjh49$_run_closure1$_closure2                : loaded 2 times (x 140B)
Class com.google.common.collect.RegularImmutableAsList                                : loaded 2 times (x 217B)
Class com.google.common.util.concurrent.AbstractFuture$Trusted                        : loaded 2 times (x 70B)
Class com.google.common.collect.Iterators                                             : loaded 2 times (x 71B)
Class com.google.common.collect.Lists$StringAsImmutableList                           : loaded 2 times (x 207B)
Class com.google.common.util.concurrent.UncheckedExecutionException                   : loaded 2 times (x 82B)
Class org.gradle.kotlin.dsl.VersionCatalogAccessorsKt                                 : loaded 2 times (x 71B)
Class com.google.common.collect.AbstractMapBasedMultimap$KeySet$1                     : loaded 2 times (x 82B)
Class org.objectweb.asm.ClassWriter                                                   : loaded 2 times (x 106B)
Class com.google.common.base.CharMatcher$And                                          : loaded 2 times (x 112B)
Class com.google.common.cache.CacheLoader$UnsupportedLoadingOperationException        : loaded 2 times (x 82B)
Class com.google.common.base.Objects                                                  : loaded 2 times (x 71B)
Class org.objectweb.asm.FieldVisitor                                                  : loaded 2 times (x 77B)
Class com.google.common.collect.IndexedImmutableSet                                   : loaded 2 times (x 152B)
Class com.google.common.collect.ImmutableMap$1                                        : loaded 2 times (x 81B)
Class com.google.common.collect.BiMap                                                 : loaded 2 times (x 70B)
Class org.gradle.api.internal.classpath.DefaultModuleRegistry$DefaultModule           : loaded 2 times (x 82B)
Class com.google.common.primitives.Ints                                               : loaded 2 times (x 71B)
Class com.google.common.collect.AbstractIterator                                      : loaded 2 times (x 82B)
Class com.google.common.collect.ObjectArrays                                          : loaded 2 times (x 71B)
Class com.google.common.math.MathPreconditions                                        : loaded 2 times (x 71B)
Class com.google.common.collect.Multiset                                              : loaded 2 times (x 70B)
Class com.google.common.collect.ArrayListMultimapGwtSerializationDependencies         : loaded 2 times (x 172B)
Class com.google.common.collect.AbstractIndexedListIterator                           : loaded 2 times (x 96B)
Class com.google.common.collect.ImmutableMapEntrySet                                  : loaded 2 times (x 152B)
Class org.gradle.api.internal.classpath.Module                                        : loaded 2 times (x 70B)
Class com.google.common.cache.Weigher                                                 : loaded 2 times (x 70B)
Class org.gradle.api.internal.classpath.UnknownModuleException                        : loaded 2 times (x 82B)
Class com.google.common.base.Stopwatch                                                : loaded 2 times (x 72B)
Class com.google.common.cache.LocalCache$Strength                                     : loaded 2 times (x 81B)
Class com.google.common.cache.Cache                                                   : loaded 2 times (x 70B)
Class com.google.common.util.concurrent.AbstractFuture$Cancellation                   : loaded 2 times (x 72B)
Class com.google.common.collect.ImmutableMap$Builder                                  : loaded 2 times (x 82B)
Class com.google.common.cache.RemovalListener                                         : loaded 2 times (x 70B)
Class org.gradle.api.internal.DefaultClassPathRegistry                                : loaded 2 times (x 76B)
Class com.google.common.primitives.IntsMethodsForWeb                                  : loaded 2 times (x 71B)
Class com.google.common.collect.Multimap                                              : loaded 2 times (x 70B)
Class org.gradle.internal.classpath.DefaultClassPath$ImmutableUniqueList              : loaded 2 times (x 199B)
Class org.gradle.api.internal.ClassPathRegistry                                       : loaded 2 times (x 70B)
Class com.google.common.base.ExtraObjectsMethodsForWeb                                : loaded 2 times (x 71B)
Class [Lorg.objectweb.asm.Type;                                                       : loaded 2 times (x 69B)
Class com.google.common.cache.CacheBuilder                                            : loaded 2 times (x 72B)
Class com.google.common.collect.SingletonImmutableList                                : loaded 2 times (x 207B)
Class Settings_gradle$1                                                               : loaded 2 times (x 74B)
Class org.gradle.internal.classpath.ClassPath                                         : loaded 2 times (x 70B)
Class com.google.common.base.JdkPattern                                               : loaded 2 times (x 75B)
Class com.google.common.collect.ImmutableList$ReverseImmutableList                    : loaded 2 times (x 209B)
Class org.objectweb.asm.SymbolTable$Entry                                             : loaded 2 times (x 74B)
Class org.gradle.api.internal.classpath.DefaultModuleRegistry$DefaultModuleAlias      : loaded 2 times (x 80B)
Class org.objectweb.asm.Edge                                                          : loaded 2 times (x 72B)
Class com.google.common.base.Suppliers$SupplierOfInstance                             : loaded 2 times (x 79B)
Class com.google.common.collect.Iterators$1                                           : loaded 2 times (x 81B)
Class com.google.common.cache.LocalCache$ComputingValueReference                      : loaded 2 times (x 96B)
Class com.google.common.collect.SingletonImmutableSet                                 : loaded 2 times (x 146B)
Class com.google.common.collect.ImmutableMap$IteratorBasedImmutableMap                : loaded 2 times (x 126B)
Class com.google.common.cache.LocalCache$Segment                                      : loaded 2 times (x 154B)
Class com.google.common.collect.AbstractListMultimap                                  : loaded 2 times (x 172B)
Class [Lorg.objectweb.asm.SymbolTable$Entry;                                          : loaded 2 times (x 69B)
Class com.google.common.cache.CacheLoader                                             : loaded 2 times (x 74B)
Class com.google.common.collect.Iterators$4                                           : loaded 2 times (x 82B)
Class com.google.common.collect.ImmutableBiMap                                        : loaded 2 times (x 143B)
Class org.gradle.api.internal.classpath.ModuleRegistry                                : loaded 2 times (x 70B)
Class org.gradle.internal.installation.GradleInstallation$1                           : loaded 2 times (x 75B)
Class com.google.common.collect.ImmutableSet$JdkBackedSetBuilderImpl                  : loaded 2 times (x 76B)
Class com.google.common.util.concurrent.internal.InternalFutureFailureAccess          : loaded 2 times (x 72B)
Class com.google.common.collect.Iterators$5                                           : loaded 2 times (x 82B)
Class com.google.common.base.CharMatcher$ForPredicate                                 : loaded 2 times (x 112B)
Class com.google.common.cache.LocalCache$LocalManualCache$1                           : loaded 2 times (x 75B)
Class ijKotlinCoroutineJvmDebugInit1_7ur5bwen8i9sx3ssfdbh6sgvx$_run_closure1$_closure2: loaded 2 times (x 139B)
Class com.google.common.base.CharMatcher$AnyOf                                        : loaded 2 times (x 112B)
Class com.google.common.collect.ImmutableCollection                                   : loaded 2 times (x 125B)
Class org.gradle.api.internal.classpath.DefaultModuleRegistry                         : loaded 2 times (x 84B)
Class com.google.common.collect.Lists                                                 : loaded 2 times (x 71B)
Class com.google.common.util.concurrent.ListenableFuture                              : loaded 2 times (x 70B)
Class com.google.common.cache.ReferenceEntry                                          : loaded 2 times (x 70B)
Class com.google.common.base.Converter                                                : loaded 2 times (x 90B)
Class com.google.common.collect.ImmutableSet$CachingAsList                            : loaded 2 times (x 148B)
Class com.google.common.collect.AbstractMapBasedMultimap                              : loaded 2 times (x 139B)
Class com.google.common.util.concurrent.AbstractFuture                                : loaded 2 times (x 106B)
Class com.google.common.base.FunctionalEquivalence                                    : loaded 2 times (x 83B)
Class com.google.common.collect.Iterators$9                                           : loaded 2 times (x 81B)
Class com.google.common.collect.ImmutableAsList                                       : loaded 2 times (x 209B)
Class org.objectweb.asm.RecordComponentVisitor                                        : loaded 2 times (x 77B)
Class com.google.common.cache.CacheLoader$SupplierToCacheLoader                       : loaded 2 times (x 75B)
Class org.gradle.internal.service.ServiceLookupException                              : loaded 2 times (x 82B)
Class [Lcom.google.common.cache.LocalCache$EntryFactory;                              : loaded 2 times (x 69B)
Class org.gradle.internal.classloader.ClassLoaderFactory                              : loaded 2 times (x 70B)
Class com.google.common.base.CommonPattern                                            : loaded 2 times (x 74B)
Class com.google.common.base.CharMatcher$IsNot                                        : loaded 2 times (x 111B)
Class com.google.common.cache.LocalCache$LocalManualCache                             : loaded 2 times (x 99B)
Class org.gradle.internal.service.CachingServiceLocator                               : loaded 2 times (x 82B)
Class com.google.common.collect.AbstractMapBasedMultimap$KeySet                       : loaded 2 times (x 137B)
Class com.google.common.math.IntMath                                                  : loaded 2 times (x 71B)
Class com.google.common.collect.ImmutableMapEntry                                     : loaded 2 times (x 85B)
Class com.google.common.base.Equivalence                                              : loaded 2 times (x 82B)
Class com.google.common.base.Function                                                 : loaded 2 times (x 70B)
Class com.google.common.collect.ImmutableMapEntry$NonTerminalImmutableMapEntry        : loaded 2 times (x 85B)
Class com.google.common.collect.IndexedImmutableSet$1                                 : loaded 2 times (x 213B)
Class com.google.common.cache.CacheBuilder$OneWeigher                                 : loaded 2 times (x 82B)
Class com.google.common.collect.RegularImmutableList                                  : loaded 2 times (x 213B)
Class org.gradle.internal.classloader.ClasspathUtil                                   : loaded 2 times (x 71B)
Class com.google.common.util.concurrent.Uninterruptibles                              : loaded 2 times (x 71B)
Class com.google.common.util.concurrent.LazyLogger                                    : loaded 2 times (x 72B)
Class com.google.common.collect.Maps                                                  : loaded 2 times (x 71B)
Class org.gradle.api.specs.Spec                                                       : loaded 2 times (x 70B)
Class [Lcom.google.common.collect.ImmutableEntry;                                     : loaded 2 times (x 69B)
Class com.google.common.cache.LocalCache$LoadingValueReference                        : loaded 2 times (x 96B)
Class com.google.common.base.Platform                                                 : loaded 2 times (x 71B)
Class [Lorg.objectweb.asm.AnnotationWriter;                                           : loaded 2 times (x 69B)
Class com.google.common.collect.Maps$8                                                : loaded 2 times (x 82B)
Class com.google.common.collect.Sets$SetView                                          : loaded 2 times (x 138B)
Class com.google.common.cache.LocalCache$StrongValueReference                         : loaded 2 times (x 90B)
Class org.objectweb.asm.Type                                                          : loaded 2 times (x 72B)
Class org.gradle.internal.classloader.VisitableURLClassLoader$InstrumentingVisitableURLClassLoader: loaded 2 times (x 123B)
Class com.google.common.math.IntMath$1                                                : loaded 2 times (x 71B)
Class org.objectweb.asm.ByteVector                                                    : loaded 2 times (x 79B)
Class [Lcom.google.common.cache.CacheBuilder$NullListener;                            : loaded 2 times (x 69B)
Class org.gradle.internal.classloader.VisitableURLClassLoader$Spec                    : loaded 2 times (x 74B)
Class org.gradle.internal.classpath.DefaultClassPath                                  : loaded 2 times (x 90B)
Class org.objectweb.asm.Symbol                                                        : loaded 2 times (x 73B)
Class ijKotlinCoroutineJvmDebugInit1_7ur5bwen8i9sx3ssfdbh6sgvx$_run_closure1          : loaded 2 times (x 139B)
Class com.google.common.io.Closer                                                     : loaded 2 times (x 78B)
Class com.google.common.base.CharMatcher$BitSetMatcher                                : loaded 2 times (x 112B)
Class com.google.common.collect.RegularImmutableMap$Values                            : loaded 2 times (x 207B)
Class com.google.common.collect.ImmutableSet                                          : loaded 2 times (x 145B)
Class org.gradle.internal.classloader.ClassLoaderSpec                                 : loaded 2 times (x 71B)
Class org.objectweb.asm.AnnotationWriter                                              : loaded 2 times (x 79B)
Class com.google.common.cache.CacheStats                                              : loaded 2 times (x 71B)
Class com.google.common.io.Closer$Suppressor                                          : loaded 2 times (x 70B)
Class org.objectweb.asm.RecordComponentWriter                                         : loaded 2 times (x 78B)
Class com.google.common.util.concurrent.AbstractFuture$Listener                       : loaded 2 times (x 72B)
Class com.google.common.base.CharMatcher$Or                                           : loaded 2 times (x 112B)
Class Settings_gradle$1$1                                                             : loaded 2 times (x 74B)
Class ijKotlinCoroutineJvmDebugInit1_7ur5bwen8i9sx3ssfdbh6sgvx                        : loaded 2 times (x 171B)
Class org.gradle.api.internal.classpath.Module$ModuleAlias                            : loaded 2 times (x 70B)
Class org.objectweb.asm.Attribute                                                     : loaded 2 times (x 77B)
Class com.google.common.base.Supplier                                                 : loaded 2 times (x 70B)
Class org.gradle.internal.classloader.VisitableURLClassLoader                         : loaded 2 times (x 117B)
Class Settings_gradle                                                                 : loaded 2 times (x 124B)
Class org.gradle.internal.Cast                                                        : loaded 2 times (x 71B)
Class org.gradle.api.Action                                                           : loaded 2 times (x 70B)
Class com.google.common.base.Strings                                                  : loaded 2 times (x 71B)
Class com.google.common.collect.Sets                                                  : loaded 2 times (x 71B)
Class org.objectweb.asm.Handler                                                       : loaded 2 times (x 72B)
Class com.google.common.base.CharMatcher$FastMatcher                                  : loaded 2 times (x 111B)
Class com.google.common.base.Ticker                                                   : loaded 2 times (x 72B)
Class [Lcom.google.common.cache.LocalCache$Segment;                                   : loaded 2 times (x 69B)
Class com.google.common.base.Predicate                                                : loaded 2 times (x 70B)
Class [Lcom.google.common.cache.LocalCache$Strength;                                  : loaded 2 times (x 69B)
Class com.google.common.cache.CacheBuilder$1                                          : loaded 2 times (x 85B)
Class com.google.common.collect.ImmutableMap                                          : loaded 2 times (x 120B)
Class org.gradle.internal.classpath.DefaultClassPath$ImmutableUniqueList$Builder      : loaded 2 times (x 75B)
Class com.google.common.base.CharMatcher$NegatedFastMatcher                           : loaded 2 times (x 113B)
Class com.google.common.cache.LocalCache                                              : loaded 2 times (x 187B)
Class com.google.common.cache.CacheBuilder$2                                          : loaded 2 times (x 79B)
Class com.google.common.collect.ArrayListMultimap                                     : loaded 2 times (x 172B)
Class com.google.common.cache.CacheBuilder$3                                          : loaded 2 times (x 72B)
Class [Lcom.google.common.collect.AbstractMapEntry;                                   : loaded 2 times (x 69B)
Class com.google.common.collect.ImmutableEntry                                        : loaded 2 times (x 82B)
Class org.gradle.api.GradleException                                                  : loaded 2 times (x 82B)
Class com.google.common.base.Suppliers$MemoizingSupplier                              : loaded 2 times (x 79B)
Class com.google.common.collect.CollectPreconditions                                  : loaded 2 times (x 71B)
Class com.google.common.collect.SortedMapDifference                                   : loaded 2 times (x 70B)
Class com.google.common.cache.LocalCache$EntryFactory                                 : loaded 2 times (x 83B)
Class com.google.common.cache.LocalCache$AbstractReferenceEntry                       : loaded 2 times (x 107B)
Class org.gradle.internal.IoActions                                                   : loaded 2 times (x 71B)
Class org.objectweb.asm.SymbolTable                                                   : loaded 2 times (x 72B)
Class com.google.common.cache.CacheLoader$InvalidCacheLoadException                   : loaded 2 times (x 82B)
Class com.google.common.collect.ImmutableSet$RegularSetBuilderImpl                    : loaded 2 times (x 77B)
Class com.google.common.cache.LocalCache$StrongEntry                                  : loaded 2 times (x 108B)
Class com.google.common.util.concurrent.AbstractFuture$TrustedFuture                  : loaded 2 times (x 114B)
Class com.google.common.cache.LoadingCache                                            : loaded 2 times (x 70B)
Class com.google.common.io.ByteStreams$LimitedInputStream                             : loaded 2 times (x 92B)
Class com.google.common.base.Suppliers$NonSerializableMemoizingSupplier               : loaded 2 times (x 79B)
Class org.objectweb.asm.MethodWriter                                                  : loaded 2 times (x 106B)
Class [Lcom.google.common.cache.Weigher;                                              : loaded 2 times (x 69B)
Class com.google.common.collect.RegularImmutableMap$BucketOverflowException           : loaded 2 times (x 82B)
Class com.google.common.collect.RegularImmutableBiMap                                 : loaded 2 times (x 149B)
Class com.google.common.base.CharMatcher$Is                                           : loaded 2 times (x 111B)
Class com.google.common.base.CharMatcher$Negated                                      : loaded 2 times (x 113B)
Class com.google.common.cache.LocalCache$ValueReference                               : loaded 2 times (x 70B)
Class com.google.common.base.PatternCompiler                                          : loaded 2 times (x 70B)
Class com.google.common.util.concurrent.AbstractFuture$Failure                        : loaded 2 times (x 72B)
Class com.google.common.base.Equivalence$Equals                                       : loaded 2 times (x 82B)
Class com.google.common.collect.Hashing                                               : loaded 2 times (x 71B)
Class com.google.common.base.Preconditions                                            : loaded 2 times (x 71B)
Class com.google.common.base.Joiner$1                                                 : loaded 2 times (x 80B)
Class org.objectweb.asm.Label                                                         : loaded 2 times (x 73B)
Class org.objectweb.asm.CurrentFrame                                                  : loaded 2 times (x 73B)
Class org.objectweb.asm.ClassTooLargeException                                        : loaded 2 times (x 83B)
Class com.google.common.base.CharMatcher                                              : loaded 2 times (x 111B)
Class com.google.common.collect.PeekingIterator                                       : loaded 2 times (x 70B)
Class com.google.common.collect.Maps$IteratorBasedAbstractMap                         : loaded 2 times (x 125B)
Class com.google.common.base.Joiner$2                                                 : loaded 2 times (x 79B)
Class org.objectweb.asm.Frame                                                         : loaded 2 times (x 73B)
Class org.objectweb.asm.MethodVisitor                                                 : loaded 2 times (x 105B)
Class com.google.common.base.CharMatcher$NamedFastMatcher                             : loaded 2 times (x 112B)
Class com.google.common.base.CharMatcher$1                                            : loaded 2 times (x 113B)
Class com.google.common.cache.LocalCache$EntryFactory$1                               : loaded 2 times (x 83B)
Class [Lcom.google.common.cache.RemovalListener;                                      : loaded 2 times (x 69B)
Class com.google.common.cache.LocalCache$EntryFactory$2                               : loaded 2 times (x 83B)
Class org.objectweb.asm.ModuleWriter                                                  : loaded 2 times (x 82B)
Class com.google.common.cache.LocalCache$EntryFactory$3                               : loaded 2 times (x 83B)
Class com.google.common.base.Ticker$1                                                 : loaded 2 times (x 72B)
Class com.google.common.collect.Maps$BiMapConverter                                   : loaded 2 times (x 90B)
Class com.google.common.collect.ImmutableMapEntrySet$RegularEntrySet                  : loaded 2 times (x 152B)
Class com.google.common.collect.ImmutableSet$Builder                                  : loaded 2 times (x 85B)
Class com.google.common.base.CharMatcher$InRange                                      : loaded 2 times (x 111B)
Class com.google.common.cache.LocalCache$EntryFactory$4                               : loaded 2 times (x 83B)
Class com.google.common.io.ByteStreams$1                                              : loaded 2 times (x 85B)
Class com.google.common.cache.LocalCache$EntryFactory$5                               : loaded 2 times (x 83B)
Class com.google.common.base.Equivalence$Identity                                     : loaded 2 times (x 82B)
Class com.google.common.cache.LocalCache$EntryFactory$6                               : loaded 2 times (x 83B)
Class org.gradle.internal.installation.CurrentGradleInstallationLocator               : loaded 2 times (x 71B)
Class com.google.common.collect.Maps$KeySet                                           : loaded 2 times (x 137B)
Class com.google.common.collect.ImmutableSet$EmptySetBuilderImpl                      : loaded 2 times (x 76B)
Class com.google.common.cache.LocalCache$EntryFactory$7                               : loaded 2 times (x 83B)
Class com.google.common.collect.ImmutableList                                         : loaded 2 times (x 206B)
Class ijJvmDebugger1_858lgih2bb2q0e27cpsinjh49                                        : loaded 2 times (x 171B)
Class org.gradle.internal.service.DefaultServiceLocator                               : loaded 2 times (x 83B)
Class com.google.common.cache.LocalCache$EntryFactory$8                               : loaded 2 times (x 83B)
Class com.google.common.collect.ImmutableSet$SetBuilderImpl                           : loaded 2 times (x 76B)
Class org.gradle.internal.installation.CurrentGradleInstallation                      : loaded 2 times (x 73B)
Class com.google.common.cache.CacheLoader$1                                           : loaded 2 times (x 75B)
Class com.google.common.collect.ForwardingObject                                      : loaded 2 times (x 72B)
Class com.google.common.collect.ImmutableList$SubList                                 : loaded 2 times (x 209B)
Class org.gradle.util.internal.GUtil                                                  : loaded 2 times (x 71B)
Class com.google.common.cache.AbstractCache$StatsCounter                              : loaded 2 times (x 70B)
Class com.google.common.collect.Iterators$MergingIterator                             : loaded 2 times (x 81B)
Class com.google.common.collect.RegularImmutableSet                                   : loaded 2 times (x 149B)
Class org.gradle.internal.installation.GradleInstallation                             : loaded 2 times (x 75B)
Class com.google.common.collect.Iterables                                             : loaded 2 times (x 71B)

---------------  S Y S T E M  ---------------

OS:
 Windows 11 , 64 bit Build 26100 (10.0.26100.6725)
OS uptime: 0 days 1:40 hours
Hyper-V role detected

CPU: total 4 (initial active 4) (4 cores per cpu, 2 threads per core) family 6 model 142 stepping 10 microcode 0xf4, cx8, cmov, fxsr, ht, mmx, 3dnowpref, sse, sse2, sse3, ssse3, sse4.1, sse4.2, popcnt, lzcnt, tsc, tscinvbit, avx, avx2, aes, erms, clmul, bmi1, bmi2, rtm, adx, fma, vzeroupper, clflush, clflushopt, hv, rdtscp, f16c
Processor Information for the first 4 processors :
  Max Mhz: 1896, Current Mhz: 1896, Mhz Limit: 1896

Memory: 4k page, system-wide physical 8050M (649M free)
TotalPageFile size 8050M (AvailPageFile size 28M)
current process WorkingSet (physical memory assigned to process): 611M, peak: 612M
current process commit charge ("private bytes"): 658M, peak: 686M

vm_info: OpenJDK 64-Bit Server VM (21.0.10+-14961533-b1163.108) for windows-amd64 JRE (21.0.10+-14961533-b1163.108), built on 2026-03-02T19:58:50Z by "builder" with MS VC++ 16.10 / 16.11 (VS2019)

END.
