#
# There is insufficient memory for the Java Runtime Environment to continue.
# Native memory allocation (mmap) failed to map 65536 bytes. Error detail: Failed to commit metaspace.
# Possible reasons:
#   The system is out of physical RAM or swap space
#   This process is running with CompressedOops enabled, and the Java Heap may be blocking the growth of the native heap
# Possible solutions:
#   Reduce memory load on the system
#   Increase physical memory or swap space
#   Check if swap backing store is full
#   Decrease Java heap size (-Xmx/-Xms)
#   Decrease number of Java threads
#   Decrease Java thread stack sizes (-Xss)
#   Set larger code cache with -XX:ReservedCodeCacheSize=
#   JVM is running with Unscaled Compressed Oops mode in which the Java heap is
#     placed in the first 4GB address space. The Java Heap base address is the
#     maximum limit for the native heap growth. Please use -XX:HeapBaseMinAddress
#     to set the Java Heap base and to place the Java Heap above 4GB virtual address.
# This output file may be truncated or incomplete.
#
#  Out of Memory Error (virtualSpaceNode.cpp:113), pid=19036, tid=20332
#
# JRE version: OpenJDK Runtime Environment (21.0.10) (build 21.0.10+-14961533-b1163.108)
# Java VM: OpenJDK 64-Bit Server VM (21.0.10+-14961533-b1163.108, mixed mode, tiered, compressed oops, compressed class ptrs, g1 gc, windows-amd64)
# No core dump will be written. Minidumps are not enabled by default on client versions of Windows
#

---------------  S U M M A R Y ------------

Command Line: --add-opens=java.base/java.lang=ALL-UNNAMED --add-opens=java.base/java.lang.invoke=ALL-UNNAMED --add-opens=java.base/java.util=ALL-UNNAMED --add-opens=java.prefs/java.util.prefs=ALL-UNNAMED --add-exports=jdk.compiler/com.sun.tools.javac.api=ALL-UNNAMED --add-exports=jdk.compiler/com.sun.tools.javac.util=ALL-UNNAMED --add-opens=java.base/java.util=ALL-UNNAMED --add-opens=java.prefs/java.util.prefs=ALL-UNNAMED --add-opens=java.base/java.nio.charset=ALL-UNNAMED --add-opens=java.base/java.net=ALL-UNNAMED --add-opens=java.base/java.util.concurrent=ALL-UNNAMED --add-opens=java.base/java.util.concurrent.atomic=ALL-UNNAMED --add-opens=java.xml/javax.xml.namespace=ALL-UNNAMED --add-opens=java.base/java.time=ALL-UNNAMED -Xmx2048m -Dfile.encoding=UTF-8 -Duser.country=IN -Duser.language=en -Duser.variant -javaagent:C:\Users\DELL\.gradle\wrapper\dists\gradle-9.4.1-bin\arn2x92ynaizyzdaamcbpbhtj\gradle-9.4.1\lib\agents\gradle-instrumentation-agent-9.4.1.jar org.gradle.launcher.daemon.bootstrap.GradleDaemon 9.4.1

Host: Intel(R) Core(TM) i5-8350U CPU @ 1.70GHz, 4 cores, 7G,  Windows 11 , 64 bit Build 26100 (10.0.26100.6725)
Time: Fri May 29 21:03:55 2026 India Standard Time elapsed time: 50.153785 seconds (0d 0h 0m 50s)

---------------  T H R E A D  ---------------

Current thread (0x000002108b5b5f20):  JavaThread "Execution worker"        [_thread_in_vm, id=20332, stack(0x0000009b3eb00000,0x0000009b3ec00000) (1024K)]

Stack: [0x0000009b3eb00000,0x0000009b3ec00000]
Native frames: (J=compiled Java code, j=interpreted, Vv=VM code, C=native code)
V  [jvm.dll+0x6d78a9]
V  [jvm.dll+0x8665b3]
V  [jvm.dll+0x868bde]
V  [jvm.dll+0x8692c3]
V  [jvm.dll+0x280ee6]
V  [jvm.dll+0x86146e]
V  [jvm.dll+0x67add5]
V  [jvm.dll+0x1e4911]
V  [jvm.dll+0x1e46de]
V  [jvm.dll+0x67d728]
V  [jvm.dll+0x67d562]
V  [jvm.dll+0x67b7ce]
V  [jvm.dll+0x26ce00]
V  [jvm.dll+0x2172eb]
V  [jvm.dll+0x20c73a]
V  [jvm.dll+0x5b7f75]
V  [jvm.dll+0x7df903]
V  [jvm.dll+0x7dfa4b]
V  [jvm.dll+0x4730c7]
V  [jvm.dll+0x478a18]
C  [java.dll+0x17ec]

Java frames: (J=compiled Java code, j=interpreted, Vv=VM code)
J 920  java.lang.ClassLoader.defineClass1(Ljava/lang/ClassLoader;Ljava/lang/String;[BIILjava/security/ProtectionDomain;Ljava/lang/String;)Ljava/lang/Class; java.base@21.0.10 (0 bytes) @ 0x00000210ede1d089 [0x00000210ede1cfc0+0x00000000000000c9]
J 9253 c2 java.security.SecureClassLoader.defineClass(Ljava/lang/String;[BIILjava/security/CodeSource;)Ljava/lang/Class; java.base@21.0.10 (16 bytes) @ 0x00000210ee19fa70 [0x00000210ee19f400+0x0000000000000670]
J 8696 c2 java.net.URLClassLoader$1.run()Ljava/lang/Object; java.base@21.0.10 (5 bytes) @ 0x00000210ee207970 [0x00000210ee206a00+0x0000000000000f70]
J 8796 c2 java.net.URLClassLoader.findClass(Ljava/lang/String;)Ljava/lang/Class; java.base@21.0.10 (47 bytes) @ 0x00000210ee23425c [0x00000210ee2341a0+0x00000000000000bc]
J 16714 c1 org.gradle.internal.classloader.VisitableURLClassLoader$InstrumentingVisitableURLClassLoader.findClass(Ljava/lang/String;)Ljava/lang/Class; (36 bytes) @ 0x00000210e6c3d6cc [0x00000210e6c3d600+0x00000000000000cc]
J 4483 c2 java.lang.ClassLoader.loadClass(Ljava/lang/String;Z)Ljava/lang/Class; java.base@21.0.10 (121 bytes) @ 0x00000210ee06bdb8 [0x00000210ee0684a0+0x0000000000003918]
J 3609 c2 java.lang.ClassLoader.loadClass(Ljava/lang/String;)Ljava/lang/Class; java.base@21.0.10 (7 bytes) @ 0x00000210ede535ec [0x00000210ede535a0+0x000000000000004c]
v  ~StubRoutines::call_stub 0x00000210ed82100d
j  com.android.tools.r8.GlobalSyntheticsGenerator.a(Lcom/android/tools/r8/internal/vk1;Ljava/util/concurrent/ExecutorService;Lcom/android/tools/r8/utils/i;)V+92
j  com.android.tools.r8.GlobalSyntheticsGenerator$$Lambda+0x0000000101518d90.run()V+12
j  com.android.tools.r8.internal.us0.a(Lcom/android/tools/r8/internal/ek3;Lcom/android/tools/r8/internal/us0$a;)V+2
j  com.android.tools.r8.GlobalSyntheticsGenerator.a(Lcom/android/tools/r8/utils/i;Lcom/android/tools/r8/internal/vk1;Ljava/util/concurrent/ExecutorService;)V+13
j  com.android.tools.r8.GlobalSyntheticsGenerator.a(Lcom/android/tools/r8/utils/i;Lcom/android/tools/r8/internal/vk1;)V+7
j  com.android.tools.r8.GlobalSyntheticsGenerator.run(Lcom/android/tools/r8/GlobalSyntheticsGeneratorCommand;)V+8
j  com.android.builder.dexing.GlobalSyntheticsGeneratorTool.generate(Ljava/util/Collection;ILjava/nio/file/Path;)V+54
j  com.android.build.gradle.internal.tasks.GlobalSyntheticsGeneratorTask.doTaskAction()V+168
j  com.android.build.gradle.internal.tasks.NonIncrementalTask$taskAction$$inlined$recordTaskAction$1.invoke()V+16
j  com.android.build.gradle.internal.tasks.Blocks.recordSpan(Ljava/lang/String;Lcom/google/wireless/android/sdk/stats/GradleBuildProfileSpan$ExecutionType;Lcom/android/build/gradle/internal/profile/AnalyticsService;Lcom/android/build/gradle/internal/tasks/Blocks$ThrowingBlock;)V+12
j  com.android.build.gradle.internal.tasks.NonIncrementalTask.taskAction()V+37
j  java.lang.invoke.DirectMethodHandle$Holder.invokeSpecial(Ljava/lang/Object;Ljava/lang/Object;)V+10 java.base@21.0.10
j  java.lang.invoke.LambdaForm$MH+0x000000010037c800.invoke(Ljava/lang/Object;Ljava/lang/Object;)Ljava/lang/Object;+31 java.base@21.0.10
J 12227 c2 jdk.internal.reflect.DirectMethodHandleAccessor.invoke(Ljava/lang/Object;[Ljava/lang/Object;)Ljava/lang/Object; java.base@21.0.10 (92 bytes) @ 0x00000210ee49b068 [0x00000210ee49aec0+0x00000000000001a8]
J 3376 c1 org.gradle.internal.reflect.JavaMethod.invoke(Ljava/lang/Object;[Ljava/lang/Object;)Ljava/lang/Object; (87 bytes) @ 0x00000210e640c91c [0x00000210e640c3c0+0x000000000000055c]
j  org.gradle.api.internal.project.taskfactory.StandardTaskAction.doExecute(Lorg/gradle/api/Task;Ljava/lang/String;)V+16
j  org.gradle.api.internal.project.taskfactory.StandardTaskAction.execute(Lorg/gradle/api/Task;)V+32
j  org.gradle.api.internal.project.taskfactory.StandardTaskAction.execute(Ljava/lang/Object;)V+5
j  org.gradle.api.internal.tasks.execution.TaskExecution$3.run(Lorg/gradle/internal/operations/BuildOperationContext;)V+23
J 10370 c1 org.gradle.internal.operations.DefaultBuildOperationRunner$1.execute(Lorg/gradle/internal/operations/BuildOperation;Lorg/gradle/internal/operations/BuildOperationContext;)V (10 bytes) @ 0x00000210e730df2c [0x00000210e730dce0+0x000000000000024c]
J 7897 c1 org.gradle.internal.operations.DefaultBuildOperationRunner$2.execute(Lorg/gradle/internal/operations/BuildOperationDescriptor;Lorg/gradle/internal/operations/BuildOperationState;Lorg/gradle/internal/operations/BuildOperationState;Lorg/gradle/internal/operations/DefaultBuildOperationRunner$ReadableBuildOperationContext;Lorg/gradle/internal/operations/DefaultBuildOperationRunner$BuildOperationExecutionListener;)Lorg/gradle/internal/operations/BuildOperation; (110 bytes) @ 0x00000210e6fb31b4 [0x00000210e6fb2fc0+0x00000000000001f4]
J 7906 c1 org.gradle.internal.operations.DefaultBuildOperationRunner$2.execute(Lorg/gradle/internal/operations/BuildOperationDescriptor;Lorg/gradle/internal/operations/BuildOperationState;Lorg/gradle/internal/operations/BuildOperationState;Lorg/gradle/internal/operations/DefaultBuildOperationRunner$ReadableBuildOperationContext;Lorg/gradle/internal/operations/DefaultBuildOperationRunner$BuildOperationExecutionListener;)Ljava/lang/Object; (12 bytes) @ 0x00000210e6fb6dbc [0x00000210e6fb6d40+0x000000000000007c]
J 16330 c1 org.gradle.internal.operations.DefaultBuildOperationRunner.execute(Lorg/gradle/internal/operations/BuildOperationDescriptor$Builder;Lorg/gradle/internal/operations/DefaultBuildOperationRunner$BuildOperationExecution;)Ljava/lang/Object; (147 bytes) @ 0x00000210e7cd6024 [0x00000210e7cd5240+0x0000000000000de4]
J 7629 c1 org.gradle.internal.operations.DefaultBuildOperationRunner.execute(Lorg/gradle/internal/operations/BuildOperation;Lorg/gradle/internal/operations/BuildOperationWorker;)V (22 bytes) @ 0x00000210e6f3be6c [0x00000210e6f3bbe0+0x000000000000028c]
J 10369 c1 org.gradle.internal.operations.DefaultBuildOperationRunner.run(Lorg/gradle/internal/operations/RunnableBuildOperation;)V (9 bytes) @ 0x00000210e730d95c [0x00000210e730d8c0+0x000000000000009c]
j  org.gradle.api.internal.tasks.execution.TaskExecution.executeAction(Ljava/lang/String;Lorg/gradle/api/internal/TaskInternal;Lorg/gradle/api/internal/tasks/InputChangesAwareTaskAction;Lorg/gradle/internal/execution/history/changes/InputChangesInternal;Z)V+30
j  org.gradle.api.internal.tasks.execution.TaskExecution.executeActions(Lorg/gradle/api/internal/TaskInternal;Lorg/gradle/internal/execution/history/changes/InputChangesInternal;)V+131
j  org.gradle.api.internal.tasks.execution.TaskExecution.executeWithPreviousOutputFiles(Lorg/gradle/internal/execution/history/changes/InputChangesInternal;)Lorg/gradle/internal/execution/WorkOutput$WorkResult;+46
j  org.gradle.api.internal.tasks.execution.TaskExecution.execute(Lorg/gradle/internal/execution/ExecutionContext;)Lorg/gradle/internal/execution/WorkOutput;+61
j  org.gradle.internal.execution.steps.ExecuteStep.executeInternal(Lorg/gradle/internal/execution/UnitOfWork;Lorg/gradle/internal/execution/steps/WorkspaceContext;)Lorg/gradle/internal/execution/steps/Result;+13
j  org.gradle.internal.execution.steps.ExecuteStep.access$000(Lorg/gradle/internal/execution/steps/ExecuteStep;Lorg/gradle/internal/execution/UnitOfWork;Lorg/gradle/internal/execution/steps/WorkspaceContext;)Lorg/gradle/internal/execution/steps/Result;+3
j  org.gradle.internal.execution.steps.ExecuteStep$1.call(Lorg/gradle/internal/operations/BuildOperationContext;)Lorg/gradle/internal/execution/steps/Result;+12
j  org.gradle.internal.execution.steps.ExecuteStep$1.call(Lorg/gradle/internal/operations/BuildOperationContext;)Ljava/lang/Object;+2
J 8415 c1 org.gradle.internal.operations.DefaultBuildOperationRunner$CallableBuildOperationWorker.execute(Lorg/gradle/internal/operations/BuildOperation;Lorg/gradle/internal/operations/BuildOperationContext;)V (10 bytes) @ 0x00000210e70e0534 [0x00000210e70e02e0+0x0000000000000254]
J 7897 c1 org.gradle.internal.operations.DefaultBuildOperationRunner$2.execute(Lorg/gradle/internal/operations/BuildOperationDescriptor;Lorg/gradle/internal/operations/BuildOperationState;Lorg/gradle/internal/operations/BuildOperationState;Lorg/gradle/internal/operations/DefaultBuildOperationRunner$ReadableBuildOperationContext;Lorg/gradle/internal/operations/DefaultBuildOperationRunner$BuildOperationExecutionListener;)Lorg/gradle/internal/operations/BuildOperation; (110 bytes) @ 0x00000210e6fb31b4 [0x00000210e6fb2fc0+0x00000000000001f4]
J 7906 c1 org.gradle.internal.operations.DefaultBuildOperationRunner$2.execute(Lorg/gradle/internal/operations/BuildOperationDescriptor;Lorg/gradle/internal/operations/BuildOperationState;Lorg/gradle/internal/operations/BuildOperationState;Lorg/gradle/internal/operations/DefaultBuildOperationRunner$ReadableBuildOperationContext;Lorg/gradle/internal/operations/DefaultBuildOperationRunner$BuildOperationExecutionListener;)Ljava/lang/Object; (12 bytes) @ 0x00000210e6fb6dbc [0x00000210e6fb6d40+0x000000000000007c]
J 16330 c1 org.gradle.internal.operations.DefaultBuildOperationRunner.execute(Lorg/gradle/internal/operations/BuildOperationDescriptor$Builder;Lorg/gradle/internal/operations/DefaultBuildOperationRunner$BuildOperationExecution;)Ljava/lang/Object; (147 bytes) @ 0x00000210e7cd6024 [0x00000210e7cd5240+0x0000000000000de4]
J 7629 c1 org.gradle.internal.operations.DefaultBuildOperationRunner.execute(Lorg/gradle/internal/operations/BuildOperation;Lorg/gradle/internal/operations/BuildOperationWorker;)V (22 bytes) @ 0x00000210e6f3be6c [0x00000210e6f3bbe0+0x000000000000028c]
J 8427 c1 org.gradle.internal.operations.DefaultBuildOperationRunner.call(Lorg/gradle/internal/operations/CallableBuildOperation;)Ljava/lang/Object; (20 bytes) @ 0x00000210e70eba7c [0x00000210e70eb8e0+0x000000000000019c]
j  org.gradle.internal.execution.steps.ExecuteStep.execute(Lorg/gradle/internal/execution/UnitOfWork;Lorg/gradle/internal/execution/steps/WorkspaceContext;)Lorg/gradle/internal/execution/steps/Result;+28
j  org.gradle.internal.execution.steps.ExecuteStep$Mutable.execute(Lorg/gradle/internal/execution/UnitOfWork;Lorg/gradle/internal/execution/steps/Context;)Lorg/gradle/internal/execution/steps/Result;+6
j  org.gradle.internal.execution.steps.CancelExecutionStep.execute(Lorg/gradle/internal/execution/UnitOfWork;Lorg/gradle/internal/execution/steps/Context;)Lorg/gradle/internal/execution/steps/Result;+35
j  org.gradle.internal.execution.steps.TimeoutStep.executeWithoutTimeout(Lorg/gradle/internal/execution/UnitOfWork;Lorg/gradle/internal/execution/steps/Context;)Lorg/gradle/internal/execution/steps/Result;+6
j  org.gradle.internal.execution.steps.TimeoutStep.execute(Lorg/gradle/internal/execution/UnitOfWork;Lorg/gradle/internal/execution/steps/Context;)Lorg/gradle/internal/execution/steps/Result;+92
j  org.gradle.internal.execution.steps.PreCreateOutputParentsStep.execute(Lorg/gradle/internal/execution/UnitOfWork;Lorg/gradle/internal/execution/steps/WorkspaceContext;)Lorg/gradle/internal/execution/steps/Result;+24
j  org.gradle.internal.execution.steps.PreCreateOutputParentsStep.execute(Lorg/gradle/internal/execution/UnitOfWork;Lorg/gradle/internal/execution/steps/Context;)Lorg/gradle/internal/execution/steps/Result;+6
j  org.gradle.internal.execution.steps.RemovePreviousOutputsStep.executeMutable(Lorg/gradle/internal/execution/MutableUnitOfWork;Lorg/gradle/internal/execution/steps/InputChangesContext;)Lorg/gradle/internal/execution/steps/Result;+49
j  org.gradle.internal.execution.steps.RemovePreviousOutputsStep.executeMutable(Lorg/gradle/internal/execution/MutableUnitOfWork;Lorg/gradle/internal/execution/steps/Context;)Lorg/gradle/internal/execution/steps/Result;+6
j  org.gradle.internal.execution.steps.MutableStep.execute(Lorg/gradle/internal/execution/UnitOfWork;Lorg/gradle/internal/execution/steps/Context;)Lorg/gradle/internal/execution/steps/Result;+6
j  org.gradle.internal.execution.steps.BroadcastChangingOutputsStep.execute(Lorg/gradle/internal/execution/UnitOfWork;Lorg/gradle/internal/execution/steps/WorkspaceContext;)Lorg/gradle/internal/execution/steps/Result;+27
j  org.gradle.internal.execution.steps.BroadcastChangingOutputsStep.execute(Lorg/gradle/internal/execution/UnitOfWork;Lorg/gradle/internal/execution/steps/Context;)Lorg/gradle/internal/execution/steps/Result;+6
j  org.gradle.internal.execution.steps.CaptureOutputsAfterExecutionStep.execute(Lorg/gradle/internal/execution/UnitOfWork;Lorg/gradle/internal/execution/steps/WorkspaceContext;)Lorg/gradle/internal/execution/steps/AfterExecutionResult;+6
j  org.gradle.internal.execution.steps.CaptureOutputsAfterExecutionStep.execute(Lorg/gradle/internal/execution/UnitOfWork;Lorg/gradle/internal/execution/steps/Context;)Lorg/gradle/internal/execution/steps/Result;+6
j  org.gradle.internal.execution.steps.ResolveInputChangesStep.executeMutable(Lorg/gradle/internal/execution/MutableUnitOfWork;Lorg/gradle/internal/execution/steps/MutableCachingContext;)Lorg/gradle/internal/execution/steps/Result;+22
j  org.gradle.internal.execution.steps.ResolveInputChangesStep.executeMutable(Lorg/gradle/internal/execution/MutableUnitOfWork;Lorg/gradle/internal/execution/steps/Context;)Lorg/gradle/internal/execution/steps/Result;+6
j  org.gradle.internal.execution.steps.MutableStep.execute(Lorg/gradle/internal/execution/UnitOfWork;Lorg/gradle/internal/execution/steps/Context;)Lorg/gradle/internal/execution/steps/Result;+6
j  org.gradle.internal.execution.steps.BuildCacheStep.executeWithoutCache(Lorg/gradle/internal/execution/UnitOfWork;Lorg/gradle/internal/execution/steps/WorkspaceContext;)Lorg/gradle/internal/execution/steps/AfterExecutionResult;+6
j  org.gradle.internal.execution.steps.BuildCacheStep.lambda$execute$1(Lorg/gradle/internal/execution/UnitOfWork;Lorg/gradle/internal/execution/steps/WorkspaceContext;Lorg/gradle/internal/execution/caching/CachingState$Disabled;)Lorg/gradle/internal/execution/steps/AfterExecutionResult;+3
j  org.gradle.internal.execution.steps.BuildCacheStep$$Lambda+0x0000000101492e38.apply(Ljava/lang/Object;)Ljava/lang/Object;+16
j  org.gradle.internal.Either$Right.fold(Ljava/util/function/Function;Ljava/util/function/Function;)Ljava/lang/Object;+5
j  org.gradle.internal.execution.caching.CachingState.fold(Ljava/util/function/Function;Ljava/util/function/Function;)Ljava/lang/Object;+6
j  org.gradle.internal.execution.steps.BuildCacheStep.execute(Lorg/gradle/internal/execution/UnitOfWork;Lorg/gradle/internal/execution/steps/WorkspaceContext;)Lorg/gradle/internal/execution/steps/AfterExecutionResult;+25
j  org.gradle.internal.execution.steps.BuildCacheStep.execute(Lorg/gradle/internal/execution/UnitOfWork;Lorg/gradle/internal/execution/steps/Context;)Lorg/gradle/internal/execution/steps/Result;+6
j  org.gradle.internal.execution.steps.StoreExecutionStateStep.executeMutable(Lorg/gradle/internal/execution/MutableUnitOfWork;Lorg/gradle/internal/execution/steps/PreviousExecutionContext;)Lorg/gradle/internal/execution/steps/AfterExecutionResult;+6
j  org.gradle.internal.execution.steps.StoreExecutionStateStep.executeMutable(Lorg/gradle/internal/execution/MutableUnitOfWork;Lorg/gradle/internal/execution/steps/Context;)Lorg/gradle/internal/execution/steps/Result;+6
j  org.gradle.internal.execution.steps.MutableStep.execute(Lorg/gradle/internal/execution/UnitOfWork;Lorg/gradle/internal/execution/steps/Context;)Lorg/gradle/internal/execution/steps/Result;+6
j  org.gradle.internal.execution.steps.SkipUpToDateStep.executeBecause(Lorg/gradle/internal/execution/UnitOfWork;Lcom/google/common/collect/ImmutableList;Lorg/gradle/internal/execution/steps/MutableChangesContext;)Lorg/gradle/internal/execution/steps/UpToDateResult;+11
j  org.gradle.internal.execution.steps.SkipUpToDateStep.lambda$execute$2(Lorg/gradle/internal/execution/UnitOfWork;Lcom/google/common/collect/ImmutableList;Lorg/gradle/internal/execution/steps/MutableChangesContext;)Lorg/gradle/internal/execution/steps/UpToDateResult;+4
j  org.gradle.internal.execution.steps.SkipUpToDateStep$$Lambda+0x000000010148f4b8.get()Ljava/lang/Object;+16
J 7766 c2 java.util.Optional.orElseGet(Ljava/util/function/Supplier;)Ljava/lang/Object; java.base@21.0.10 (21 bytes) @ 0x00000210ee15a9f8 [0x00000210ee15a9a0+0x0000000000000058]
j  org.gradle.internal.execution.steps.SkipUpToDateStep.execute(Lorg/gradle/internal/execution/UnitOfWork;Lorg/gradle/internal/execution/steps/MutableChangesContext;)Lorg/gradle/internal/execution/steps/UpToDateResult;+65
j  org.gradle.internal.execution.steps.SkipUpToDateStep.execute(Lorg/gradle/internal/execution/UnitOfWork;Lorg/gradle/internal/execution/steps/Context;)Lorg/gradle/internal/execution/steps/Result;+6
j  org.gradle.internal.execution.steps.legacy.MarkSnapshottingInputsFinishedStep.execute(Lorg/gradle/internal/execution/UnitOfWork;Lorg/gradle/internal/execution/steps/CachingContext;)Lorg/gradle/internal/execution/steps/Result;+18
j  org.gradle.internal.execution.steps.legacy.MarkSnapshottingInputsFinishedStep.execute(Lorg/gradle/internal/execution/UnitOfWork;Lorg/gradle/internal/execution/steps/Context;)Lorg/gradle/internal/execution/steps/Result;+6
j  org.gradle.internal.execution.steps.ResolveMutableCachingStateStep.executeDelegate(Lorg/gradle/internal/execution/UnitOfWork;Lorg/gradle/internal/execution/steps/MutableChangesContext;Lorg/gradle/internal/execution/caching/CachingState;)Lorg/gradle/internal/execution/steps/UpToDateResult;+14
j  org.gradle.internal.execution.steps.ResolveMutableCachingStateStep.executeDelegate(Lorg/gradle/internal/execution/UnitOfWork;Lorg/gradle/internal/execution/steps/ValidationFinishedContext;Lorg/gradle/internal/execution/caching/CachingState;)Lorg/gradle/internal/execution/steps/UpToDateResult;+7
j  org.gradle.internal.execution.steps.AbstractResolveCachingStateStep.execute(Lorg/gradle/internal/execution/UnitOfWork;Lorg/gradle/internal/execution/steps/ValidationFinishedContext;)Lorg/gradle/internal/execution/steps/CachingResult;+53
j  org.gradle.internal.execution.steps.AbstractResolveCachingStateStep.execute(Lorg/gradle/internal/execution/UnitOfWork;Lorg/gradle/internal/execution/steps/Context;)Lorg/gradle/internal/execution/steps/Result;+6
j  org.gradle.internal.execution.steps.ResolveChangesStep.executeMutable(Lorg/gradle/internal/execution/MutableUnitOfWork;Lorg/gradle/internal/execution/steps/MutableValidationFinishedContext;)Lorg/gradle/internal/execution/steps/Result;+43
j  org.gradle.internal.execution.steps.ResolveChangesStep.executeMutable(Lorg/gradle/internal/execution/MutableUnitOfWork;Lorg/gradle/internal/execution/steps/Context;)Lorg/gradle/internal/execution/steps/Result;+6
j  org.gradle.internal.execution.steps.MutableStep.execute(Lorg/gradle/internal/execution/UnitOfWork;Lorg/gradle/internal/execution/steps/Context;)Lorg/gradle/internal/execution/steps/Result;+6
j  org.gradle.internal.execution.steps.ValidateStep$Mutable.executeDelegate(Lorg/gradle/internal/execution/UnitOfWork;Lorg/gradle/internal/execution/steps/MutableBeforeExecutionContext;Ljava/util/List;)Lorg/gradle/internal/execution/steps/Result;+14
j  org.gradle.internal.execution.steps.ValidateStep$Mutable.executeDelegate(Lorg/gradle/internal/execution/UnitOfWork;Lorg/gradle/internal/execution/steps/BeforeExecutionContext;Ljava/util/List;)Lorg/gradle/internal/execution/steps/Result;+7
j  org.gradle.internal.execution.steps.ValidateStep.execute(Lorg/gradle/internal/execution/UnitOfWork;Lorg/gradle/internal/execution/steps/BeforeExecutionContext;)Lorg/gradle/internal/execution/steps/Result;+63
j  org.gradle.internal.execution.steps.ValidateStep$Mutable.execute(Lorg/gradle/internal/execution/UnitOfWork;Lorg/gradle/internal/execution/steps/Context;)Lorg/gradle/internal/execution/steps/Result;+6
j  org.gradle.internal.execution.steps.CaptureMutableStateBeforeExecutionStep.executeMutable(Lorg/gradle/internal/execution/MutableUnitOfWork;Lorg/gradle/internal/execution/steps/PreviousExecutionContext;)Lorg/gradle/internal/execution/steps/CachingResult;+77
j  org.gradle.internal.execution.steps.CaptureMutableStateBeforeExecutionStep.execute(Lorg/gradle/internal/execution/UnitOfWork;Lorg/gradle/internal/execution/steps/PreviousExecutionContext;)Lorg/gradle/internal/execution/steps/CachingResult;+6
j  org.gradle.internal.execution.steps.CaptureMutableStateBeforeExecutionStep.execute(Lorg/gradle/internal/execution/UnitOfWork;Lorg/gradle/internal/execution/steps/Context;)Lorg/gradle/internal/execution/steps/Result;+6
j  org.gradle.internal.execution.steps.SkipEmptyMutableWorkStep.executeWithNonEmptySources(Lorg/gradle/internal/execution/UnitOfWork;Lorg/gradle/internal/execution/steps/PreviousExecutionContext;)Lorg/gradle/internal/execution/steps/CachingResult;+22
j  org.gradle.internal.execution.steps.SkipEmptyMutableWorkStep.executeMutable(Lorg/gradle/internal/execution/MutableUnitOfWork;Lorg/gradle/internal/execution/steps/PreviousExecutionContext;)Lorg/gradle/internal/execution/steps/CachingResult;+42
j  org.gradle.internal.execution.steps.SkipEmptyMutableWorkStep.executeMutable(Lorg/gradle/internal/execution/MutableUnitOfWork;Lorg/gradle/internal/execution/steps/Context;)Lorg/gradle/internal/execution/steps/Result;+6
j  org.gradle.internal.execution.steps.MutableStep.execute(Lorg/gradle/internal/execution/UnitOfWork;Lorg/gradle/internal/execution/steps/Context;)Lorg/gradle/internal/execution/steps/Result;+6
j  org.gradle.internal.execution.steps.legacy.MarkSnapshottingInputsStartedStep.execute(Lorg/gradle/internal/execution/UnitOfWork;Lorg/gradle/internal/execution/steps/Context;)Lorg/gradle/internal/execution/steps/Result;+12
j  org.gradle.internal.execution.steps.LoadPreviousExecutionStateStep.executeMutable(Lorg/gradle/internal/execution/MutableUnitOfWork;Lorg/gradle/internal/execution/steps/WorkspaceContext;)Lorg/gradle/internal/execution/steps/AfterExecutionResult;+44
j  org.gradle.internal.execution.steps.LoadPreviousExecutionStateStep.executeMutable(Lorg/gradle/internal/execution/MutableUnitOfWork;Lorg/gradle/internal/execution/steps/Context;)Lorg/gradle/internal/execution/steps/Result;+6
j  org.gradle.internal.execution.steps.MutableStep.execute(Lorg/gradle/internal/execution/UnitOfWork;Lorg/gradle/internal/execution/steps/Context;)Lorg/gradle/internal/execution/steps/Result;+6
j  org.gradle.internal.execution.steps.HandleStaleOutputsStep.executeMutable(Lorg/gradle/internal/execution/MutableUnitOfWork;Lorg/gradle/internal/execution/steps/WorkspaceContext;)Lorg/gradle/internal/execution/steps/AfterExecutionResult;+21
j  org.gradle.internal.execution.steps.HandleStaleOutputsStep.executeMutable(Lorg/gradle/internal/execution/MutableUnitOfWork;Lorg/gradle/internal/execution/steps/Context;)Lorg/gradle/internal/execution/steps/Result;+6
j  org.gradle.internal.execution.steps.MutableStep.execute(Lorg/gradle/internal/execution/UnitOfWork;Lorg/gradle/internal/execution/steps/Context;)Lorg/gradle/internal/execution/steps/Result;+6
j  org.gradle.internal.execution.steps.AssignMutableWorkspaceStep.lambda$executeMutable$0(Lorg/gradle/internal/execution/steps/IdentityContext;Lorg/gradle/internal/execution/MutableUnitOfWork;Ljava/io/File;)Lorg/gradle/internal/execution/steps/WorkspaceResult;+18
j  org.gradle.internal.execution.steps.AssignMutableWorkspaceStep$$Lambda+0x0000000101469288.executeInWorkspace(Ljava/io/File;)Ljava/lang/Object;+13
j  org.gradle.api.internal.tasks.execution.TaskExecution$4.withWorkspace(Ljava/lang/String;Lorg/gradle/internal/execution/workspace/MutableWorkspaceProvider$WorkspaceAction;)Ljava/lang/Object;+2
j  org.gradle.internal.execution.steps.AssignMutableWorkspaceStep.executeMutable(Lorg/gradle/internal/execution/MutableUnitOfWork;Lorg/gradle/internal/execution/steps/IdentityContext;)Lorg/gradle/internal/execution/steps/WorkspaceResult;+23
j  org.gradle.internal.execution.steps.AssignMutableWorkspaceStep.executeMutable(Lorg/gradle/internal/execution/MutableUnitOfWork;Lorg/gradle/internal/execution/steps/Context;)Lorg/gradle/internal/execution/steps/Result;+6
j  org.gradle.internal.execution.steps.MutableStep.execute(Lorg/gradle/internal/execution/UnitOfWork;Lorg/gradle/internal/execution/steps/Context;)Lorg/gradle/internal/execution/steps/Result;+6
J 8276 c1 org.gradle.internal.execution.steps.ChoosePipelineStep.execute(Lorg/gradle/internal/execution/UnitOfWork;Lorg/gradle/internal/execution/steps/IdentityContext;)Lorg/gradle/internal/execution/steps/Result; (71 bytes) @ 0x00000210e707ea8c [0x00000210e707e4a0+0x00000000000005ec]
J 8275 c1 org.gradle.internal.execution.steps.ChoosePipelineStep.execute(Lorg/gradle/internal/execution/UnitOfWork;Lorg/gradle/internal/execution/steps/Context;)Lorg/gradle/internal/execution/steps/Result; (10 bytes) @ 0x00000210e707e02c [0x00000210e707dec0+0x000000000000016c]
j  org.gradle.internal.execution.steps.ExecuteWorkBuildOperationFiringStep.lambda$execute$2(Lorg/gradle/internal/execution/UnitOfWork;Lorg/gradle/internal/execution/steps/IdentityContext;)Lorg/gradle/internal/execution/steps/CachingResult;+6
j  org.gradle.internal.execution.steps.ExecuteWorkBuildOperationFiringStep$$Lambda+0x0000000100712760.get()Ljava/lang/Object;+12
J 8290 c1 org.gradle.internal.execution.steps.ExecuteWorkBuildOperationFiringStep.execute(Lorg/gradle/internal/execution/UnitOfWork;Lorg/gradle/internal/execution/steps/Context;)Lorg/gradle/internal/execution/steps/Result; (10 bytes) @ 0x00000210e708c41c [0x00000210e708b4c0+0x0000000000000f5c]
J 8452 c1 org.gradle.internal.execution.steps.IdentityCacheStep.execute(Lorg/gradle/internal/execution/UnitOfWork;Lorg/gradle/internal/execution/steps/IdentityContext;)Lorg/gradle/internal/execution/steps/WorkspaceResult; (15 bytes) @ 0x00000210e70f9244 [0x00000210e70f9140+0x0000000000000104]
j  org.gradle.internal.execution.steps.IdentityCacheStep.execute(Lorg/gradle/internal/execution/UnitOfWork;Lorg/gradle/internal/execution/steps/Context;)Lorg/gradle/internal/execution/steps/Result;+6
j  org.gradle.internal.execution.steps.IdentifyStep.execute(Lorg/gradle/internal/execution/UnitOfWork;Lorg/gradle/internal/execution/steps/ExecutionRequestContext;)Lorg/gradle/internal/execution/steps/Result;+11
j  org.gradle.internal.execution.steps.IdentifyStep.execute(Lorg/gradle/internal/execution/UnitOfWork;Lorg/gradle/internal/execution/steps/Context;)Lorg/gradle/internal/execution/steps/Result;+6
j  org.gradle.internal.execution.impl.DefaultExecutionEngine$1.execute()Lorg/gradle/internal/execution/ExecutionEngine$Result;+15
j  org.gradle.api.internal.tasks.execution.ExecuteActionsTaskExecuter.executeIfValid(Lorg/gradle/api/internal/TaskInternal;Lorg/gradle/api/internal/tasks/TaskStateInternal;Lorg/gradle/api/internal/tasks/TaskExecutionContext;Lorg/gradle/api/internal/tasks/execution/TaskExecution;)Lorg/gradle/api/internal/tasks/TaskExecuterResult;+54
j  org.gradle.api.internal.tasks.execution.ExecuteActionsTaskExecuter.execute(Lorg/gradle/api/internal/TaskInternal;Lorg/gradle/api/internal/tasks/TaskStateInternal;Lorg/gradle/api/internal/tasks/TaskExecutionContext;)Lorg/gradle/api/internal/tasks/TaskExecuterResult;+69
j  org.gradle.api.internal.tasks.execution.ProblemsTaskPathTrackingTaskExecuter.execute(Lorg/gradle/api/internal/TaskInternal;Lorg/gradle/api/internal/tasks/TaskStateInternal;Lorg/gradle/api/internal/tasks/TaskExecutionContext;)Lorg/gradle/api/internal/tasks/TaskExecuterResult;+29
j  org.gradle.api.internal.tasks.execution.ResolveTaskExecutionModeExecuter.execute(Lorg/gradle/api/internal/TaskInternal;Lorg/gradle/api/internal/tasks/TaskStateInternal;Lorg/gradle/api/internal/tasks/TaskExecutionContext;)Lorg/gradle/api/internal/tasks/TaskExecuterResult;+56
j  org.gradle.api.internal.tasks.execution.FinalizePropertiesTaskExecuter.execute(Lorg/gradle/api/internal/TaskInternal;Lorg/gradle/api/internal/tasks/TaskStateInternal;Lorg/gradle/api/internal/tasks/TaskExecutionContext;)Lorg/gradle/api/internal/tasks/TaskExecuterResult;+61
j  org.gradle.api.internal.tasks.execution.SkipTaskWithNoActionsExecuter.execute(Lorg/gradle/api/internal/TaskInternal;Lorg/gradle/api/internal/tasks/TaskStateInternal;Lorg/gradle/api/internal/tasks/TaskExecutionContext;)Lorg/gradle/api/internal/tasks/TaskExecuterResult;+120
j  org.gradle.api.internal.tasks.execution.SkipOnlyIfTaskExecuter.execute(Lorg/gradle/api/internal/TaskInternal;Lorg/gradle/api/internal/tasks/TaskStateInternal;Lorg/gradle/api/internal/tasks/TaskExecutionContext;)Lorg/gradle/api/internal/tasks/TaskExecuterResult;+199
j  org.gradle.api.internal.tasks.execution.CatchExceptionTaskExecuter.execute(Lorg/gradle/api/internal/TaskInternal;Lorg/gradle/api/internal/tasks/TaskStateInternal;Lorg/gradle/api/internal/tasks/TaskExecutionContext;)Lorg/gradle/api/internal/tasks/TaskExecuterResult;+7
j  org.gradle.api.internal.tasks.execution.EventFiringTaskExecuter$1.executeTask(Lorg/gradle/internal/operations/BuildOperationContext;)Lorg/gradle/api/internal/tasks/TaskExecuterResult;+136
j  org.gradle.api.internal.tasks.execution.EventFiringTaskExecuter$1.call(Lorg/gradle/internal/operations/BuildOperationContext;)Lorg/gradle/api/internal/tasks/TaskExecuterResult;+2
j  org.gradle.api.internal.tasks.execution.EventFiringTaskExecuter$1.call(Lorg/gradle/internal/operations/BuildOperationContext;)Ljava/lang/Object;+2
J 8415 c1 org.gradle.internal.operations.DefaultBuildOperationRunner$CallableBuildOperationWorker.execute(Lorg/gradle/internal/operations/BuildOperation;Lorg/gradle/internal/operations/BuildOperationContext;)V (10 bytes) @ 0x00000210e70e0534 [0x00000210e70e02e0+0x0000000000000254]
J 7897 c1 org.gradle.internal.operations.DefaultBuildOperationRunner$2.execute(Lorg/gradle/internal/operations/BuildOperationDescriptor;Lorg/gradle/internal/operations/BuildOperationState;Lorg/gradle/internal/operations/BuildOperationState;Lorg/gradle/internal/operations/DefaultBuildOperationRunner$ReadableBuildOperationContext;Lorg/gradle/internal/operations/DefaultBuildOperationRunner$BuildOperationExecutionListener;)Lorg/gradle/internal/operations/BuildOperation; (110 bytes) @ 0x00000210e6fb31b4 [0x00000210e6fb2fc0+0x00000000000001f4]
J 7906 c1 org.gradle.internal.operations.DefaultBuildOperationRunner$2.execute(Lorg/gradle/internal/operations/BuildOperationDescriptor;Lorg/gradle/internal/operations/BuildOperationState;Lorg/gradle/internal/operations/BuildOperationState;Lorg/gradle/internal/operations/DefaultBuildOperationRunner$ReadableBuildOperationContext;Lorg/gradle/internal/operations/DefaultBuildOperationRunner$BuildOperationExecutionListener;)Ljava/lang/Object; (12 bytes) @ 0x00000210e6fb6dbc [0x00000210e6fb6d40+0x000000000000007c]
J 16330 c1 org.gradle.internal.operations.DefaultBuildOperationRunner.execute(Lorg/gradle/internal/operations/BuildOperationDescriptor$Builder;Lorg/gradle/internal/operations/DefaultBuildOperationRunner$BuildOperationExecution;)Ljava/lang/Object; (147 bytes) @ 0x00000210e7cd6024 [0x00000210e7cd5240+0x0000000000000de4]
J 7629 c1 org.gradle.internal.operations.DefaultBuildOperationRunner.execute(Lorg/gradle/internal/operations/BuildOperation;Lorg/gradle/internal/operations/BuildOperationWorker;)V (22 bytes) @ 0x00000210e6f3be6c [0x00000210e6f3bbe0+0x000000000000028c]
J 8427 c1 org.gradle.internal.operations.DefaultBuildOperationRunner.call(Lorg/gradle/internal/operations/CallableBuildOperation;)Ljava/lang/Object; (20 bytes) @ 0x00000210e70eba7c [0x00000210e70eb8e0+0x000000000000019c]
j  org.gradle.api.internal.tasks.execution.EventFiringTaskExecuter.execute(Lorg/gradle/api/internal/TaskInternal;Lorg/gradle/api/internal/tasks/TaskStateInternal;Lorg/gradle/api/internal/tasks/TaskExecutionContext;)Lorg/gradle/api/internal/tasks/TaskExecuterResult;+15
j  org.gradle.execution.plan.DefaultNodeExecutor.executeLocalTaskNode(Lorg/gradle/execution/plan/Node;Lorg/gradle/api/internal/tasks/NodeExecutionContext;Lorg/gradle/execution/plan/LocalTaskNode;)V+73
j  org.gradle.execution.plan.DefaultNodeExecutor.execute(Lorg/gradle/execution/plan/Node;Lorg/gradle/api/internal/tasks/NodeExecutionContext;)Z+32
j  org.gradle.execution.taskgraph.DefaultTaskExecutionGraph$InvokeNodeExecutorsAction.execute(Lorg/gradle/execution/plan/Node;)V+18
j  org.gradle.execution.taskgraph.DefaultTaskExecutionGraph$InvokeNodeExecutorsAction.execute(Ljava/lang/Object;)V+5
j  org.gradle.execution.taskgraph.DefaultTaskExecutionGraph$BuildOperationAwareExecutionAction.lambda$execute$0(Lorg/gradle/execution/plan/Node;)V+5
j  org.gradle.execution.taskgraph.DefaultTaskExecutionGraph$BuildOperationAwareExecutionAction$$Lambda+0x000000010100f330.run()V+8
J 14823 c1 org.gradle.internal.operations.CurrentBuildOperationRef.with(Lorg/gradle/internal/operations/BuildOperationRef;Ljava/lang/Runnable;)V (35 bytes) @ 0x00000210e7a272dc [0x00000210e7a26da0+0x000000000000053c]
j  org.gradle.execution.taskgraph.DefaultTaskExecutionGraph$BuildOperationAwareExecutionAction.execute(Lorg/gradle/execution/plan/Node;)V+14
j  org.gradle.execution.taskgraph.DefaultTaskExecutionGraph$BuildOperationAwareExecutionAction.execute(Ljava/lang/Object;)V+5
j  org.gradle.execution.plan.DefaultPlanExecutor$ExecutorWorker.execute(Ljava/lang/Object;Lorg/gradle/execution/plan/WorkSource;Lorg/gradle/api/Action;)V+14
j  org.gradle.execution.plan.DefaultPlanExecutor$ExecutorWorker.run()V+75
J 11020 c2 org.gradle.internal.concurrent.ExecutorPolicy$CatchAndRecordFailures.onExecute(Ljava/lang/Runnable;)V (29 bytes) @ 0x00000210ee392c14 [0x00000210ee392bc0+0x0000000000000054]
j  org.gradle.internal.concurrent.AbstractManagedExecutor$1.run()V+25
j  java.util.concurrent.ThreadPoolExecutor.runWorker(Ljava/util/concurrent/ThreadPoolExecutor$Worker;)V+92 java.base@21.0.10
j  java.util.concurrent.ThreadPoolExecutor$Worker.run()V+5 java.base@21.0.10
j  java.lang.Thread.runWith(Ljava/lang/Object;Ljava/lang/Runnable;)V+5 java.base@21.0.10
j  java.lang.Thread.run()V+19 java.base@21.0.10
v  ~StubRoutines::call_stub 0x00000210ed82100d

Compiled method (n/a) 50200  920     n 0       java.lang.ClassLoader::defineClass1 (native)
 total in heap  [0x00000210ede1ce10,0x00000210ede1d3a0] = 1424
 relocation     [0x00000210ede1cf70,0x00000210ede1cfa8] = 56
 main code      [0x00000210ede1cfc0,0x00000210ede1d399] = 985
 stub code      [0x00000210ede1d399,0x00000210ede1d3a0] = 7

[Constant Pool (empty)]

[MachCode]
[Entry Point]
  # {method} {0x00000210fb025040} 'defineClass1' '(Ljava/lang/ClassLoader;Ljava/lang/String;[BIILjava/security/ProtectionDomain;Ljava/lang/String;)Ljava/lang/Class;' in 'java/lang/ClassLoader'
  # parm0:    rdx:rdx   = 'java/lang/ClassLoader'
  # parm1:    r8:r8     = 'java/lang/String'
  # parm2:    r9:r9     = '[B'
  # parm3:    rdi       = int
  # parm4:    rsi       = int
  # parm5:    rcx:rcx   = 'java/security/ProtectionDomain'
  # parm6:    [sp+0xa0]   = 'java/lang/String'  (sp of caller)
  0x00000210ede1cfc0: 448b 5208 | 49c1 e203 | 493b c20f | 8407 0000 

  0x00000210ede1cfd0: ;   {runtime_call ic_miss_stub}
  0x00000210ede1cfd0: 00e9 aa17 | a5ff 6690 
[Verified Entry Point]
  0x00000210ede1cfd8: 8984 2400 | 80ff ff55 | 488b ec48 | 81ec 9000 | 0000 6690 | 4181 7f20 | 1f00 0000 

  0x00000210ede1cff4: ;   {runtime_call StubRoutines (final stubs)}
  0x00000210ede1cff4: 7405 e805 | e7a3 ff48 | 837d 1000 | 488d 4510 | 480f 4445 | 1048 8944 | 2440 4889 | 4c24 7048 
  0x00000210ede1d014: 83f9 0048 | 8d44 2470 | 480f 4444 | 2470 4889 | 4424 3848 | 8974 2430 | 4889 7c24 | 284c 894c 
  0x00000210ede1d034: 2458 4983 | f900 488d | 4424 5848 | 0f44 4424 | 5848 8944 | 2420 4c89 | 4424 5049 | 83f8 004c 
  0x00000210ede1d054: 8d4c 2450 | 4c0f 444c | 2450 4889 | 5424 4848 | 83fa 004c | 8d44 2448 | 4c0f 4444 

  0x00000210ede1d070: ;   {oop(a 'java/lang/Class'{0x00000000807983d0} = 'java/lang/ClassLoader')}
  0x00000210ede1d070: 2448 49be | d083 7980 | 0000 0000 | 4c89 7424 | 784c 8d74 | 2478 498b | d6c5 f877 

  0x00000210ede1d08c: ;   {internal_word}
  0x00000210ede1d08c: 49ba 89d0 | e1ed 1002 | 0000 4d89 | 97a8 0300 | 0049 89a7 | a003 0000 

  0x00000210ede1d0a4: ;   {external_word}
  0x00000210ede1d0a4: 49ba a8fa | b37d ff7f | 0000 4180 | 3a00 0f84 | 4e00 0000 | 5241 5041 

  0x00000210ede1d0bc: ;   {metadata({method} {0x00000210fb025040} 'defineClass1' '(Ljava/lang/ClassLoader;Ljava/lang/String;[BIILjava/security/ProtectionDomain;Ljava/lang/String;)Ljava/lang/Class;' in 'java/lang/ClassLoader')}
  0x00000210ede1d0bc: 5148 ba38 | 5002 fb10 | 0200 0049 | 8bcf 4883 | ec20 40f6 | c40f 0f84 | 1900 0000 | 4883 ec08 
  0x00000210ede1d0dc: ;   {runtime_call}
  0x00000210ede1d0dc: 48b8 30e9 | 6d7d ff7f | 0000 ffd0 | 4883 c408 | e90c 0000 

  0x00000210ede1d0f0: ;   {runtime_call}
  0x00000210ede1d0f0: 0048 b830 | e96d 7dff | 7f00 00ff | d048 83c4 | 2041 5941 | 585a 498d | 8fc0 0300 | 0041 c787 
  0x00000210ede1d110: 4c04 0000 | 0400 0000 

  0x00000210ede1d118: ;   {runtime_call}
  0x00000210ede1d118: 48b8 ac16 | 4edf ff7f | 0000 ffd0 | c5f8 7741 | c787 4c04 | 0000 0500 | 0000 f083 | 4424 c000 
  0x00000210ede1d138: 493b af50 | 0400 000f | 870e 0000 | 0041 83bf | 4804 0000 | 000f 842b | 0000 00c5 | f877 4889 
  0x00000210ede1d158: 45f8 498b | cf4c 8be4 | 4883 ec20 | 4883 e4f0 

  0x00000210ede1d168: ;   {runtime_call}
  0x00000210ede1d168: 48b8 e01e | 397d ff7f | 0000 ffd0 | 498b e44d | 33e4 488b | 45f8 41c7 | 874c 0400 | 0008 0000 
  0x00000210ede1d188: 0041 83bf | c804 0000 | 020f 84d5 

  0x00000210ede1d194: ;   {external_word}
  0x00000210ede1d194: 0100 0049 | baa8 fab3 | 7dff 7f00 | 0041 803a | 000f 844c | 0000 0048 

  0x00000210ede1d1ac: ;   {metadata({method} {0x00000210fb025040} 'defineClass1' '(Ljava/lang/ClassLoader;Ljava/lang/String;[BIILjava/security/ProtectionDomain;Ljava/lang/String;)Ljava/lang/Class;' in 'java/lang/ClassLoader')}
  0x00000210ede1d1ac: 8945 f848 | ba38 5002 | fb10 0200 | 0049 8bcf | 4883 ec20 | 40f6 c40f | 0f84 1900 | 0000 4883 
  0x00000210ede1d1cc: ;   {runtime_call}
  0x00000210ede1d1cc: ec08 48b8 | 30e9 6d7d | ff7f 0000 | ffd0 4883 | c408 e90c 

  0x00000210ede1d1e0: ;   {runtime_call}
  0x00000210ede1d1e0: 0000 0048 | b830 e96d | 7dff 7f00 | 00ff d048 | 83c4 2048 | 8b45 f849 | c787 a003 | 0000 0000 
  0x00000210ede1d200: 0000 49c7 | 87a8 0300 | 0000 0000 | 00c5 f877 | 4885 c00f | 8430 0100 | 00a8 030f | 8508 0000 
  0x00000210ede1d220: 0048 8b00 | e920 0100 | 00a8 010f | 8509 0000 | 0048 8b40 | fee9 0f01 | 0000 488b | 40ff 4180 
  0x00000210ede1d240: 7f40 000f | 8400 0100 | 0048 83f8 | 000f 84f6 | 0000 0049 | 8b4f 2848 | 83f9 000f | 8414 0000 
  0x00000210ede1d260: 0048 83e9 | 0849 894f | 2849 034f | 3848 8901 | e9d4 0000 | 0048 83ec | 7048 8904 | 2448 894c 
  0x00000210ede1d280: 2408 4889 | 5424 104c | 8944 2418 | 4c89 4c24 | 204c 8954 | 2428 4c89 | 5c24 30c5 | fb11 4424 
  0x00000210ede1d2a0: 40c5 fb11 | 4c24 48c5 | fb11 5424 | 50c5 fb11 | 5c24 58c5 | fb11 6424 | 60c5 fb11 | 6c24 6849 
  0x00000210ede1d2c0: 8bd7 488b | c848 83ec | 2040 f6c4 | 0f0f 8419 | 0000 0048 

  0x00000210ede1d2d4: ;   {runtime_call}
  0x00000210ede1d2d4: 83ec 0848 | b800 2a2c | 7dff 7f00 | 00ff d048 | 83c4 08e9 | 0c00 0000 

  0x00000210ede1d2ec: ;   {runtime_call}
  0x00000210ede1d2ec: 48b8 002a | 2c7d ff7f | 0000 ffd0 | 4883 c420 | c5fb 106c | 2468 c5fb | 1064 2460 | c5fb 105c 
  0x00000210ede1d30c: 2458 c5fb | 1054 2450 | c5fb 104c | 2448 c5fb | 1044 2440 | 4c8b 5c24 | 304c 8b54 | 2428 4c8b 
  0x00000210ede1d32c: 4c24 204c | 8b44 2418 | 488b 5424 | 1048 8b4c | 2408 488b | 0424 4883 | c470 c5f8 | 7749 8b8f 
  0x00000210ede1d34c: 3004 0000 | c781 0001 | 0000 0000 | 0000 c949 | 837f 0800 | 0f85 0100 

  0x00000210ede1d364: ;   {runtime_call StubRoutines (initial stubs)}
  0x00000210ede1d364: 0000 c3e9 | 943b a0ff | c5f8 7748 | 8945 f84c | 8be4 4883 | ec20 4883 

  0x00000210ede1d37c: ;   {runtime_call}
  0x00000210ede1d37c: e4f0 48b8 | 8020 6e7d | ff7f 0000 | ffd0 498b | e44d 33e4 | 488b 45f8 | e9fe fdff | fff4 f4f4 
  0x00000210ede1d39c: f4f4 f4f4 
[/MachCode]


Compiled method (c2) 50211 9253       4       java.security.SecureClassLoader::defineClass (16 bytes)
 total in heap  [0x00000210ee19ef10,0x00000210ee1a4b18] = 23560
 relocation     [0x00000210ee19f070,0x00000210ee19f400] = 912
 main code      [0x00000210ee19f400,0x00000210ee1a2920] = 13600
 stub code      [0x00000210ee1a2920,0x00000210ee1a2a38] = 280
 oops           [0x00000210ee1a2a38,0x00000210ee1a2a50] = 24
 metadata       [0x00000210ee1a2a50,0x00000210ee1a2d10] = 704
 scopes data    [0x00000210ee1a2d10,0x00000210ee1a3ec0] = 4528
 scopes pcs     [0x00000210ee1a3ec0,0x00000210ee1a4650] = 1936
 dependencies   [0x00000210ee1a4650,0x00000210ee1a4700] = 176
 handler table  [0x00000210ee1a4700,0x00000210ee1a4a48] = 840
 nul chk table  [0x00000210ee1a4a48,0x00000210ee1a4b18] = 208

[Constant Pool (empty)]

[MachCode]
[Entry Point]
  # {method} {0x00000210fb03d7b0} 'defineClass' '(Ljava/lang/String;[BIILjava/security/CodeSource;)Ljava/lang/Class;' in 'java/security/SecureClassLoader'
  # this:     rdx:rdx   = 'java/security/SecureClassLoader'
  # parm0:    r8:r8     = 'java/lang/String'
  # parm1:    r9:r9     = '[B'
  # parm2:    rdi       = int
  # parm3:    rsi       = int
  # parm4:    rcx:rcx   = 'java/security/CodeSource'
  #           [sp+0xd0]  (sp of caller)
  0x00000210ee19f400: 448b 5208 | 49c1 e203 

  0x00000210ee19f408: ;   {runtime_call ic_miss_stub}
  0x00000210ee19f408: 493b c20f | 856f f36c | ff66 6690 | 0f1f 8400 | 0000 0000 | 6666 6690 
[Verified Entry Point]
  0x00000210ee19f420: 8984 2400 | 80ff ff55 | 4881 ecc0 | 0000 0090 | 4181 7f20 | 1f00 0000 | 0f85 d334 | 0000 8974 
  0x00000210ee19f440: 243c 897c | 2438 4c89 | 4c24 304c | 8944 2420 | 4889 5424 | 2848 8be9 | 0f1f 8400 | 0000 0000 
  0x00000210ee19f460: 4885 c90f | 843b 2500 | 004d 8b87 | b801 0000 | 4d8b d049 | 83c2 1066 | 0f1f 8400 | 0000 0000 
  0x00000210ee19f480: 4d3b 97c8 | 0100 000f | 83fc 1e00 | 004d 8997 | b801 0000 | 410f 0d8a | c000 0000 | 49c7 0001 
  0x00000210ee19f4a0: ;   {metadata('java/security/SecureClassLoader$CodeSourceKey')}
  0x00000210ee19f4a0: 0000 0041 | c740 086b | 3201 204c | 8bdd 4589 | 580c 4d8b | 8fb8 0100 | 004c 8b54 | 2428 418b 
  0x00000210ee19f4c0: 6a50 4d8b | d149 83c2 | 104d 3b97 | c801 0000 | 0f83 861e | 0000 4d89 | 97b8 0100 | 0041 0f0d 
  0x00000210ee19f4e0: 8ac0 0000 | 0049 c701 | 0100 0000 

  0x00000210ee19f4ec: ;   {metadata('java/security/SecureClassLoader$1')}
  0x00000210ee19f4ec: 41c7 4108 | b332 0120 | 4c8b 5424 | 284d 8bda | 4589 590c 

  0x00000210ee19f500: ; implicit exception: dispatches to 0x00000210ee1a2414
  0x00000210ee19f500: 448b 5d08 

  0x00000210ee19f504: ;   {metadata('java/util/concurrent/ConcurrentHashMap')}
  0x00000210ee19f504: 4181 fb6e | ac00 200f | 855b 2200 | 0048 8bd5 

  0x00000210ee19f514: ;   {optimized virtual_call}
  0x00000210ee19f514: c5f8 77e8 

  0x00000210ee19f518: ; ImmutableOopMap {[32]=Oop [40]=Oop [48]=Oop }
                      ;*invokeinterface computeIfAbsent {reexecute=0 rethrow=0 return_oop=1}
                      ; - java.security.SecureClassLoader::getProtectionDomain@28
                      ; - java.security.SecureClassLoader::defineClass@9
  0x00000210ee19f518: e4cc 3f00 

  0x00000210ee19f51c: ;   {other}
  0x00000210ee19f51c: 0f1f 8400 | 0c06 0000 

  0x00000210ee19f524: ; implicit exception: dispatches to 0x00000210ee1a2434
  0x00000210ee19f524: 448b 5008 

  0x00000210ee19f528: ;   {metadata('java/security/ProtectionDomain')}
  0x00000210ee19f528: 4181 facf | 8800 200f | 85ef 2d00 | 0048 8944 | 2448 4c8b | 7424 2090 

  0x00000210ee19f540: ; implicit exception: dispatches to 0x00000210ee1a2510
  0x00000210ee19f540: 458b 6e14 

  0x00000210ee19f544: ; implicit exception: dispatches to 0x00000210ee1a2458
  0x00000210ee19f544: 458b 5d0c | 4585 db0f | 863b 2200 | 0045 0fbe | 4610 4585 | c00f 854d | 2300 00c4 | 423a f7cb 
  0x00000210ee19f564: 453b cb41 | 8bd9 410f | 4fdb 4d8b | c54d 8d55 | 10c4 c1f9 | 6ec2 660f | 1f44 0000 | 85db 0f8e 
  0x00000210ee19f584: d100 0000 | 443b db0f | 8217 2200 | 00b8 2f00 | 0000 c4e1 | f97e c78b | d348 8bdf | 83fa 100f 
  0x00000210ee19f5a4: 8c79 0000 | 0083 fa20 | 0f8c 3600 | 0000 c5f9 | 6ec8 c4e2 | 7d78 c9c5 | edef d28b | ca83 e1e0 
  0x00000210ee19f5c4: 83e2 1fc5 | fe6f 1bc5 | e574 d9c4 | e27d 17d3 | 0f83 6900 | 0000 4883 | c320 83e9 | 2075 e4e9 
  0x00000210ee19f5e4: 0d00 0000 | c5f9 6ec8 | c5e9 efd2 | c4e2 7100 | ca83 fa10 | 0f8c 2400 | 0000 8bca | 83e1 f083 
  0x00000210ee19f604: e20f c5fa | 6f1b c5e1 | 74d9 c4e2 | 7917 d30f | 832a 0000 | 0048 83c3 | 1083 e910 | 75e4 85d2 
  0x00000210ee19f624: ;   {no_reloc}
  0x00000210ee19f624: 0f84 1200 | 0000 0fb6 | 0b3b c174 | 1c48 83c3 | 0183 ea01 | 7402 ebee | bbff ffff | ffeb 0dc5 
  0x00000210ee19f644: fdd7 cb0f | bcc1 4803 | d848 2bdf | 83fb ff0f | 85af 2200 | 00c4 c1f9 | 7ec2 410f | b62a 83fd 
  0x00000210ee19f664: 5b0f 8451 | 2300 0045 | 8d51 fb45 | 85d2 7c15 | c4c1 f97e | c241 0fbe | 0a66 6690 | 83f9 6a0f 
  0x00000210ee19f684: 841f 0e00 | 0048 8b5c | 2428 4c8b | 5424 4845 | 8b52 1044 | 8954 2440 | 458b d141 | ffca 418b 
  0x00000210ee19f6a4: fbff cf44 | 3bd7 440f | 4fd7 4585 | d27c 3266 | 0f1f 8400 | 0000 0000 | 6666 6690 | 453b d30f 
  0x00000210ee19f6c4: 8304 1f00 | 0043 807c | 1510 2e74 | 1a49 8bbf | 5804 0000 | 41ff ca49 

  0x00000210ee19f6dc: ; ImmutableOopMap {r8=Oop xmm0=Derived_oop_r8 rcx=Oop rbx=Oop r13=NarrowOop r14=Oop [40]=Oop [48]=Oop [64]=NarrowOop [72]=Oop }
                      ;*goto {reexecute=1 rethrow=0 return_oop=0}
                      ; - (reexecute) java.lang.StringLatin1::lastIndexOf@35
                      ; - java.lang.String::lastIndexOf@13
                      ; - java.lang.String::lastIndexOf@8
                      ; - java.lang.ClassLoader::checkCerts@3
                      ; - java.lang.ClassLoader::preDefineClass@113
                      ; - java.lang.ClassLoader::defineClass@4
                      ; - java.security.SecureClassLoader::defineClass@12
                      ;   {poll}
  0x00000210ee19f6dc: 8bce 8507 | 4585 d27d | db41 baff | ffff ff41 | 83fa ff0f | 8450 1300 | 0045 85d2 | 0f8c d621 
  0x00000210ee19f6fc: 0000 6690 | 453b d10f | 8fe7 2200 | 0045 3bd1 | 0f84 3e0e | 0000 4585 | d20f 844a | 0e00 0049 
  0x00000210ee19f71c: 8bb7 b801 | 0000 4c8b | ce49 83c1 | 184d 3b8f | c801 0000 | 0f83 761c | 0000 4d89 | 8fb8 0100 
  0x00000210ee19f73c: 0041 0f0d | 89c0 0000 | 0048 c706 | 0100 0000 

  0x00000210ee19f74c: ;   {metadata('java/lang/String')}
  0x00000210ee19f74c: c746 0812 | 8400 2044 | 8966 0c4c | 8966 100f | 1f44 0000 | 453b d30f | 859e 0000 | 004d 63cb 
  0x00000210ee19f76c: 4181 fb00 | 0010 000f | 87b4 1e00 | 0049 8bbf | b801 0000 | 4d8d 5117 | 4983 e2f8 | 488b cf49 
  0x00000210ee19f78c: 03ca 493b | 8fc8 0100 | 000f 8392 | 1e00 0049 | 898f b801 | 0000 0f0d | 89c0 0000 | 0048 c707 
  0x00000210ee19f7ac: 0100 0000 | 0f0d 8900 

  0x00000210ee19f7b4: ;   {metadata({type array byte})}
  0x00000210ee19f7b4: 0100 00c7 | 4708 5981 | 0020 4489 | 5f0c 0f0d | 8940 0100 | 000f 0d89 | 8001 0000 | 488b d748 
  0x00000210ee19f7d4: 83c2 1049 | 83c1 0749 | c1e9 03c4 | e1f9 7ec1 | 4d8b c1c5 | f877 49ba | e09d 85ed | 1002 0000 
  0x00000210ee19f7f4: ;   {other}
  0x00000210ee19f7f4: 41ff d20f | 1f84 0000 | 0000 004c | 8bef e9ed | 0000 0041 | 81fa 0000 | 1000 0f87 | b81f 0000 
  0x00000210ee19f814: 4d63 ca45 | 3bda 418b | eb41 0f4f | ea44 3bdd | 0f82 1b20 | 0000 443b | d50f 8212 | 2000 0049 
  0x00000210ee19f834: 83c1 1749 | 8bf9 4883 | e7f8 6690 | 4181 fa00 | 0010 000f | 8700 1c00 | 004d 8baf | b801 0000 
  0x00000210ee19f854: 4d8b dd4c | 03df 660f | 1f44 0000 | 4d3b 9fc8 | 0100 000f | 83e0 1b00 | 004d 899f | b801 0000 
  0x00000210ee19f874: 410f 0d8b | c000 0000 | 49c7 4500 | 0100 0000 | 410f 0d8b | 0001 0000 

  0x00000210ee19f88c: ;   {metadata({type array byte})}
  0x00000210ee19f88c: 41c7 4508 | 5981 0020 | 4589 550c | 410f 0d8b | 4001 0000 | 410f 0d8b | 8001 0000 | 4d8b dd49 
  0x00000210ee19f8ac: 83c3 1049 | c1e9 0385 | ed0f 8419 | 1f00 000f | 1f44 0000 | 413b ea0f | 8c8b 1100 | 0048 83c7 
  0x00000210ee19f8cc: f048 c1ef | 03c4 e1f9 | 7ec1 498b | d34c 8bc7 | c5f8 7749 | bae0 9d85 | ed10 0200 | 0041 ffd2 
  0x00000210ee19f8ec: ;   {other}
  0x00000210ee19f8ec: 0f1f 8400 | 0000 0000 | 4180 7f40 | 000f 8575 | 0c00 004c | 8bd6 4d8b | c544 8946 | 144d 8bdd 
  0x00000210ee19f90c: 4d33 da49 | c1eb 144d | 85db 741a | 49c1 ea09 | 48b9 0000 | 93f5 1002 | 0000 4903 | ca80 3902 
  0x00000210ee19f92c: 0f85 7d0c | 0000 4488 | 6610 488b | fe44 8b5c | 2440 6690 

  0x00000210ee19f940: ; implicit exception: dispatches to 0x00000210ee1a252c
  0x00000210ee19f940: 458b 5b14 | 4585 db0f | 85b8 0c00 | 0044 8b54 | 2440 458b | 4a10 4585 | c90f 8569 

  0x00000210ee19f95c: ;   {oop(""{0x000000008078a738})}
  0x00000210ee19f95c: 0d00 0049 | bb38 a778 | 8000 0000 | 0049 b800 | 0093 f510 

  0x00000210ee19f970: ;   {oop(a 'java/security/cert/Certificate'[0] {0x0000000080798450})}
  0x00000210ee19f970: 0200 0049 | ba50 8479 | 8000 0000 | 0044 8b4b | 2c45 85c9 | 0f84 c21d | 0000 4c89 | 5424 604c 
  0x00000210ee19f990: 8bd7 4c89 | 4424 584c | 895c 2450 | 4889 5c24 | 404c 8974 | 2420 498b | d1bf 0100 | 0000 4d8b 
  0x00000210ee19f9b0: c24c 8b4c | 2460 498b | ee66 6690 

  0x00000210ee19f9bc: ;   {optimized virtual_call}
  0x00000210ee19f9bc: c5f8 77e8 

  0x00000210ee19f9c0: ; ImmutableOopMap {rbp=Oop [32]=Oop [40]=Oop [48]=Oop [64]=Oop [72]=Oop [80]=Oop [96]=Oop }
                      ;*invokevirtual putVal {reexecute=0 rethrow=0 return_oop=1}
                      ; - java.util.concurrent.ConcurrentHashMap::putIfAbsent@4
                      ; - java.lang.ClassLoader::checkCerts@62
                      ; - java.lang.ClassLoader::preDefineClass@113
                      ; - java.lang.ClassLoader::defineClass@4
                      ; - java.security.SecureClassLoader::defineClass@12
  0x00000210ee19f9c0: fc7f 2800 

  0x00000210ee19f9c4: ;   {other}
  0x00000210ee19f9c4: 0f1f 8400 | b40a 0002 | 4885 c074 | 4044 8b50 | 0866 6666 | 0f1f 8400 | 0000 0000 

  0x00000210ee19f9e0: ;   {metadata('java/security/cert/Certificate'[])}
  0x00000210ee19f9e0: 4181 fa1b | 6100 200f | 8577 2900 | 004c 8bc0 | 4c8b 4c24 | 6041 8b59 | 0c45 8b50 | 0c66 6690 
  0x00000210ee19fa00: 85db 0f87 | cc17 0000 | 4585 d20f | 8717 2000 | 004c 8b54 | 2448 458b | 5a10 418b | 6b0c 6690 
  0x00000210ee19fa20: 85ed 0f84 | b01f 0000 | 48ff 7424 | 4848 8f44 | 2440 488b | d566 6690 

  0x00000210ee19fa38: ;   {optimized virtual_call}
  0x00000210ee19fa38: c5f8 77e8 

  0x00000210ee19fa3c: ; ImmutableOopMap {[32]=Oop [40]=Oop [48]=Oop [64]=Oop [72]=Oop [80]=Oop }
                      ;*invokevirtual toString {reexecute=0 rethrow=0 return_oop=1}
                      ; - java.lang.ClassLoader::defineClassSourceLocation@22
                      ; - java.lang.ClassLoader::defineClass@12
                      ; - java.security.SecureClassLoader::defineClass@12
  0x00000210ee19fa3c: 603c d0ff 

  0x00000210ee19fa40: ;   {other}
  0x00000210ee19fa40: 0f1f 8400 | 300b 0003 | 488b 5424 | 284c 8b44 | 2420 4c8b | 4c24 308b | 7c24 388b | 7424 3c48 
  0x00000210ee19fa60: 8b4c 2448 | 4889 0424 

  0x00000210ee19fa68: ;   {static_call}
  0x00000210ee19fa68: c5f8 77e8 

  0x00000210ee19fa6c: ; ImmutableOopMap {[40]=Oop [64]=Oop [72]=Oop [80]=Oop }
                      ;*invokestatic defineClass1 {reexecute=0 rethrow=0 return_oop=1}
                      ; - java.lang.ClassLoader::defineClass@27
                      ; - java.security.SecureClassLoader::defineClass@12
  0x00000210ee19fa6c: 68d5 c7ff 

  0x00000210ee19fa70: ;   {other}
  0x00000210ee19fa70: 0f1f 8400 | 600b 0004 | 4889 4424 | 2066 6690 

  0x00000210ee19fa80: ; implicit exception: dispatches to 0x00000210ee1a2470
  0x00000210ee19fa80: 448b 503c | 4585 d20f | 85b0 0300 | 004c 8b50 | 1045 8b42 | 0845 85c0 | 0f8c be1e | 0000 448b 
  0x00000210ee19faa0: 582c 4585 | db0f 846d | 0a00 004d | 8bcb 458b | 4114 418b | 480c 410f | be51 10c4 | e26a f7d9 
  0x00000210ee19fac0: 8bfb ffcf | 85d2 0f85 | 0321 0000 | 4d8b d04c | 8994 2488 | 0000 0044 | 8bd1 41ff | ca44 3bd7 
  0x00000210ee19fae0: 440f 4fd7 | 4585 d27c | 350f 1f80 | 0000 0000 | 443b d10f | 83cc 1b00 | 000f 1f80 | 0000 0000 
  0x00000210ee19fb00: 4380 7c10 | 102e 741c | 498b bf58 | 0400 0041 | ffca 4c8b 

  0x00000210ee19fb14: ; ImmutableOopMap {r11=Oop r8=NarrowOop r9=Oop [32]=Oop [40]=Oop [64]=Oop [80]=Oop [136]=Oop }
                      ;*goto {reexecute=1 rethrow=0 return_oop=0}
                      ; - (reexecute) java.lang.StringLatin1::lastIndexOf@35
                      ; - java.lang.String::lastIndexOf@13
                      ; - java.lang.String::lastIndexOf@8
                      ; - java.lang.Class::getPackageName@47
                      ; - java.lang.ClassLoader::postDefineClass@2
                      ; - java.lang.ClassLoader::defineClass@37
                      ; - java.security.SecureClassLoader::defineClass@12
                      ;   {poll}
  0x00000210ee19fb14: 5c24 2085 | 0745 85d2 | 7dd2 41ba | ffff ffff | 4183 faff | 0f84 5b02 | 0000 4585 | d20f 8cee 
  0x00000210ee19fb34: 2000 0066 | 0f1f 8400 | 0000 0000 | 443b d30f | 8f53 2100 | 0044 3bd3 | 0f84 060a | 0000 4585 
  0x00000210ee19fb54: d20f 8499 | 0f00 0049 | 8b9f b801 | 0000 4c8b | db49 83c3 | 184d 3b9f | c801 0000 | 0f83 b419 
  0x00000210ee19fb74: 0000 4d89 | 9fb8 0100 | 0041 0f0d | 8bc0 0000 | 0048 c703 | 0100 0000 

  0x00000210ee19fb8c: ;   {metadata('java/lang/String')}
  0x00000210ee19fb8c: c743 0812 | 8400 2044 | 8963 0c4c | 8963 104d | 8d58 1090 | 443b d10f | 859e 0000 | 0048 63f1 
  0x00000210ee19fbac: 81f9 0000 | 1000 0f87 | 401b 0000 | 498b bfb8 | 0100 004c | 8d56 1749 | 83e2 f84c | 8bcf 4d03 
  0x00000210ee19fbcc: ca4d 3b8f | c801 0000 | 0f83 1e1b | 0000 4d89 | 8fb8 0100 | 0041 0f0d | 89c0 0000 | 0048 c707 
  0x00000210ee19fbec: 0100 0000 | 410f 0d89 | 0001 0000 

  0x00000210ee19fbf8: ;   {metadata({type array byte})}
  0x00000210ee19fbf8: c747 0859 | 8100 2089 | 4f0c 410f | 0d89 4001 | 0000 410f | 0d89 8001 | 0000 488b | d748 83c2 
  0x00000210ee19fc18: 1048 83c6 | 0748 c1ee | 0349 8bcb | 4c8b c6c5 | f877 49ba | e09d 85ed | 1002 0000 

  0x00000210ee19fc34: ;   {other}
  0x00000210ee19fc34: 41ff d20f | 1f84 0000 | 0000 0048 | 8bf7 e9e8 | 0000 0041 | 81fa 0000 | 1000 0f87 | 201e 0000 
  0x00000210ee19fc54: 4d63 ca41 | 3bca 8be9 | 410f 4fea | 3bcd 0f82 | 801e 0000 | 443b d50f | 8277 1e00 | 0049 83c1 
  0x00000210ee19fc74: 1749 8bf9 | 4883 e7f8 | 0f1f 4000 | 4181 fa00 | 0010 000f | 87e6 1800 | 0049 8bb7 | b801 0000 
  0x00000210ee19fc94: 4c8b c64c | 03c7 660f | 1f44 0000 | 4d3b 87c8 | 0100 000f | 83c6 1800 | 004d 8987 | b801 0000 
  0x00000210ee19fcb4: 410f 0d88 | c000 0000 | 48c7 0601 | 0000 0041 | 0f0d 8800 

  0x00000210ee19fcc8: ;   {metadata({type array byte})}
  0x00000210ee19fcc8: 0100 00c7 | 4608 5981 | 0020 4489 | 560c 410f | 0d88 4001 | 0000 410f | 0d88 8001 | 0000 488b 
  0x00000210ee19fce8: d648 83c2 | 1049 c1e9 | 0385 ed0f | 8483 1d00 | 000f 1f80 | 0000 0000 | 413b ea0f | 8c06 1400 
  0x00000210ee19fd08: 0048 83c7 | f048 c1ef | 0349 8bcb | 4c8b c7c5 | f877 49ba | e09d 85ed | 1002 0000 

  0x00000210ee19fd24: ;   {other}
  0x00000210ee19fd24: 41ff d20f | 1f84 0000 | 0000 0041 | 807f 4000 | 0f85 8b12 | 0000 4c8b | d34c 8bde | 4489 5b14 
  0x00000210ee19fd44: 4c8b de4d | 33da 49c1 | eb14 4d85 | db74 1a49 | c1ea 0948 | b900 0093 | f510 0200 | 0049 03ca 
  0x00000210ee19fd64: 8039 020f | 8592 1200 | 0044 8863 | 1048 8bd3 

  0x00000210ee19fd74: ;   {optimized virtual_call}
  0x00000210ee19fd74: c5f8 77e8 

  0x00000210ee19fd78: ; ImmutableOopMap {[32]=Oop [40]=Oop [64]=Oop }
                      ;*invokevirtual intern {reexecute=0 rethrow=0 return_oop=1}
                      ; - java.lang.Class::getPackageName@65
                      ; - java.lang.ClassLoader::postDefineClass@2
                      ; - java.lang.ClassLoader::defineClass@37
                      ; - java.security.SecureClassLoader::defineClass@12
  0x00000210ee19fd78: dc00 c4ff 

  0x00000210ee19fd7c: ;   {other}
  0x00000210ee19fd7c: 0f1f 8400 | 6c0e 0006 | 4889 4424 | 5041 807f | 4000 0f85 | 710d 0000 | 4c8b 5424 | 2048 8b5c 
  0x00000210ee19fd9c: 2450 4c8b | db4c 8b44 | 2420 4589 | 583c 4c8b | db4d 33da | 49c1 eb14 | 4d85 db0f | 8483 0000 
  0x00000210ee19fdbc: 0066 6690 | 4885 db0f | 8477 0000 | 0049 c1ea | 0948 b900 | 0093 f510 | 0200 0049 | 03ca 660f 
  0x00000210ee19fddc: 1f44 0000 | 8039 020f | 8457 0000 | 004d 8b57 | 484d 8b5f | 58f0 8344 | 24c0 0066 | 0f1f 8400 
  0x00000210ee19fdfc: 0000 0000 | 8039 000f | 8437 0000 | 0044 8821 | 4d85 d275 | 1d49 8bd7 | c5f8 7749 | bae0 292c 
  0x00000210ee19fe1c: 7dff 7f00 | 0041 ffd2 

  0x00000210ee19fe24: ;   {other}
  0x00000210ee19fe24: 0f1f 8400 | 0000 0000 | eb12 4b89 | 4c13 f849 | 83c2 f84d | 8957 48eb | 0349 8bda | 4c8b 6c24 
  0x00000210ee19fe44: 2845 8b5d | 3845 8b53 | 284c 8bf3 

  0x00000210ee19fe50: ; implicit exception: dispatches to 0x00000210ee1a24a0
  0x00000210ee19fe50: 8b5b 0c4c | 8b44 2420 | 458b 4030 | 0f1f 4000 | 85db 0f85 | 0c02 0000 | 410f b64e | 1185 c90f 
  0x00000210ee19fe70: 8593 1200 | 0041 0fbe | 4e10 660f | 1f44 0000 | 85c9 0f85 | 701e 0000 | 418b 6e14 

  0x00000210ee19fe8c: ; implicit exception: dispatches to 0x00000210ee1a25c0
  0x00000210ee19fe8c: 8b55 0c4c | 8bcd 488d | 7d10 83fa | 020f 8c0b | 1300 0033 | db83 fa20 | 0f8c 7301 | 0000 4533 
  0x00000210ee19feac: c9c5 d5ef | edc5 cdef | f6c5 c5ef | ffc4 413d 

  0x00000210ee19febc: ;   {external_word}
  0x00000210ee19febc: efc0 49bb | e056 987d | ff7f 0000 | 418b 0bc5 | f96e c1c4 | e27d 58c0 | 448b da41 | 83e3 e00f 
  0x00000210ee19fedc: afd9 c421 | 7a7e 0c0f | c421 7a7e | 540f 08c4 | 217a 7e5c | 0f10 c421 | 7a7e 640f | 18c4 e255 
  0x00000210ee19fefc: 40e8 c442 | 7d31 c9c4 | c155 fee9 | c4e2 4d40 | f0c4 427d | 31d2 c4c1 | 4dfe f2c4 | e245 40f8 
  0x00000210ee19ff1c: c442 7d31 | dbc4 c145 | fefb c462 | 3d40 c0c4 | 427d 31e4 | c441 3dfe | c441 83c1 | 2045 3bcb 
  0x00000210ee19ff3c: 7c9d 4a8d | 3c1f 412b 

  0x00000210ee19ff44: ;   {external_word}
  0x00000210ee19ff44: d349 bbe4 | 5698 7dff | 7f00 00c4 | c17e 6f0b | c4e2 5540 

  0x00000210ee19ff58: ;   {external_word}
  0x00000210ee19ff58: e949 bb04 | 5798 7dff | 7f00 00c4 | c17e 6f13 | c4e2 4d40 

  0x00000210ee19ff6c: ;   {external_word}
  0x00000210ee19ff6c: f249 bb24 | 5798 7dff | 7f00 00c4 | c17e 6f1b | c4e2 4540 

  0x00000210ee19ff80: ;   {external_word}
  0x00000210ee19ff80: fb49 bb44 | 5798 7dff | 7f00 00c4 | c17e 6f23 | c462 3d40 | c4c4 6255 | 02cd c443 | 7d39 ca01 
  0x00000210ee19ffa0: c441 31fe | cac4 4231 | 02c9 c579 | 6ed3 c441 | 31fe cac5 | 797e cbc4 | 624d 02de | c443 7d39 
  0x00000210ee19ffc0: dc01 c441 | 21fe dcc4 | 4221 02db | c579 6ee3 | c441 21fe | dcc5 797e | dbc4 6245 | 02cf c443 
  0x00000210ee19ffe0: 7d39 ca01 | c441 31fe | cac4 4231 | 02c9 c579 | 6ed3 c441 | 31fe cac5 | 797e cbc4 | 423d 02d8 
  0x00000210ee1a0000: c443 7d39 | dc01 c441 | 21fe dcc4 | 4221 02db | c579 6ee3 | c441 21fe | dcc5 797e | db41 b901 
  0x00000210ee1a0020: 0000 0044 | 3bca 0f8d | 2900 0000 | b9c1 0300 | 000f afd9 | 460f b65c | 0fff 418b | cbc1 e105 
  0x00000210ee1a0040: 412b cb03 | d942 0fb6 | 0c0f 03d9 | 4183 c102 | 443b ca7c | d77f 1144 | 8bdb c1e3 | 0541 2bdb 
  0x00000210ee1a0060: 420f b64c | 0fff 03d9 | 85db 0f84 | 5811 0000 | 4189 5e0c | 4585 d20f | 8497 0200 | 0041 8b6a 
  0x00000210ee1a0080: ;   {no_reloc}
  0x00000210ee1a0080: 0c85 ed0f | 86ef 1800 | 0044 8bdb | 41c1 eb10 | 4433 dbff | cd41 81e3 | ffff ff7f | 4123 eb4c 
  0x00000210ee1a00a0: 63cd 478b | 4c8a 1045 | 85c9 0f84 | 6402 0000 | 458b 510c | 453b d30f | 8416 0100 | 0066 6690 
  0x00000210ee1a00c0: 4585 d20f | 8c87 0f00 | 0045 8b51 | 1845 85d2 | 0f84 3e02 | 0000 498b | da44 8b4b | 0c49 8bbf 
  0x00000210ee1a00e0: 5804 0000 | 4d8b d549 

  0x00000210ee1a00e8: ; ImmutableOopMap {r10=Oop r8=NarrowOop rcx=Oop rbx=Oop r13=Oop r14=Oop [32]=Oop [64]=Oop }
                      ;*if_icmpne {reexecute=1 rethrow=0 return_oop=0}
                      ; - (reexecute) java.util.concurrent.ConcurrentHashMap::get@127
                      ; - java.lang.ClassLoader::getNamedPackage@5
                      ; - java.lang.ClassLoader::postDefineClass@9
                      ; - java.lang.ClassLoader::defineClass@37
                      ; - java.security.SecureClassLoader::defineClass@12
                      ;   {poll}
  0x00000210ee1a00e8: 8bce 8507 | 453b cb74 | 1244 8b4b | 1845 85c9 | 0f84 1602 | 0000 498b | d9eb d68b | 6b10 4c8b 
  0x00000210ee1a0108: d54c 3bd1 | 7454 85ed | 0f84 811d | 0000 4889 | 5c24 4844 | 895c 243c | 4489 4424 | 3848 894c 
  0x00000210ee1a0128: 2430 4c89 | 6c24 284c | 8bc5 488b | d148 8be9 

  0x00000210ee1a0138: ;   {optimized virtual_call}
  0x00000210ee1a0138: c5f8 77e8 

  0x00000210ee1a013c: ; ImmutableOopMap {rbp=Oop [32]=Oop [40]=Oop [48]=Oop [56]=NarrowOop [64]=Oop [72]=Oop }
                      ;*invokevirtual equals {reexecute=0 rethrow=0 return_oop=0}
                      ; - java.util.concurrent.ConcurrentHashMap::get@149
                      ; - java.lang.ClassLoader::getNamedPackage@5
                      ; - java.lang.ClassLoader::postDefineClass@9
                      ; - java.lang.ClassLoader::defineClass@37
                      ; - java.security.SecureClassLoader::defineClass@12
  0x00000210ee1a013c: 8071 e7ff 

  0x00000210ee1a0140: ;   {other}
  0x00000210ee1a0140: 0f1f 8400 | 3012 0008 | 85c0 0f84 | 801d 0000 | 4c8b 6c24 | 284c 8bf5 | 448b 4424 | 3848 8b5c 
  0x00000210ee1a0160: 2448 8b6b | 1485 ed0f | 84a7 0100 | 0044 8b55 | 084d 33db | 4f8d 1cd3 | 4d8b 5338 

  0x00000210ee1a017c: ;   {metadata('java/lang/NamedPackage')}
  0x00000210ee1a017c: 49bb 5882 | 0900 0100 | 0000 4d3b | d30f 8505 | 1700 004c | 8b54 2440 | 458b 5a10 

  0x00000210ee1a0198: ; implicit exception: dispatches to 0x00000210ee1a25d8
  0x00000210ee1a0198: 418b 4b14 | 0f1f 4000 | 85c9 0f85 | bd0a 0000 | 458b 5310 | 4585 d20f | 8561 0b00 | 0048 8b44 
  0x00000210ee1a01b8: 2420 c5f8 | 7748 81c4 | c000 0000 

  0x00000210ee1a01c4: ;   {poll_return}
  0x00000210ee1a01c4: 5d49 3ba7 | 5004 0000 | 0f87 2927 | 0000 c341 | 8b69 104c | 8bd5 660f | 1f44 0000 | 4d3b d60f 
  0x00000210ee1a01e4: 841f 0100 | 0044 8b55 | 0848 8bcd | 4c3b f10f | 840f 0100 | 000f 1f80 | 0000 0000 

  0x00000210ee1a0200: ;   {metadata('java/lang/String')}
  0x00000210ee1a0200: 4181 fa12 | 8400 200f | 85bc feff | ff45 0fbe | 5610 0fbe | 6910 443b | d50f 85b7 | 1b00 008b 
  0x00000210ee1a0220: 7914 458b | 5614 8b5f | 0c41 8b4a | 0c3b cb0f | 8594 feff | ff48 8bdf | 488d 7710 | 498b da49 
  0x00000210ee1a0240: 8d7a 1085 | c90f 849d | 0000 008b | c183 e01f | 83e1 e00f | 844b 0000 | 0048 8d3c | 0f48 8d34 
  0x00000210ee1a0260: 0e48 f7d9 | c5fe 6f0c | 0fc5 fe6f | 040e c5f5 | efc8 c4e2 | 7d17 c90f | 8572 0000 | 0048 83c1 
  0x00000210ee1a0280: 2075 e185 | c00f 845d | 0000 00c5 | fe6f 4c07 | e0c5 fe6f | 4406 e0c5 | f5ef c8c4 | e27d 17c9 
  0x00000210ee1a02a0: 754d eb44 | 8bc8 83e1 | fc74 1948 | 8d3c 0f48 | 8d34 0e48 | f7d9 8b1c | 0f3b 1c0e | 7531 4883 
  0x00000210ee1a02c0: c104 75f2 | a802 7412 | 0fb7 1f0f | b70e 3bd9 | 751d 488d | 7f02 488d | 7602 a801 | 740a 0fb6 
  0x00000210ee1a02e0: 1f0f b60e | 3bd9 7507 | b801 0000 | 00eb 0233 | c0c5 f5ef | c9c5 fdef | c00f 1f80 

  0x00000210ee1a02fc: ;   {no_reloc}
  0x00000210ee1a02fc: 0000 0000 | 85c0 0f84 | c1fd ffff | 418b 6914 | 85ed 0f85 | 59fe ffff | 498b 87b8 | 0100 004c 
  0x00000210ee1a031c: 8bd0 4983 | c218 4d3b | 97c8 0100 | 000f 83c0 | 1100 004d | 8997 b801 | 0000 410f | 0d8a c000 
  0x00000210ee1a033c: 0000 48c7 | 0001 0000 

  0x00000210ee1a0344: ;   {metadata('java/lang/NamedPackage')}
  0x00000210ee1a0344: 00c7 4008 | 4b30 0120 | 4489 600c | 4c89 6010 | 458b 5e14 

  0x00000210ee1a0358: ; implicit exception: dispatches to 0x00000210ee1a24f8
  0x00000210ee1a0358: 458b 530c | 0f1f 4000 | 4585 d20f | 868f 0600 | 004c 896c | 2428 4c89 | 7424 3048 | 8944 2438 
  0x00000210ee1a0378: 498b e844 | 8944 2448 | 488b 5424 | 3066 6690 

  0x00000210ee1a0388: ;   {optimized virtual_call}
  0x00000210ee1a0388: c5f8 77e8 

  0x00000210ee1a038c: ; ImmutableOopMap {rbp=Oop [32]=Oop [40]=Oop [48]=Oop [56]=Oop [64]=Oop [72]=NarrowOop }
                      ;*invokevirtual intern {reexecute=0 rethrow=0 return_oop=1}
                      ; - java.lang.NamedPackage::<init>@47
                      ; - java.lang.ClassLoader::getNamedPackage@22
                      ; - java.lang.ClassLoader::postDefineClass@9
                      ; - java.lang.ClassLoader::defineClass@37
                      ; - java.security.SecureClassLoader::defineClass@12
  0x00000210ee1a038c: c8fa c3ff 

  0x00000210ee1a0390: ;   {other}
  0x00000210ee1a0390: 0f1f 8400 | 8014 0009 | 488b d80f | 1f44 0000 | 4180 7f40 | 000f 85c7 | 0700 0048 | 8b74 2438 
  0x00000210ee1a03b0: 4c8b db44 | 895e 0c4c | 8bd6 4c8b | db4d 33da | 49c1 eb14 | 4d85 db74 | 2048 85db | 741b 49c1 
  0x00000210ee1a03d0: ea09 48b9 | 0000 93f5 | 1002 0000 | 4903 ca90 | 8039 020f | 85d0 0700 | 0041 807f | 4000 0f85 
  0x00000210ee1a03f0: 4b07 0000 | 8b7c 2448 | 897e 104c | 8bd5 4c8b | de4d 33d3 | 49c1 ea14 | 4d85 d274 | 1e85 ff74 
  0x00000210ee1a0410: 1a49 c1eb | 0948 b900 | 0093 f510 | 0200 0049 | 03cb 8039 | 020f 85df | 0700 004c | 8b54 2428 
  0x00000210ee1a0430: 458b 5a38 | 4585 db0f | 84eb 1400 | 0048 8974 | 2448 897c | 2438 498b | d34c 8b44 | 2430 4c8b 
  0x00000210ee1a0450: ce66 6690 

  0x00000210ee1a0454: ;   {optimized virtual_call}
  0x00000210ee1a0454: c5f8 77e8 

  0x00000210ee1a0458: ; ImmutableOopMap {[32]=Oop [40]=Oop [56]=NarrowOop [64]=Oop [72]=Oop }
                      ;*invokevirtual putIfAbsent {reexecute=0 rethrow=0 return_oop=1}
                      ; - java.lang.ClassLoader::getNamedPackage@32
                      ; - java.lang.ClassLoader::postDefineClass@9
                      ; - java.lang.ClassLoader::defineClass@37
                      ; - java.security.SecureClassLoader::defineClass@12
  0x00000210ee1a0458: e451 cfff 

  0x00000210ee1a045c: ;   {other}
  0x00000210ee1a045c: 0f1f 8400 | 4c15 000a | 4885 c00f | 8442 0700 | 0044 8b58 | 084d 33d2 | 4f8d 14da | 4d8b 5238 
  0x00000210ee1a047c: ;   {metadata('java/lang/NamedPackage')}
  0x00000210ee1a047c: 49bb 5882 | 0900 0100 | 0000 4d3b | d30f 84b5 | 1400 00ba | deff ffff | 488b e890 

  0x00000210ee1a0498: ;   {runtime_call UncommonTrapBlob}
  0x00000210ee1a0498: c5f8 77e8 

  0x00000210ee1a049c: ; ImmutableOopMap {rbp=Oop }
                      ;*checkcast {reexecute=0 rethrow=0 return_oop=0}
                      ; - java.lang.ClassLoader::getNamedPackage@35
                      ; - java.lang.ClassLoader::postDefineClass@9
                      ; - java.lang.ClassLoader::defineClass@37
                      ; - java.security.SecureClassLoader::defineClass@12
  0x00000210ee1a049c: 603e 6dff 

  0x00000210ee1a04a0: ;   {other}
  0x00000210ee1a04a0: 0f1f 8400 | 9015 000b | 4183 fb04 | 0f86 5e19 | 0000 4180 | 7d11 610f | 85cc f1ff | ff66 6690 
  0x00000210ee1a04c0: 4180 7d12 | 760f 85be | f1ff ff41 | 807d 1361 | 0f85 b3f1 | ffff 6666 | 0f1f 8400 | 0000 0000 
  0x00000210ee1a04e0: 4180 7d14 | 2e0f 859e 

  0x00000210ee1a04e8: ;   {oop(a 'jdk/internal/loader/ClassLoaders$PlatformClassLoader'{0x000000008079ad08})}
  0x00000210ee1a04e8: f1ff ff49 | ba08 ad79 | 8000 0000 | 0048 8b4c | 2428 660f | 1f44 0000 | 493b ca0f | 85b3 1d00 
  0x00000210ee1a0508: ;   {oop(a 'jdk/internal/loader/ClassLoaders$PlatformClassLoader'{0x000000008079ad08})}
  0x00000210ee1a0508: 0048 bb08 | ad79 8000 | 0000 00e9 | 76f1 ffff | 488b d090 

  0x00000210ee1a051c: ;   {optimized virtual_call}
  0x00000210ee1a051c: c5f8 77e8 

  0x00000210ee1a0520: ; ImmutableOopMap {[32]=Oop [40]=Oop [64]=Oop [72]=Oop [80]=Oop }
                      ;*invokevirtual initClassName {reexecute=0 rethrow=0 return_oop=1}
                      ; - java.lang.Class::getName@14
                      ; - java.lang.Class::getPackageName@40
                      ; - java.lang.ClassLoader::postDefineClass@2
                      ; - java.lang.ClassLoader::defineClass@37
                      ; - java.security.SecureClassLoader::defineClass@12
  0x00000210ee1a0520: 3415 c6ff 

  0x00000210ee1a0524: ;   {other}
  0x00000210ee1a0524: 0f1f 8400 | 1416 000c | 4c8b c848 | 85c0 0f85 | 76f5 ffff | baf6 ffff | ff66 6690 

  0x00000210ee1a0540: ;   {runtime_call UncommonTrapBlob}
  0x00000210ee1a0540: c5f8 77e8 

  0x00000210ee1a0544: ; ImmutableOopMap {}
                      ;*invokevirtual lastIndexOf {reexecute=0 rethrow=0 return_oop=0}
                      ; - java.lang.Class::getPackageName@47
                      ; - java.lang.ClassLoader::postDefineClass@2
                      ; - java.lang.ClassLoader::defineClass@37
                      ; - java.security.SecureClassLoader::defineClass@12
  0x00000210ee1a0544: b83d 6dff 

  0x00000210ee1a0548: ;   {other}
  0x00000210ee1a0548: 0f1f 8400 | 3816 000d | 498b f6e9 | def3 ffff | 498b d90f | 1f44 0000 | e90c f8ff 

  0x00000210ee1a0564: ;   {oop(""{0x000000008078a738})}
  0x00000210ee1a0564: ff48 be38 | a778 8000 | 0000 00e9 | c2f3 ffff | 448b 5614 | 0f1f 8400 | 0000 0000 | 4585 d20f 
  0x00000210ee1a0584: 8476 f3ff | ff4d 8b5f | 2849 8bca | 4d85 db0f | 84bb 1400 | 004d 8b57 | 384b 894c | 1af8 4983 
  0x00000210ee1a05a4: c3f8 4d89 | 5f28 e950 | f3ff ff4d | 8b57 484d | 8b5f 58f0 | 8344 24c0 | 0066 6690 | 8039 000f 
  0x00000210ee1a05c4: 8469 f3ff | ff44 8821 | 4d85 d275 | 2049 8bd7 | c5f8 7749 | bae0 292c | 7dff 7f00 | 0041 ffd2 
  0x00000210ee1a05e4: ;   {other}
  0x00000210ee1a05e4: 0f1f 8400 | 0000 0000 | e941 f3ff | ff4b 894c | 13f8 4983 | c2f8 4d89 | 5748 6690 | e92d f3ff 
  0x00000210ee1a0604: ff45 8b43 | 0c45 8b53 | 084d 63e8 | 498b eb49 | c1e5 0266 | 0f1f 8400 | 0000 0000 | 4181 f800 
  0x00000210ee1a0624: 0004 000f | 8703 1800 | 0049 8bb7 | b801 0000 | 4d8d 4d17 | 4983 e1f8 | 488b ce49 | 03c9 493b 
  0x00000210ee1a0644: 8fc8 0100 | 000f 83e1 | 1700 0049 | 898f b801 | 0000 0f0d | 89c0 0000 | 0048 c706 | 0100 0000 
  0x00000210ee1a0664: 4489 5608 | 4489 460c | 0f0d 8900 | 0100 000f | 0d89 4001 | 0000 0f0d | 8980 0100 | 0049 8d4b 
  0x00000210ee1a0684: 1048 8bd6 | 4883 c210 | 4983 c507 | 49c1 ed03 | 4d8b c5c5 | f877 49ba | e09d 85ed | 1002 0000 
  0x00000210ee1a06a4: ;   {other}
  0x00000210ee1a06a4: 41ff d20f | 1f84 0000 

  0x00000210ee1a06ac: ;   {oop(""{0x000000008078a738})}
  0x00000210ee1a06ac: 0000 0049 | bb38 a778 | 8000 0000 | 0049 b800 | 0093 f510 | 0200 00e9 | 2803 0000 | 498b 87b8 
  0x00000210ee1a06cc: 0100 004c | 8bd0 4983 | c218 448b | 4424 4049 | 8bd0 6690 | 4d3b 97c8 | 0100 000f | 834b 1800 
  0x00000210ee1a06ec: 004d 8997 | b801 0000 | 410f 0d8a | c000 0000 | 48c7 0001 

  0x00000210ee1a0700: ;   {metadata('java/util/ArrayList')}
  0x00000210ee1a0700: 0000 00c7 | 4008 c2af | 0020 4489 | 600c 4489 | 6010 458b 

  0x00000210ee1a0714: ;   {oop(a 'java/lang/Object'[0] {0x00000000807ffbb0})}
  0x00000210ee1a0714: 510c c740 | 14b0 fb7f | 8048 8bc8 | 4585 d276 

  0x00000210ee1a0724: ;   {oop(""{0x000000008078a738})}
  0x00000210ee1a0724: 1948 be38 | a778 8000 | 0000 0048 | b800 0093 | f510 0200 | 0045 33c0 

  0x00000210ee1a073c: ;   {oop(""{0x000000008078a738})}
  0x00000210ee1a073c: eb4a 49ba | 38a7 7880 | 0000 0000 | 49bb 0000 | 93f5 1002 | 0000 e9e1 | 0000 0066 | 0f1f 8400 
  0x00000210ee1a075c: 0000 0000 | 4889 6c24 | 284c 8b74 | 2420 488b | 5c24 5048 | 8b74 2458 | 488b 4424 | 6048 8b7c 
  0x00000210ee1a077c: 2468 488b | 5424 7048 | 8b4c 2478 

  0x00000210ee1a0788: ; implicit exception: dispatches to 0x00000210ee1a262c
  0x00000210ee1a0788: 458b 510c | 453b c20f | 83bf 1900 | 0047 8b54 | 8110 458b | 5a10 6690 

  0x00000210ee1a07a0: ; implicit exception: dispatches to 0x00000210ee1a265c
  0x00000210ee1a07a0: 458b 5310 | 4489 4424 | 4448 894c | 2478 4889 | 5424 7048 | 897c 2468 | 4889 4424 | 6048 8974 
  0x00000210ee1a07c0: 2458 4889 | 5c24 504c | 8974 2420 | 488b 6c24 | 284d 8bc2 | 488b d190 

  0x00000210ee1a07d8: ;   {optimized virtual_call}
  0x00000210ee1a07d8: c5f8 77e8 

  0x00000210ee1a07dc: ; ImmutableOopMap {rbp=Oop [32]=Oop [48]=Oop [64]=NarrowOop [72]=Oop [80]=Oop [88]=Oop [104]=Oop [112]=Oop [120]=Oop }
                      ;*invokevirtual addAll {reexecute=0 rethrow=0 return_oop=0}
                      ; - java.security.CodeSource::getCertificates@57
                      ; - java.lang.ClassLoader::checkCerts@34
                      ; - java.lang.ClassLoader::preDefineClass@113
                      ; - java.lang.ClassLoader::defineClass@4
                      ; - java.security.SecureClassLoader::defineClass@12
  0x00000210ee1a07dc: a0e2 6cff 

  0x00000210ee1a07e0: ;   {other}
  0x00000210ee1a07e0: 0f1f 8400 | d018 000e | 4d8b 9758 | 0400 0044 | 8b5c 2440 | 458b 4b10 | 448b 4424 

  0x00000210ee1a07fc: ; ImmutableOopMap {r9=NarrowOop rbp=Oop [32]=Oop [48]=Oop [64]=NarrowOop [72]=Oop [80]=Oop [88]=Oop [104]=Oop [112]=Oop [120]=Oop }
                      ;*goto {reexecute=1 rethrow=0 return_oop=0}
                      ; - (reexecute) java.security.CodeSource::getCertificates@64
                      ; - java.lang.ClassLoader::checkCerts@34
                      ; - java.lang.ClassLoader::preDefineClass@113
                      ; - java.lang.ClassLoader::defineClass@4
                      ; - java.security.SecureClassLoader::defineClass@12
  0x00000210ee1a07fc: 4441 ffc0 

  0x00000210ee1a0800: ;   {poll}
  0x00000210ee1a0800: 4185 0245 | 8b51 0c45 | 3bc2 0f8c | 50ff ffff | 4889 6c24 | 284c 8b74 | 2420 488b | 5c24 504c 
  0x00000210ee1a0820: 8b54 2458 | 4c8b 5c24 | 6048 8b7c | 2468 488b | 5424 7048 | 8b4c 2478 | 498b 87b8 | 0100 004c 
  0x00000210ee1a0840: 8bc0 4983 | c010 4d3b | 87c8 0100 | 000f 8364 | 1700 004d | 8987 b801 | 0000 410f | 0d88 c000 
  0x00000210ee1a0860: 0000 48c7 | 0001 0000 | 0041 0f0d | 8800 0100 

  0x00000210ee1a0870: ;   {metadata('java/security/cert/Certificate'[])}
  0x00000210ee1a0870: 00c7 4008 | 1b61 0020 | 410f 0d88 | 4001 0000 | 4489 600c | 410f 0d88 | 8001 0000 | 488b 6c24 
  0x00000210ee1a0890: 284c 8974 | 2420 4889 | 5c24 504c | 8954 2458 | 4c89 5c24 | 6048 897c | 2468 4889 | 5424 7048 
  0x00000210ee1a08b0: 894c 2478 | 4c8b c048 | 8b54 2478 

  0x00000210ee1a08bc: ;   {optimized virtual_call}
  0x00000210ee1a08bc: c5f8 77e8 

  0x00000210ee1a08c0: ; ImmutableOopMap {rbp=Oop [32]=Oop [48]=Oop [64]=NarrowOop [72]=Oop [80]=Oop [88]=Oop [104]=Oop [112]=Oop }
                      ;*invokevirtual toArray {reexecute=0 rethrow=0 return_oop=1}
                      ; - java.security.CodeSource::getCertificates@73
                      ; - java.lang.ClassLoader::checkCerts@34
                      ; - java.lang.ClassLoader::preDefineClass@113
                      ; - java.lang.ClassLoader::defineClass@4
                      ; - java.security.SecureClassLoader::defineClass@12
  0x00000210ee1a08c0: bce1 6cff 

  0x00000210ee1a08c4: ;   {other}
  0x00000210ee1a08c4: 0f1f 8400 | b419 0010 | 488b f844 | 8b58 0866 | 0f1f 8400 | 0000 0000 | 6666 6690 

  0x00000210ee1a08e0: ;   {metadata('java/security/cert/Certificate'[])}
  0x00000210ee1a08e0: 4181 fb1b | 6100 200f | 85bf 1a00 | 0041 807f | 4000 0f85 | 2012 0000 | 8b5c 2440 | 4c8b 5424 
  0x00000210ee1a0900: 704d 8bda | 4c8b d744 | 8953 144c | 8bd7 4d33 | d349 c1ea | 144d 85d2 | 741a 49c1 | eb09 48b9 
  0x00000210ee1a0920: 0000 93f5 | 1002 0000 | 4903 cb80 | 3902 0f85 | 1b12 0000 | 448b 5f0c | 448b 5708 | 4d63 c349 
  0x00000210ee1a0940: c1e0 0241 | 81fb 0000 | 0400 0f87 | b516 0000 | 498b b7b8 | 0100 004d | 8d48 1749 | 83e1 f848 
  0x00000210ee1a0960: 8bce 4903 | c949 3b8f | c801 0000 | 0f83 9316 | 0000 4989 | 8fb8 0100 | 000f 0d89 | c000 0000 
  0x00000210ee1a0980: 48c7 0601 | 0000 0044 | 8956 0844 | 895e 0c0f | 0d89 0001 | 0000 0f0d | 8940 0100 | 000f 0d89 
  0x00000210ee1a09a0: 8001 0000 | 488b cf48 | 83c1 1048 | 8bd6 4883 | c210 4983 | c007 49c1 | e803 c5f8 | 7749 bae0 
  0x00000210ee1a09c0: 9d85 ed10 | 0200 0041 

  0x00000210ee1a09c8: ;   {other}
  0x00000210ee1a09c8: ffd2 0f1f | 8400 0000 | 0000 4889 | 6c24 284c | 8b74 2420 | 488b 5c24 | 504c 8b5c | 2458 4c8b 
  0x00000210ee1a09e8: 4424 6048 | 8b7c 2468 | 4c8b d6e9 | 85ef ffff | 0f1f 8400 | 0000 0000 | 4585 c00f | 84ab 1700 
  0x00000210ee1a0a08: 0048 8944 | 2438 4c89 | 7424 304c | 896c 2428 | 498b d041 | 8be8 6690 

  0x00000210ee1a0a20: ;   {optimized virtual_call}
  0x00000210ee1a0a20: c5f8 77e8 

  0x00000210ee1a0a24: ; ImmutableOopMap {rbp=NarrowOop [32]=Oop [40]=Oop [48]=Oop [56]=Oop [64]=Oop }
                      ;*invokevirtual isNamed {reexecute=0 rethrow=0 return_oop=0}
                      ; - java.lang.NamedPackage::<init>@12
                      ; - java.lang.ClassLoader::getNamedPackage@22
                      ; - java.lang.ClassLoader::postDefineClass@9
                      ; - java.lang.ClassLoader::defineClass@37
                      ; - java.security.SecureClassLoader::defineClass@12
  0x00000210ee1a0a24: 988f 30f8 

  0x00000210ee1a0a28: ;   {other}
  0x00000210ee1a0a28: 0f1f 8400 | 181b 0011 | 85c0 0f85 | 9417 0000 | 448b c50f | 1f44 0000 | e933 f9ff 

  0x00000210ee1a0a44: ;   {oop(""{0x000000008078a738})}
  0x00000210ee1a0a44: ff48 bf38 | a778 8000 | 0000 00e9 | e5ee ffff | 4c63 c54d | 8d50 1049 | 8bca 4883 | e1f8 498b 
  0x00000210ee1a0a64: fd48 03f9 | 49c1 ea03 | 4d2b ca49 | 8bc9 4833 | c048 83f9 | 087f 1048 | ffc9 784f | 4889 04cf 
  0x00000210ee1a0a84: 48ff c97d | f7eb 44c5 | f5ef c9e9 | 0d00 0000 | c5fe 7f0f | c5fe 7f4f | 2048 83c7 | 4048 83e9 
  0x00000210ee1a0aa4: 087d ed48 | 83c1 047c | 0cc5 fe7f | 0f48 83c7 | 2048 83e9 | 0448 83c1 | 047e 1048 | ffc9 c5f9 
  0x00000210ee1a0ac4: d60f 4883 | c708 48ff | c97d f3c4 | e1f9 7ec1 | 498b d3c5 | f877 49ba | 4097 85ed | 1002 0000 
  0x00000210ee1a0ae4: ;   {other}
  0x00000210ee1a0ae4: 41ff d20f | 1f84 0000 | 0000 00e9 | 00ee ffff 

  0x00000210ee1a0af4: ;   {oop(""{0x000000008078a738})}
  0x00000210ee1a0af4: 48bb 38a7 | 7880 0000 | 0000 6690 | e96c f2ff | ff4c 8b54 | 2420 458b | 5a3c 4585 | db0f 847d 
  0x00000210ee1a0b14: f2ff ff4d | 8b57 2849 | 8bcb 6690 | 4d85 d20f | 84d7 1000 | 004d 8b5f | 384b 894c | 13f8 4983 
  0x00000210ee1a0b34: c2f8 4d89 | 5728 e955 | f2ff ff44 | 8b5e 1045 | 85db 0f84 | a8f8 ffff | 4d8b 5728 | 498b cb4d 
  0x00000210ee1a0b54: 85d2 0f84 | 0011 0000 | 4d8b 5f38 | 4b89 4c13 | f849 83c2 | f84d 8957 | 28e9 82f8 | ffff 488b 
  0x00000210ee1a0b74: 7424 3844 | 8b56 0c0f | 1f44 0000 | 4585 d20f | 8427 f8ff | ff4d 8b5f | 2849 8bca | 4d85 db0f 
  0x00000210ee1a0b94: 84e3 1000 | 004d 8b57 | 384b 894c | 1af8 4983 | c3f8 4d89 | 5f28 e901 | f8ff ff4c | 8b6c 2428 
  0x00000210ee1a0bb4: e9d6 f5ff | ff4d 8b57 | 584d 8b5f | 48f0 8344 | 24c0 0080 | 3900 0f84 | 19f8 ffff | 4488 214d 
  0x00000210ee1a0bd4: 85db 7520 | 498b d7c5 | f877 49ba | e029 2c7d | ff7f 0000 

  0x00000210ee1a0be8: ;   {other}
  0x00000210ee1a0be8: 41ff d20f | 1f84 0000 | 0000 00e9 | f1f7 ffff | 4b89 4c1a | f849 83c3 | f84d 895f | 48e9 dff7 
  0x00000210ee1a0c08: ffff 4d8b | 5748 4d8b | 5f58 f083 | 4424 c000 | 0f1f 8400 | 0000 0000 | 8039 000f | 8402 f8ff 
  0x00000210ee1a0c28: ff44 8821 | 4d85 d275 | 2049 8bd7 | c5f8 7749 | bae0 292c | 7dff 7f00 | 0041 ffd2 

  0x00000210ee1a0c44: ;   {other}
  0x00000210ee1a0c44: 0f1f 8400 | 0000 0000 | e9da f7ff | ff4b 894c | 13f8 4983 | c2f8 4d89 | 5748 6690 | e9c6 f7ff 
  0x00000210ee1a0c64: ff8b 790c | 448b 5908 | 488b e94c | 63c7 49c1 | e002 6666 | 0f1f 8400 | 0000 0000 | 81ff 0000 
  0x00000210ee1a0c84: 0400 0f87 | 6012 0000 | 498b 87b8 | 0100 004d | 8d50 1749 | 83e2 f84c | 8bc8 4d03 | ca4d 3b8f 
  0x00000210ee1a0ca4: c801 0000 | 0f83 3e12 | 0000 4d89 | 8fb8 0100 | 0041 0f0d | 89c0 0000 | 0048 c700 | 0100 0000 
  0x00000210ee1a0cc4: 4489 5808 | 8978 0c41 | 0f0d 8900 | 0100 0041 | 0f0d 8940 | 0100 0041 | 0f0d 8980 | 0100 0048 
  0x00000210ee1a0ce4: 8bd8 488d | 4910 488b | d348 83c2 | 1049 83c0 | 0749 c1e8 | 03c5 f877 | 49ba e09d | 85ed 1002 
  0x00000210ee1a0d04: 0000 41ff 

  0x00000210ee1a0d08: ;   {other}
  0x00000210ee1a0d08: d20f 1f84 | 0000 0000 | 00e9 8e02 | 0000 498b | 87b8 0100 | 004c 8bc0 | 4983 c018 | 498b cb4d 
  0x00000210ee1a0d28: 3b87 c801 | 0000 0f83 | 0a13 0000 | 4d89 87b8 | 0100 0041 | 0f0d 88c0 | 0000 0048 | c700 0100 
  0x00000210ee1a0d48: ;   {metadata('java/util/ArrayList')}
  0x00000210ee1a0d48: 0000 c740 | 08c2 af00 | 2044 8960 | 0c44 8960 

  0x00000210ee1a0d58: ;   {oop(a 'java/lang/Object'[0] {0x00000000807ffbb0})}
  0x00000210ee1a0d58: 10c7 4014 | b0fb 7f80 | 4c8b c841 | 8b5a 0c85 | db0f 8699 | 0000 0045 | 33c0 eb19 | 0f1f 8400 
  0x00000210ee1a0d78: 0000 0000 | 6666 6690 | 4c8b ed48 | 8b4c 2430 | 4c8b 4c24 | 3841 8b7a | 0c44 3bc7 | 0f83 4a14 
  0x00000210ee1a0d98: 0000 438b | 5c82 1090 

  0x00000210ee1a0da0: ; implicit exception: dispatches to 0x00000210ee1a26a4
  0x00000210ee1a0da0: 448b 5310 

  0x00000210ee1a0da4: ; implicit exception: dispatches to 0x00000210ee1a26bc
  0x00000210ee1a0da4: 458b 5210 | 4489 4424 | 2c4c 894c | 2438 4889 | 4c24 3044 | 895c 2428 | 498b ed4d | 8bc2 498b 
  0x00000210ee1a0dc4: d166 6690 

  0x00000210ee1a0dc8: ;   {optimized virtual_call}
  0x00000210ee1a0dc8: c5f8 77e8 

  0x00000210ee1a0dcc: ; ImmutableOopMap {rbp=Oop [32]=Oop [40]=NarrowOop [48]=Oop [56]=Oop }
                      ;*invokevirtual addAll {reexecute=0 rethrow=0 return_oop=0}
                      ; - java.security.CodeSource::getCertificates@57
                      ; - java.lang.ClassLoader::postDefineClass@24
                      ; - java.lang.ClassLoader::defineClass@37
                      ; - java.security.SecureClassLoader::defineClass@12
  0x00000210ee1a0dcc: b0dc 6cff 

  0x00000210ee1a0dd0: ;   {other}
  0x00000210ee1a0dd0: 0f1f 8400 | c01e 0012 | 498b 8f58 | 0400 0044 | 8b5c 2428 | 458b 5310 | 448b 4424 

  0x00000210ee1a0dec: ; ImmutableOopMap {r10=NarrowOop r11=NarrowOop rbp=Oop [32]=Oop [48]=Oop [56]=Oop }
                      ;*goto {reexecute=1 rethrow=0 return_oop=0}
                      ; - (reexecute) java.security.CodeSource::getCertificates@64
                      ; - java.lang.ClassLoader::postDefineClass@24
                      ; - java.lang.ClassLoader::defineClass@37
                      ; - java.security.SecureClassLoader::defineClass@12
  0x00000210ee1a0dec: 2c41 ffc0 

  0x00000210ee1a0df0: ;   {poll}
  0x00000210ee1a0df0: 8501 458b | 4a0c 453b | c17c 854c | 8bed 488b | 4c24 304c | 8b4c 2438 | 498b 87b8 | 0100 004c 
  0x00000210ee1a0e10: 8bd0 4983 | c210 6666 | 0f1f 8400 | 0000 0000 | 4d3b 97c8 | 0100 000f | 8358 1200 | 004d 8997 
  0x00000210ee1a0e30: b801 0000 | 410f 0d8a | c000 0000 | 48c7 0001 | 0000 0041 | 0f0d 8a00 

  0x00000210ee1a0e48: ;   {metadata('java/security/cert/Certificate'[])}
  0x00000210ee1a0e48: 0100 00c7 | 4008 1b61 | 0020 410f | 0d8a 4001 | 0000 4489 | 600c 410f | 0d8a 8001 | 0000 4c89 
  0x00000210ee1a0e68: 6c24 2841 | 8beb 4889 | 4c24 304c | 894c 2438 | 4c8b c048 | 8b54 2438 

  0x00000210ee1a0e80: ;   {optimized virtual_call}
  0x00000210ee1a0e80: c5f8 77e8 

  0x00000210ee1a0e84: ; ImmutableOopMap {rbp=NarrowOop [32]=Oop [40]=Oop [48]=Oop }
                      ;*invokevirtual toArray {reexecute=0 rethrow=0 return_oop=1}
                      ; - java.security.CodeSource::getCertificates@73
                      ; - java.lang.ClassLoader::postDefineClass@24
                      ; - java.lang.ClassLoader::defineClass@37
                      ; - java.security.SecureClassLoader::defineClass@12
  0x00000210ee1a0e84: f8db 6cff 

  0x00000210ee1a0e88: ;   {other}
  0x00000210ee1a0e88: 0f1f 8400 | 781f 0014 | 488b f844 | 8b58 0866 | 0f1f 8400 | 0000 0000 

  0x00000210ee1a0ea0: ;   {metadata('java/security/cert/Certificate'[])}
  0x00000210ee1a0ea0: 4181 fb1b | 6100 200f | 854b 1500 | 0041 807f | 4000 0f85 | 7c0e 0000 | 8bdd 4c8b | d74c 8954 
  0x00000210ee1a0ec0: 2438 4c8b | 5424 304c | 8b5c 2438 | 4d8b c344 | 8943 144d | 33da 49c1 | eb14 4d85 | db74 1649 
  0x00000210ee1a0ee0: c1ea 094c | 8b44 2458 | 4d03 c241 | 8038 020f | 857a 0e00 | 004c 8b54 | 2438 458b | 420c 458b 
  0x00000210ee1a0f00: 5208 4963 | e848 c1e5 | 0241 81f8 | 0000 0400 | 0f87 a311 | 0000 498b | 87b8 0100 | 004c 8d5d 
  0x00000210ee1a0f20: 1749 83e3 | f84c 8bc8 | 4d03 cb4d | 3b8f c801 | 0000 0f83 | 8111 0000 | 4d89 8fb8 | 0100 0041 
  0x00000210ee1a0f40: 0f0d 89c0 | 0000 0048 | c700 0100 | 0000 4489 | 5008 4489 | 400c 410f | 0d89 0001 | 0000 410f 
  0x00000210ee1a0f60: 0d89 4001 | 0000 410f | 0d89 8001 | 0000 488b | d848 8b4c | 2438 4883 | c110 488b | d348 83c2 
  0x00000210ee1a0f80: 1048 83c5 | 0748 c1ed | 034c 8bc5 | c5f8 7749 | bae0 9d85 | ed10 0200 | 0041 ffd2 

  0x00000210ee1a0f9c: ;   {other}
  0x00000210ee1a0f9c: 0f1f 8400 | 0000 0000 | 488b 5424 | 204c 8bc3 

  0x00000210ee1a0fac: ;   {optimized virtual_call}
  0x00000210ee1a0fac: c5f8 77e8 

  0x00000210ee1a0fb0: ; ImmutableOopMap {[32]=Oop }
                      ;*invokevirtual setSigners {reexecute=0 rethrow=0 return_oop=0}
                      ; - java.lang.ClassLoader::setSigners@2
                      ; - java.lang.ClassLoader::postDefineClass@35
                      ; - java.lang.ClassLoader::defineClass@37
                      ; - java.security.SecureClassLoader::defineClass@12
  0x00000210ee1a0fb0: ccda 6cff 

  0x00000210ee1a0fb4: ;   {other}
  0x00000210ee1a0fb4: 0f1f 8400 | a420 0015 | 0f1f 4000 | e9f0 f1ff | ff44 8b5b | 1445 85db | 0f84 68ed | ffff 4d8b 
  0x00000210ee1a0fd4: 5728 498b | cb0f 1f80 | 0000 0000 | 4d85 d20f | 84ef 0c00 | 004d 8b5f | 384b 894c | 13f8 4983 
  0x00000210ee1a0ff4: c2f8 4d89 | 5728 e93b | edff ff4d | 8b57 484d | 8b5f 58f0 | 8344 24c0 | 0080 3900 | 0f84 57ed 
  0x00000210ee1a1014: ffff 4488 | 214d 85d2 | 7520 498b | d7c5 f877 | 49ba e029 | 2c7d ff7f | 0000 41ff 

  0x00000210ee1a1030: ;   {other}
  0x00000210ee1a1030: d20f 1f84 | 0000 0000 | 00e9 2fed | ffff 4b89 | 4c13 f849 | 83c2 f84d | 8957 48e9 | 1ded ffff 
  0x00000210ee1a1050: 458b 5108 

  0x00000210ee1a1054: ;   {metadata('java/util/concurrent/ConcurrentHashMap$ForwardingNode')}
  0x00000210ee1a1054: 4181 fa33 | 3b01 2074 | 4366 6690 

  0x00000210ee1a1060: ;   {metadata('java/util/concurrent/ConcurrentHashMap$ReservationNode')}
  0x00000210ee1a1060: 4181 fa50 | d600 200f | 84a7 f2ff | ffba c6ff | ffff 4c8b | 5424 404c | 8954 2430 | 4489 4424 
  0x00000210ee1a1080: 4844 894c | 244c 4489 | 5c24 504c | 8974 2458 

  0x00000210ee1a1090: ;   {runtime_call UncommonTrapBlob}
  0x00000210ee1a1090: c5f8 77e8 

  0x00000210ee1a1094: ; ImmutableOopMap {[32]=Oop [40]=Oop [48]=Oop [72]=NarrowOop [76]=NarrowOop [88]=Oop }
                      ;*invokevirtual find {reexecute=0 rethrow=0 return_oop=0}
                      ; - java.util.concurrent.ConcurrentHashMap::get@93
                      ; - java.lang.ClassLoader::getNamedPackage@5
                      ; - java.lang.ClassLoader::postDefineClass@9
                      ; - java.lang.ClassLoader::defineClass@37
                      ; - java.security.SecureClassLoader::defineClass@12
  0x00000210ee1a1094: 6832 6dff 

  0x00000210ee1a1098: ;   {other}
  0x00000210ee1a1098: 0f1f 8400 | 8821 0016 | 4489 4424 | 384c 8974 | 2430 4c8b | 5424 204c | 8954 2428 | 4c89 6c24 
  0x00000210ee1a10b8: 2049 8bd1 | 458b c34d | 8bce 498b | ea66 6690 

  0x00000210ee1a10c8: ;   {optimized virtual_call}
  0x00000210ee1a10c8: c5f8 77e8 

  0x00000210ee1a10cc: ; ImmutableOopMap {rbp=Oop [32]=Oop [40]=Oop [48]=Oop [56]=NarrowOop [64]=Oop }
                      ;*invokevirtual find {reexecute=0 rethrow=0 return_oop=1}
                      ; - java.util.concurrent.ConcurrentHashMap::get@93
                      ; - java.lang.ClassLoader::getNamedPackage@5
                      ; - java.lang.ClassLoader::postDefineClass@9
                      ; - java.lang.ClassLoader::defineClass@37
                      ; - java.security.SecureClassLoader::defineClass@12
  0x00000210ee1a10cc: b0d9 6cff 

  0x00000210ee1a10d0: ;   {other}
  0x00000210ee1a10d0: 0f1f 8400 | c021 0017 | 0f1f 8400 | 0000 0000 | 4885 c00f | 842b 0500 | 008b 6814 | 85ed 0f84 
  0x00000210ee1a10f0: bd0a 0000 | 4c8b 6c24 | 204c 8b54 | 2428 4c89 | 5424 20e9 | 65f0 ffff | 33db e965 | efff ff4c 
  0x00000210ee1a1110: 63c5 4d8d | 5010 498b | ca48 83e1 | f848 8bfe | 4803 f949 | c1ea 034d | 2bca 498b | c948 33c0 
  0x00000210ee1a1130: 4883 f908 | 7f10 48ff | c978 4f48 | 8904 cf48 | ffc9 7df7 | eb44 c5fd | efc0 e90d | 0000 00c5 
  0x00000210ee1a1150: fe7f 07c5 | fe7f 4720 | 4883 c740 | 4883 e908 | 7ded 4883 | c104 7c0c | c5fe 7f07 | 4883 c720 
  0x00000210ee1a1170: 4883 e904 | 4883 c104 | 7e10 48ff | c9c5 f9d6 | 0748 83c7 | 0848 ffc9 | 7df3 498b | cbc5 f877 
  0x00000210ee1a1190: 49ba 4097 | 85ed 1002 | 0000 41ff 

  0x00000210ee1a119c: ;   {other}
  0x00000210ee1a119c: d20f 1f84 | 0000 0000 | 00e9 85eb | ffff 83fa | 0175 1985 | d20f 865d | 1000 000f | b61f 660f 
  0x00000210ee1a11bc: 1f44 0000 | 85db 0f85 | a8ee ffff | 41c6 4611 | 0133 dbe9 | a0ee ffff | 413b da0f | 85e2 0000 
  0x00000210ee1a11dc: 008b fbff | cf3b fb0f | 835f 1000 | 0045 85d2 | 0f86 5610 | 0000 418b | faff cf33 | c9eb 338b 
  0x00000210ee1a11fc: 4c24 7cff | c13b 8c24 | 9000 0000 | 0f8d ce00 | 0000 4c8b | 4c24 684c | 8b44 2440 | 8b9c 2490 
  0x00000210ee1a121c: 0000 0044 | 8b94 2494 | 0000 008b | bc24 9800 | 0000 418b | 7489 1041 | 3bfa 0f83 | 990e 0000 
  0x00000210ee1a123c: 0f1f 4000 | 85f6 0f84 | 8d0e 0000 | 4c8b de33 | ed4c 894c | 2468 899c | 2490 0000 | 0044 8994 
  0x00000210ee1a125c: 2494 0000 | 0089 bc24 | 9800 0000 | 894c 247c | 89b4 2480 | 0000 004c | 899c 24a0 | 0000 00eb 
  0x00000210ee1a127c: 0866 6690 | 4c8b 4424 | 4045 8b54 | a810 4c89 | 4424 404d | 8bc2 488b | 9424 a000 | 0000 6690 
  0x00000210ee1a129c: ;   {no_reloc}
  0x00000210ee1a129c: c5f8 77e8 

  0x00000210ee1a12a0: ; ImmutableOopMap {[32]=Oop [40]=Oop [48]=Oop [64]=Oop [72]=Oop [80]=Oop [104]=Oop [128]=NarrowOop [160]=Oop }
                      ;*invokevirtual equals {reexecute=0 rethrow=0 return_oop=0}
                      ; - java.lang.ClassLoader::compareCerts@81
                      ; - java.lang.ClassLoader::checkCerts@80
                      ; - java.lang.ClassLoader::preDefineClass@113
                      ; - java.lang.ClassLoader::defineClass@4
                      ; - java.security.SecureClassLoader::defineClass@12
  0x00000210ee1a12a0: dcd7 6cff 

  0x00000210ee1a12a4: ;   {other}
  0x00000210ee1a12a4: 0f1f 8400 | 9423 0018 | 85c0 0f85 | 47ff ffff | ffc5 3bac | 2494 0000 | 007c c1ba | 45ff ffff 
  0x00000210ee1a12c4: 488b 6c24 | 2866 6690 

  0x00000210ee1a12cc: ;   {runtime_call UncommonTrapBlob}
  0x00000210ee1a12cc: c5f8 77e8 

  0x00000210ee1a12d0: ; ImmutableOopMap {rbp=Oop [32]=Oop [48]=Oop [72]=Oop }
                      ;*ifne {reexecute=1 rethrow=0 return_oop=0}
                      ; - (reexecute) java.lang.ClassLoader::checkCerts@83
                      ; - java.lang.ClassLoader::preDefineClass@113
                      ; - java.lang.ClassLoader::defineClass@4
                      ; - java.security.SecureClassLoader::defineClass@12
  0x00000210ee1a12d0: 2c30 6dff 

  0x00000210ee1a12d4: ;   {other}
  0x00000210ee1a12d4: 0f1f 8400 | c423 0019 | 4533 c090 | eb16 448b | 4424 7441 | ffc0 443b | 8424 9400 | 0000 0f8d 
  0x00000210ee1a12f4: 19e7 ffff | 4c8b 5c24 | 4047 8b54 | 8310 4585 | d20f 8409 | 0e00 004d | 8bca 33ed | 4489 4424 
  0x00000210ee1a1314: 7444 8954 | 2478 4c89 | 8c24 8800 | 0000 4c8b | 5424 6845 | 8b54 aa10 | 4d8b c248 | 8b94 2488 
  0x00000210ee1a1334: 0000 0090 

  0x00000210ee1a1338: ;   {optimized virtual_call}
  0x00000210ee1a1338: c5f8 77e8 

  0x00000210ee1a133c: ; ImmutableOopMap {[32]=Oop [40]=Oop [48]=Oop [64]=Oop [72]=Oop [80]=Oop [104]=Oop [120]=NarrowOop [136]=Oop }
                      ;*invokevirtual equals {reexecute=0 rethrow=0 return_oop=0}
                      ; - java.lang.ClassLoader::compareCerts@166
                      ; - java.lang.ClassLoader::checkCerts@80
                      ; - java.lang.ClassLoader::preDefineClass@113
                      ; - java.lang.ClassLoader::defineClass@4
                      ; - java.security.SecureClassLoader::defineClass@12
  0x00000210ee1a133c: 40d7 6cff 

  0x00000210ee1a1340: ;   {other}
  0x00000210ee1a1340: 0f1f 8400 | 3024 001a | 85c0 7596 | ffc5 3bac | 2490 0000 | 007c cbe9 | 63ff ffff 

  0x00000210ee1a135c: ;   {metadata('java/security/SecureClassLoader$1')}
  0x00000210ee1a135c: 48ba 9895 | 0900 0100 | 0000 4c89 | 4424 5090 

  0x00000210ee1a136c: ;   {runtime_call _new_instance_Java}
  0x00000210ee1a136c: c5f8 77e8 

  0x00000210ee1a1370: ; ImmutableOopMap {rbp=NarrowOop [32]=Oop [40]=Oop [48]=Oop [80]=Oop }
                      ;*new {reexecute=0 rethrow=0 return_oop=1}
                      ; - java.security.SecureClassLoader::getProtectionDomain@20
                      ; - java.security.SecureClassLoader::defineClass@9
  0x00000210ee1a1370: 8c9a 6fff 

  0x00000210ee1a1374: ;   {other}
  0x00000210ee1a1374: 0f1f 8400 | 6424 001b | 4c8b c84c | 8b44 2450 | e96b e1ff 

  0x00000210ee1a1388: ;   {metadata('java/security/SecureClassLoader$CodeSourceKey')}
  0x00000210ee1a1388: ff48 ba58 | 9309 0001 | 0000 0090 

  0x00000210ee1a1394: ;   {runtime_call _new_instance_Java}
  0x00000210ee1a1394: c5f8 77e8 

  0x00000210ee1a1398: ; ImmutableOopMap {rbp=Oop [32]=Oop [40]=Oop [48]=Oop }
                      ;*new {reexecute=0 rethrow=0 return_oop=1}
                      ; - java.security.SecureClassLoader::getProtectionDomain@6
                      ; - java.security.SecureClassLoader::defineClass@9
  0x00000210ee1a1398: 649a 6fff 

  0x00000210ee1a139c: ;   {other}
  0x00000210ee1a139c: 0f1f 8400 | 8c24 001c | 4c8b c0e9 | ffe0 ffff | 4489 5424 | 7444 8b4c | 2440 4489 | 4c24 7048 
  0x00000210ee1a13bc: 895c 2468 | c5fb 1144 | 2460 4c89 | 4424 5844 | 895c 2454 | 4489 6c24 | 504c 8b54 | 2448 4c89 
  0x00000210ee1a13dc: 5424 404c | 8974 2420 | 488b 6c24 

  0x00000210ee1a13e8: ;   {metadata('java/lang/String')}
  0x00000210ee1a13e8: 2848 ba90 | 2004 0001 | 0000 0090 

  0x00000210ee1a13f4: ;   {runtime_call _new_instance_Java}
  0x00000210ee1a13f4: c5f8 77e8 

  0x00000210ee1a13f8: ; ImmutableOopMap {rbp=Oop [32]=Oop [48]=Oop [64]=Oop [80]=NarrowOop [88]=Oop [96]=Derived_oop_[88] [104]=Oop [112]=NarrowOop }
                      ;*new {reexecute=0 rethrow=0 return_oop=1}
                      ; - java.lang.StringLatin1::newString@7
                      ; - java.lang.String::substring@41
                      ; - java.lang.ClassLoader::checkCerts@21
                      ; - java.lang.ClassLoader::preDefineClass@113
                      ; - java.lang.ClassLoader::defineClass@4
                      ; - java.security.SecureClassLoader::defineClass@12
  0x00000210ee1a13f8: 049a 6fff 

  0x00000210ee1a13fc: ;   {other}
  0x00000210ee1a13fc: 0f1f 8400 | ec24 001d | 4889 6c24 | 284c 8b74 | 2420 4c8b | 5424 404c | 8954 2448 | 448b 6c24 
  0x00000210ee1a141c: 5044 8b5c | 2454 4c8b | 4424 5848 | 8b4c 2460 | 488b 5c24 | 6844 8b54 | 2470 4489 | 5424 4044 
  0x00000210ee1a143c: 8b54 2474 | 488b f0c4 | e1f9 6ec1 | e90e e3ff | ff48 89bc | 2480 0000 | 004c 894c | 2478 4889 
  0x00000210ee1a145c: 7424 7044 | 8954 246c | 448b 5c24 | 4044 895c | 2468 4889 | 5c24 60c5 | fb11 4424 | 584c 8944 
  0x00000210ee1a147c: 2450 4c89 | 7424 404c | 8b54 2428 | 4c89 5424 

  0x00000210ee1a148c: ;   {metadata({type array byte})}
  0x00000210ee1a148c: 2048 bac8 | 0a04 0001 | 0000 0044 | 8b44 246c 

  0x00000210ee1a149c: ;   {runtime_call _new_array_nozero_Java}
  0x00000210ee1a149c: c5f8 77e8 

  0x00000210ee1a14a0: ; ImmutableOopMap {[32]=Oop [48]=Oop [64]=Oop [72]=Oop [80]=Oop [88]=Derived_oop_[80] [96]=Oop [104]=NarrowOop [112]=Oop }
                      ;*newarray {reexecute=0 rethrow=0 return_oop=1}
                      ; - java.util.Arrays::copyOfRangeByte@10
                      ; - java.util.Arrays::copyOfRange@13
                      ; - java.lang.StringLatin1::newString@16
                      ; - java.lang.String::substring@41
                      ; - java.lang.ClassLoader::checkCerts@21
                      ; - java.lang.ClassLoader::preDefineClass@113
                      ; - java.lang.ClassLoader::defineClass@4
                      ; - java.security.SecureClassLoader::defineClass@12
  0x00000210ee1a14a0: 5c9f 6fff 

  0x00000210ee1a14a4: ;   {other}
  0x00000210ee1a14a4: 0f1f 8400 | 9425 001e | 4c8b 5424 | 204c 8954 | 2428 4c8b | 7424 40c5 | fb10 4424 | 5848 8b5c 
  0x00000210ee1a14c4: 2460 448b | 5424 6844 | 8954 2440 | 448b 5424 | 6c48 8b74 | 2470 4c8b | 4c24 7848 | 8bbc 2480 
  0x00000210ee1a14e4: 0000 004c | 8be8 e9b9 | e3ff ff44 | 8944 2430 | 4c89 7424 | 2849 8bed 

  0x00000210ee1a14fc: ;   {metadata('java/lang/NamedPackage')}
  0x00000210ee1a14fc: 48ba 5882 | 0900 0100 | 0000 6690 

  0x00000210ee1a1508: ;   {runtime_call _new_instance_Java}
  0x00000210ee1a1508: c5f8 77e8 

  0x00000210ee1a150c: ; ImmutableOopMap {rbp=Oop [32]=Oop [40]=Oop [48]=NarrowOop [64]=Oop }
                      ;*new {reexecute=0 rethrow=0 return_oop=1}
                      ; - java.lang.ClassLoader::getNamedPackage@16
                      ; - java.lang.ClassLoader::postDefineClass@9
                      ; - java.lang.ClassLoader::defineClass@37
                      ; - java.security.SecureClassLoader::defineClass@12
  0x00000210ee1a150c: f098 6fff 

  0x00000210ee1a1510: ;   {other}
  0x00000210ee1a1510: 0f1f 8400 | 0026 001f | 4c8b ed4c | 8b74 2428 | 448b 4424 | 30e9 2aee | ffff 4489 | 5424 3889 
  0x00000210ee1a1530: 4c24 3444 | 8944 2430 | 488b 6c24 

  0x00000210ee1a153c: ;   {metadata('java/lang/String')}
  0x00000210ee1a153c: 2048 ba90 | 2004 0001 | 0000 0090 

  0x00000210ee1a1548: ;   {runtime_call _new_instance_Java}
  0x00000210ee1a1548: c5f8 77e8 

  0x00000210ee1a154c: ; ImmutableOopMap {rbp=Oop [40]=Oop [48]=NarrowOop [64]=Oop [136]=Oop }
                      ;*new {reexecute=0 rethrow=0 return_oop=1}
                      ; - java.lang.StringLatin1::newString@7
                      ; - java.lang.String::substring@41
                      ; - java.lang.Class::getPackageName@62
                      ; - java.lang.ClassLoader::postDefineClass@2
                      ; - java.lang.ClassLoader::defineClass@37
                      ; - java.security.SecureClassLoader::defineClass@12
  0x00000210ee1a154c: b098 6fff 

  0x00000210ee1a1550: ;   {other}
  0x00000210ee1a1550: 0f1f 8400 | 4026 0020 | 4889 6c24 | 2044 8b44 | 2430 8b4c | 2434 448b | 5424 3848 | 8bd8 e928 
  0x00000210ee1a1570: e6ff ff48 | 897c 2460 | 4c89 4c24 | 504c 895c | 2448 4889 | 5c24 3844 | 8954 2430 

  0x00000210ee1a158c: ;   {metadata({type array byte})}
  0x00000210ee1a158c: 48ba c80a | 0400 0100 | 0000 458b | c266 6690 

  0x00000210ee1a159c: ;   {runtime_call _new_array_nozero_Java}
  0x00000210ee1a159c: c5f8 77e8 

  0x00000210ee1a15a0: ; ImmutableOopMap {[32]=Oop [40]=Oop [56]=Oop [64]=Oop [136]=Oop [72]=Derived_oop_[136] }
                      ;*newarray {reexecute=0 rethrow=0 return_oop=1}
                      ; - java.util.Arrays::copyOfRangeByte@10
                      ; - java.util.Arrays::copyOfRange@13
                      ; - java.lang.StringLatin1::newString@16
                      ; - java.lang.String::substring@41
                      ; - java.lang.Class::getPackageName@62
                      ; - java.lang.ClassLoader::postDefineClass@2
                      ; - java.lang.ClassLoader::defineClass@37
                      ; - java.security.SecureClassLoader::defineClass@12
  0x00000210ee1a15a0: 5c9e 6fff 

  0x00000210ee1a15a4: ;   {other}
  0x00000210ee1a15a4: 0f1f 8400 | 9426 0021 | 448b 5424 | 3048 8b5c | 2438 4c8b | 5c24 484c | 8b4c 2450 | 488b 7c24 
  0x00000210ee1a15c4: 6048 8bf0 | e919 e7ff | ffba e4ff | ffff 4489 | 5424 2044 | 8b5c 2438 | 4489 5c24 | 2444 8b54 
  0x00000210ee1a15e4: 243c 4489 | 5424 3848 | 895c 2458 | 4c89 7424 | 6044 8b54 | 2440 4489 | 5424 3c44 | 896c 2444 
  0x00000210ee1a1604: ;   {runtime_call UncommonTrapBlob}
  0x00000210ee1a1604: c5f8 77e8 

  0x00000210ee1a1608: ; ImmutableOopMap {[40]=Oop [48]=Oop [60]=NarrowOop [68]=NarrowOop [72]=Oop [88]=Oop [96]=Oop }
                      ;*baload {reexecute=0 rethrow=0 return_oop=0}
                      ; - java.lang.StringLatin1::lastIndexOf@24
                      ; - java.lang.String::lastIndexOf@13
                      ; - java.lang.String::lastIndexOf@8
                      ; - java.lang.ClassLoader::checkCerts@3
                      ; - java.lang.ClassLoader::preDefineClass@113
                      ; - java.lang.ClassLoader::defineClass@4
                      ; - java.security.SecureClassLoader::defineClass@12
  0x00000210ee1a1608: f42c 6dff 

  0x00000210ee1a160c: ;   {other}
  0x00000210ee1a160c: 0f1f 8400 | fc26 0022 | 4c8b 6c24 | 2048 896c | 2420 4c8b | 7424 3044 | 8b44 2438 | e9e7 ecff 
  0x00000210ee1a162c: ff4c 894c | 2478 4889 | 7424 7044 | 8b4c 2440 | 4489 4c24 | 5448 895c | 2468 c5fb | 1144 2460 
  0x00000210ee1a164c: 4c89 4424 | 5844 896c | 2450 4c8b | 5424 484c | 8954 2440 | 4c89 7424 | 2048 8b6c 

  0x00000210ee1a1668: ;   {metadata({type array byte})}
  0x00000210ee1a1668: 2428 48ba | c80a 0400 | 0100 0000 | 458b c390 

  0x00000210ee1a1678: ;   {runtime_call _new_array_nozero_Java}
  0x00000210ee1a1678: c5f8 77e8 

  0x00000210ee1a167c: ; ImmutableOopMap {rbp=Oop [32]=Oop [48]=Oop [64]=Oop [80]=NarrowOop [84]=NarrowOop [88]=Oop [96]=Derived_oop_[88] [104]=Oop [112]=Oop }
                      ;*invokevirtual clone {reexecute=1 rethrow=0 return_oop=1}
                      ; - (reexecute) java.util.Arrays::copyOfRange@18
                      ; - java.lang.StringLatin1::newString@16
                      ; - java.lang.String::substring@41
                      ; - java.lang.ClassLoader::checkCerts@21
                      ; - java.lang.ClassLoader::preDefineClass@113
                      ; - java.lang.ClassLoader::defineClass@4
                      ; - java.security.SecureClassLoader::defineClass@12
  0x00000210ee1a167c: 809d 6fff 

  0x00000210ee1a1680: ;   {other}
  0x00000210ee1a1680: 0f1f 8400 | 7027 0023 | 4889 6c24 | 284c 8b74 | 2420 4c8b | 5c24 404c | 895c 2448 | c5fb 1044 
  0x00000210ee1a16a0: 2460 488b | 5c24 6844 | 8b5c 2454 | 4489 5c24 | 4048 8b74 | 2470 4c8b | 4c24 7848 | 8bf8 6690 
  0x00000210ee1a16c0: e90b e1ff | ffba e4ff | ffff 488b | 6c24 204c | 8b5c 2440 | 4c89 5c24 | 304c 894c | 2448 4489 
  0x00000210ee1a16e0: 4424 5844 | 8954 245c 

  0x00000210ee1a16e8: ;   {runtime_call UncommonTrapBlob}
  0x00000210ee1a16e8: c5f8 77e8 

  0x00000210ee1a16ec: ; ImmutableOopMap {rbp=Oop [40]=Oop [48]=Oop [72]=Oop [88]=NarrowOop }
                      ;*baload {reexecute=0 rethrow=0 return_oop=0}
                      ; - java.lang.StringLatin1::lastIndexOf@24
                      ; - java.lang.String::lastIndexOf@13
                      ; - java.lang.String::lastIndexOf@8
                      ; - java.lang.Class::getPackageName@47
                      ; - java.lang.ClassLoader::postDefineClass@2
                      ; - java.lang.ClassLoader::defineClass@37
                      ; - java.security.SecureClassLoader::defineClass@12
  0x00000210ee1a16ec: 102c 6dff 

  0x00000210ee1a16f0: ;   {other}
  0x00000210ee1a16f0: 0f1f 8400 | e027 0024 | 4889 7424 | 504c 895c | 2448 4889 | 5c24 3844 | 8944 2430 | 488b 6c24 
  0x00000210ee1a1710: ;   {metadata({type array byte})}
  0x00000210ee1a1710: 2048 bac8 | 0a04 0001 | 0000 0044 | 8bc1 6690 

  0x00000210ee1a1720: ;   {runtime_call _new_array_nozero_Java}
  0x00000210ee1a1720: c5f8 77e8 

  0x00000210ee1a1724: ; ImmutableOopMap {rbp=Oop [40]=Oop [48]=NarrowOop [56]=Oop [64]=Oop [136]=Oop [72]=Derived_oop_[136] }
                      ;*invokevirtual clone {reexecute=1 rethrow=0 return_oop=1}
                      ; - (reexecute) java.util.Arrays::copyOfRange@18
                      ; - java.lang.StringLatin1::newString@16
                      ; - java.lang.String::substring@41
                      ; - java.lang.Class::getPackageName@62
                      ; - java.lang.ClassLoader::postDefineClass@2
                      ; - java.lang.ClassLoader::defineClass@37
                      ; - java.security.SecureClassLoader::defineClass@12
  0x00000210ee1a1724: d89c 6fff 

  0x00000210ee1a1728: ;   {other}
  0x00000210ee1a1728: 0f1f 8400 | 1828 0025 | 4889 6c24 | 2048 8b5c | 2438 4c8b | 5c24 4848 | 8b74 2450 | 488b f8e9 
  0x00000210ee1a1748: c6e4 ffff | baf6 ffff | ff48 8bef | 4c89 5424 | 2066 6690 

  0x00000210ee1a175c: ;   {runtime_call UncommonTrapBlob}
  0x00000210ee1a175c: c5f8 77e8 

  0x00000210ee1a1760: ; ImmutableOopMap {rbp=Oop [32]=Oop }
                      ;*invokevirtual putIfAbsent {reexecute=0 rethrow=0 return_oop=0}
                      ; - java.lang.ClassLoader::checkCerts@62
                      ; - java.lang.ClassLoader::preDefineClass@113
                      ; - java.lang.ClassLoader::defineClass@4
                      ; - java.security.SecureClassLoader::defineClass@12
  0x00000210ee1a1760: 9c2b 6dff 

  0x00000210ee1a1764: ;   {other}
  0x00000210ee1a1764: 0f1f 8400 | 5428 0026 | bade ffff | ff4c 8944 | 2440 4c89 | 4c24 4890 

  0x00000210ee1a177c: ;   {runtime_call UncommonTrapBlob}
  0x00000210ee1a177c: c5f8 77e8 

  0x00000210ee1a1780: ; ImmutableOopMap {rbp=NarrowOop [32]=Oop [40]=Oop [48]=Oop [64]=Oop [72]=Oop }
                      ;*invokeinterface computeIfAbsent {reexecute=0 rethrow=0 return_oop=0}
                      ; - java.security.SecureClassLoader::getProtectionDomain@28
                      ; - java.security.SecureClassLoader::defineClass@9
  0x00000210ee1a1780: 7c2b 6dff 

  0x00000210ee1a1784: ;   {other}
  0x00000210ee1a1784: 0f1f 8400 | 7428 0027 | ba45 ffff | ff48 8b6c | 2428 6690 

  0x00000210ee1a1798: ;   {runtime_call UncommonTrapBlob}
  0x00000210ee1a1798: c5f8 77e8 

  0x00000210ee1a179c: ; ImmutableOopMap {rbp=Oop [32]=Oop [48]=Oop [72]=Oop }
                      ;*ifeq {reexecute=1 rethrow=0 return_oop=0}
                      ; - (reexecute) java.lang.ClassLoader::checkName@8
                      ; - java.lang.ClassLoader::preDefineClass@1
                      ; - java.lang.ClassLoader::defineClass@4
                      ; - java.security.SecureClassLoader::defineClass@12
  0x00000210ee1a179c: 602b 6dff 

  0x00000210ee1a17a0: ;   {other}
  0x00000210ee1a17a0: 0f1f 8400 | 9028 0028 | bace ffff | ff48 8b6c | 2428 4489 | 6c24 5889 | 5c24 5c90 

  0x00000210ee1a17bc: ;   {runtime_call UncommonTrapBlob}
  0x00000210ee1a17bc: c5f8 77e8 

  0x00000210ee1a17c0: ; ImmutableOopMap {rbp=Oop [32]=Oop [48]=Oop [72]=Oop [88]=NarrowOop }
                      ;*invokestatic indexOfChar {reexecute=0 rethrow=0 return_oop=0}
                      ; - java.lang.StringLatin1::indexOf@33
                      ; - java.lang.String::indexOf@17
                      ; - java.lang.String::indexOf@3
                      ; - java.lang.ClassLoader::checkName@16
                      ; - java.lang.ClassLoader::preDefineClass@1
                      ; - java.lang.ClassLoader::defineClass@4
                      ; - java.security.SecureClassLoader::defineClass@12
  0x00000210ee1a17c0: 3c2b 6dff 

  0x00000210ee1a17c4: ;   {other}
  0x00000210ee1a17c4: 0f1f 8400 | b428 0029 | 4d63 cae9 | 43e0 ffff | 4983 c1fe | 498b c949 | 8bfb 4833 | c048 83f9 
  0x00000210ee1a17e4: 087f 1048 | ffc9 784f | 4889 04cf | 48ff c97d | f7eb 44c5 | fdef c0e9 | 0d00 0000 | c5fe 7f07 
  0x00000210ee1a1804: c5fe 7f47 | 2048 83c7 | 4048 83e9 | 087d ed48 | 83c1 047c | 0cc5 fe7f | 0748 83c7 | 2048 83e9 
  0x00000210ee1a1824: 0448 83c1 | 047e 1048 | ffc9 c5f9 | d607 4883 | c708 48ff | c97d f30f | 1f44 0000 | e9af e0ff 
  0x00000210ee1a1844: ffba ccff | ffff 4489 | 5424 2044 | 8b5c 2438 | 4489 5c24 | 2444 8b54 | 243c 4489 | 5424 3848 
  0x00000210ee1a1864: 895c 2458 | 4c89 7424 | 6044 8b5c | 2440 4489 | 5c24 3c48 | 8974 2468 | 4489 6c24 | 7066 6690 
  0x00000210ee1a1884: ;   {runtime_call UncommonTrapBlob}
  0x00000210ee1a1884: c5f8 77e8 

  0x00000210ee1a1888: ; ImmutableOopMap {[40]=Oop [48]=Oop [60]=NarrowOop [72]=Oop [88]=Oop [96]=Oop [104]=Oop [112]=NarrowOop }
                      ;*newarray {reexecute=1 rethrow=0 return_oop=0}
                      ; - (reexecute) java.util.Arrays::copyOfRangeByte@10
                      ; - java.util.Arrays::copyOfRange@13
                      ; - java.lang.StringLatin1::newString@16
                      ; - java.lang.String::substring@41
                      ; - java.lang.ClassLoader::checkCerts@21
                      ; - java.lang.ClassLoader::preDefineClass@113
                      ; - java.lang.ClassLoader::defineClass@4
                      ; - java.security.SecureClassLoader::defineClass@12
  0x00000210ee1a1888: 742a 6dff 

  0x00000210ee1a188c: ;   {other}
  0x00000210ee1a188c: 0f1f 8400 | 7c29 002a | bade ffff | ff66 6690 

  0x00000210ee1a189c: ;   {runtime_call UncommonTrapBlob}
  0x00000210ee1a189c: c5f8 77e8 

  0x00000210ee1a18a0: ; ImmutableOopMap {rbp=NarrowOop }
                      ;*checkcast {reexecute=0 rethrow=0 return_oop=0}
                      ; - java.lang.ClassLoader::getNamedPackage@8
                      ; - java.lang.ClassLoader::postDefineClass@9
                      ; - java.lang.ClassLoader::defineClass@37
                      ; - java.security.SecureClassLoader::defineClass@12
  0x00000210ee1a18a0: 5c2a 6dff 

  0x00000210ee1a18a4: ;   {other}
  0x00000210ee1a18a4: 0f1f 8400 | 9429 002b | 33ed 4585 | c040 0f94 | c5ba 45ff | ffff 4c89 | 7424 504c | 8974 2458 
  0x00000210ee1a18c4: ;   {runtime_call UncommonTrapBlob}
  0x00000210ee1a18c4: c5f8 77e8 

  0x00000210ee1a18c8: ; ImmutableOopMap {[40]=Oop [48]=Oop [72]=Oop [80]=Oop [88]=Oop }
                      ;*ifeq {reexecute=1 rethrow=0 return_oop=0}
                      ; - (reexecute) java.lang.String::indexOf@4
                      ; - java.lang.String::indexOf@3
                      ; - java.lang.ClassLoader::checkName@16
                      ; - java.lang.ClassLoader::preDefineClass@1
                      ; - java.lang.ClassLoader::defineClass@4
                      ; - java.security.SecureClassLoader::defineClass@12
  0x00000210ee1a18c8: 342a 6dff 

  0x00000210ee1a18cc: ;   {other}
  0x00000210ee1a18cc: 0f1f 8400 | bc29 002c | ba45 ffff | ff44 8954 | 2420 4489 | 5424 2448 | 895c 2458 | 4c89 7424 
  0x00000210ee1a18ec: 604c 8974 | 2468 4489 | 4c24 7090 

  0x00000210ee1a18f8: ;   {runtime_call UncommonTrapBlob}
  0x00000210ee1a18f8: c5f8 77e8 

  0x00000210ee1a18fc: ; ImmutableOopMap {[40]=Oop [48]=Oop [64]=NarrowOop [72]=Oop [88]=Oop [96]=Oop [104]=Oop }
                      ;*if_icmpgt {reexecute=1 rethrow=0 return_oop=0}
                      ; - (reexecute) jdk.internal.util.Preconditions::checkFromToIndex@6
                      ; - java.lang.String::checkBoundsBeginEnd@6
                      ; - java.lang.String::substring@8
                      ; - java.lang.ClassLoader::checkCerts@21
                      ; - java.lang.ClassLoader::preDefineClass@113
                      ; - java.lang.ClassLoader::defineClass@4
                      ; - java.security.SecureClassLoader::defineClass@12
  0x00000210ee1a18fc: 002a 6dff 

  0x00000210ee1a1900: ;   {other}
  0x00000210ee1a1900: 0f1f 8400 | f029 002d | ba45 ffff | ff48 8b6c | 2428 895c | 2450 6690 

  0x00000210ee1a1918: ;   {runtime_call UncommonTrapBlob}
  0x00000210ee1a1918: c5f8 77e8 

  0x00000210ee1a191c: ; ImmutableOopMap {rbp=Oop [32]=Oop [48]=Oop [72]=Oop }
                      ;*if_icmpne {reexecute=1 rethrow=0 return_oop=0}
                      ; - (reexecute) java.lang.ClassLoader::checkName@20
                      ; - java.lang.ClassLoader::preDefineClass@1
                      ; - java.lang.ClassLoader::defineClass@4
                      ; - java.security.SecureClassLoader::defineClass@12
  0x00000210ee1a191c: e029 6dff 

  0x00000210ee1a1920: ;   {other}
  0x00000210ee1a1920: 0f1f 8400 | 102a 002e | baf6 ffff | ff48 8974 | 2420 6690 

  0x00000210ee1a1934: ;   {runtime_call UncommonTrapBlob}
  0x00000210ee1a1934: c5f8 77e8 

  0x00000210ee1a1938: ; ImmutableOopMap {[32]=Oop [48]=Oop }
                      ;*invokevirtual putIfAbsent {reexecute=0 rethrow=0 return_oop=0}
                      ; - java.lang.ClassLoader::getNamedPackage@32
                      ; - java.lang.ClassLoader::postDefineClass@9
                      ; - java.lang.ClassLoader::defineClass@37
                      ; - java.security.SecureClassLoader::defineClass@12
  0x00000210ee1a1938: c429 6dff 

  0x00000210ee1a193c: ;   {other}
  0x00000210ee1a193c: 0f1f 8400 | 2c2a 002f | 488b e8ba | 54ff ffff 

  0x00000210ee1a194c: ;   {runtime_call UncommonTrapBlob}
  0x00000210ee1a194c: c5f8 77e8 

  0x00000210ee1a1950: ; ImmutableOopMap {rbp=Oop [32]=Oop [40]=Oop [56]=NarrowOop [64]=Oop [72]=Oop }
                      ;*ifnull {reexecute=1 rethrow=0 return_oop=0}
                      ; - (reexecute) java.lang.ClassLoader::getNamedPackage@42
                      ; - java.lang.ClassLoader::postDefineClass@9
                      ; - java.lang.ClassLoader::defineClass@37
                      ; - java.security.SecureClassLoader::defineClass@12
  0x00000210ee1a1950: ac29 6dff 

  0x00000210ee1a1954: ;   {other}
  0x00000210ee1a1954: 0f1f 8400 | 442a 0030 | ba45 ffff | ff48 8944 | 2440 6690 

  0x00000210ee1a1968: ;   {runtime_call UncommonTrapBlob}
  0x00000210ee1a1968: c5f8 77e8 

  0x00000210ee1a196c: ; ImmutableOopMap {[32]=Oop [40]=Oop [64]=Oop [72]=Oop }
                      ;*ifeq {reexecute=1 rethrow=0 return_oop=0}
                      ; - (reexecute) java.lang.Class::getPackageName@13
                      ; - java.lang.ClassLoader::postDefineClass@2
                      ; - java.lang.ClassLoader::defineClass@37
                      ; - java.security.SecureClassLoader::defineClass@12
  0x00000210ee1a196c: 9029 6dff 

  0x00000210ee1a1970: ;   {other}
  0x00000210ee1a1970: 0f1f 8400 | 602a 0031 | ba45 ffff | ff4c 8b54 | 2440 4c89 | 5424 384c | 8974 2448 | 4489 4424 
  0x00000210ee1a1990: 5066 6690 

  0x00000210ee1a1994: ;   {runtime_call UncommonTrapBlob}
  0x00000210ee1a1994: c5f8 77e8 

  0x00000210ee1a1998: ; ImmutableOopMap {[32]=Oop [40]=Oop [56]=Oop [72]=Oop [80]=NarrowOop }
                      ;*ifle {reexecute=1 rethrow=0 return_oop=0}
                      ; - (reexecute) java.util.concurrent.ConcurrentHashMap::get@23
                      ; - java.lang.ClassLoader::getNamedPackage@5
                      ; - java.lang.ClassLoader::postDefineClass@9
                      ; - java.lang.ClassLoader::defineClass@37
                      ; - java.security.SecureClassLoader::defineClass@12
  0x00000210ee1a1998: 6429 6dff 

  0x00000210ee1a199c: ;   {other}
  0x00000210ee1a199c: 0f1f 8400 | 8c2a 0032 | ba45 ffff | ff66 6690 

  0x00000210ee1a19ac: ;   {runtime_call UncommonTrapBlob}
  0x00000210ee1a19ac: c5f8 77e8 

  0x00000210ee1a19b0: ; ImmutableOopMap {rbp=Oop [32]=Oop [40]=Oop [48]=Oop }
                      ;*ifnonnull {reexecute=1 rethrow=0 return_oop=0}
                      ; - (reexecute) java.security.SecureClassLoader::getProtectionDomain@1
                      ; - java.security.SecureClassLoader::defineClass@9
  0x00000210ee1a19b0: 4c29 6dff 

  0x00000210ee1a19b4: ;   {other}
  0x00000210ee1a19b4: 0f1f 8400 | a42a 0033 | ba45 ffff | ff4c 8974 | 2450 6690 

  0x00000210ee1a19c8: ;   {runtime_call UncommonTrapBlob}
  0x00000210ee1a19c8: c5f8 77e8 

  0x00000210ee1a19cc: ; ImmutableOopMap {[40]=Oop [48]=Oop [72]=Oop [80]=Oop }
                      ;*if_icmpne {reexecute=1 rethrow=0 return_oop=0}
                      ; - (reexecute) java.lang.ClassLoader::checkName@30
                      ; - java.lang.ClassLoader::preDefineClass@1
                      ; - java.lang.ClassLoader::defineClass@4
                      ; - java.security.SecureClassLoader::defineClass@12
  0x00000210ee1a19cc: 3029 6dff 

  0x00000210ee1a19d0: ;   {other}
  0x00000210ee1a19d0: 0f1f 8400 | c02a 0034 | ba45 ffff | ff66 6690 

  0x00000210ee1a19e0: ;   {runtime_call UncommonTrapBlob}
  0x00000210ee1a19e0: c5f8 77e8 

  0x00000210ee1a19e4: ; ImmutableOopMap {rbp=NarrowOop [32]=Oop [40]=Oop [48]=Oop [72]=Oop }
                      ;*ifnull {reexecute=1 rethrow=0 return_oop=0}
                      ; - (reexecute) java.lang.ClassLoader::defineClassSourceLocation@15
                      ; - java.lang.ClassLoader::defineClass@12
                      ; - java.security.SecureClassLoader::defineClass@12
  0x00000210ee1a19e4: 1829 6dff 

  0x00000210ee1a19e8: ;   {other}
  0x00000210ee1a19e8: 0f1f 8400 | d82a 0035 | ba45 ffff | ff44 8954 | 2420 4489 | 5424 2448 | 895c 2458 | 4c89 7424 
  0x00000210ee1a1a08: 604c 8974 | 2468 4489 | 4c24 7044 | 894c 2474 

  0x00000210ee1a1a18: ;   {runtime_call UncommonTrapBlob}
  0x00000210ee1a1a18: c5f8 77e8 

  0x00000210ee1a1a1c: ; ImmutableOopMap {[40]=Oop [48]=Oop [64]=NarrowOop [72]=Oop [88]=Oop [96]=Oop [104]=Oop }
                      ;*if_icmple {reexecute=1 rethrow=0 return_oop=0}
                      ; - (reexecute) jdk.internal.util.Preconditions::checkFromToIndex@11
                      ; - java.lang.String::checkBoundsBeginEnd@6
                      ; - java.lang.String::substring@8
                      ; - java.lang.ClassLoader::checkCerts@21
                      ; - java.lang.ClassLoader::preDefineClass@113
                      ; - java.lang.ClassLoader::defineClass@4
                      ; - java.security.SecureClassLoader::defineClass@12
  0x00000210ee1a1a1c: e028 6dff 

  0x00000210ee1a1a20: ;   {other}
  0x00000210ee1a1a20: 0f1f 8400 | 102b 0036 | ba45 ffff | ff48 8b6c | 2428 4c8b | 5c24 484c | 895c 2440 | 4489 5424 
  0x00000210ee1a1a40: 4866 6690 

  0x00000210ee1a1a44: ;   {runtime_call UncommonTrapBlob}
  0x00000210ee1a1a44: c5f8 77e8 

  0x00000210ee1a1a48: ; ImmutableOopMap {rbp=Oop [32]=Oop [48]=Oop [64]=Oop }
                      ;*ifne {reexecute=1 rethrow=0 return_oop=0}
                      ; - (reexecute) java.lang.ClassLoader::compareCerts@7
                      ; - java.lang.ClassLoader::checkCerts@80
                      ; - java.lang.ClassLoader::preDefineClass@113
                      ; - java.lang.ClassLoader::defineClass@4
                      ; - java.security.SecureClassLoader::defineClass@12
  0x00000210ee1a1a48: b428 6dff 

  0x00000210ee1a1a4c: ;   {other}
  0x00000210ee1a1a4c: 0f1f 8400 | 3c2b 0037 | 498b d7c5 | f877 49ba | 002a 2c7d | ff7f 0000 

  0x00000210ee1a1a64: ;   {other}
  0x00000210ee1a1a64: 41ff d20f | 1f84 0000 | 0000 00e9 | 8bde ffff | 4d63 cae9 | dbe1 ffff | 4983 c1fe | 498b c948 
  0x00000210ee1a1a84: 8bfa 4833 | c048 83f9 | 087f 1048 | ffc9 784f | 4889 04cf | 48ff c97d | f7eb 44c5 | fdef c0e9 
  0x00000210ee1a1aa4: 0d00 0000 | c5fe 7f07 | c5fe 7f47 | 2048 83c7 | 4048 83e9 | 087d ed48 | 83c1 047c | 0cc5 fe7f 
  0x00000210ee1a1ac4: 0748 83c7 | 2048 83e9 | 0448 83c1 | 047e 1048 | ffc9 c5f9 | d607 4883 | c708 48ff | c97d f3e9 
  0x00000210ee1a1ae4: 47e2 ffff | bacc ffff | ff4c 8b5c | 2440 4c89 | 5c24 3048 | 895c 2450 | 4489 4424 | 5844 8954 
  0x00000210ee1a1b04: 2460 6690 

  0x00000210ee1a1b08: ;   {runtime_call UncommonTrapBlob}
  0x00000210ee1a1b08: c5f8 77e8 

  0x00000210ee1a1b0c: ; ImmutableOopMap {[32]=Oop [40]=Oop [48]=Oop [80]=Oop [88]=NarrowOop }
                      ;*newarray {reexecute=1 rethrow=0 return_oop=0}
                      ; - (reexecute) java.util.Arrays::copyOfRangeByte@10
                      ; - java.util.Arrays::copyOfRange@13
                      ; - java.lang.StringLatin1::newString@16
                      ; - java.lang.String::substring@41
                      ; - java.lang.Class::getPackageName@62
                      ; - java.lang.ClassLoader::postDefineClass@2
                      ; - java.lang.ClassLoader::defineClass@37
                      ; - java.security.SecureClassLoader::defineClass@12
  0x00000210ee1a1b0c: f027 6dff 

  0x00000210ee1a1b10: ;   {other}
  0x00000210ee1a1b10: 0f1f 8400 | 002c 0038 | 8b5c 2440 | 448b 5314 | 4585 d20f | 84d3 edff | ff4d 8b5f | 2849 8bca 
  0x00000210ee1a1b30: 4d85 db0f | 8443 0700 | 004d 8b57 | 384b 894c | 1af8 4983 | c3f8 4d89 | 5f28 e9ad | edff ff4d 
  0x00000210ee1a1b50: 8b57 484d | 8b5f 58f0 | 8344 24c0 | 0066 6690 | 8039 0074 | 3244 8821 | 4d85 d274 | 0f4b 894c 
  0x00000210ee1a1b70: 13f8 4983 | c2f8 4d89 | 5748 eb1b | 498b d7c5 | f877 49ba | e029 2c7d | ff7f 0000 

  0x00000210ee1a1b8c: ;   {other}
  0x00000210ee1a1b8c: 41ff d20f | 1f84 0000 | 0000 0044 | 8b5b 140f | 1f44 0000 | 4585 db0f | 844b 0700 | 0049 8bfb 
  0x00000210ee1a1bac: e983 edff | ff4c 8b6c | 2420 4c8b | 5424 284c | 8954 2420 | 4c8b 7424 | 3044 8b44 | 2438 e945 
  0x00000210ee1a1bcc: e7ff ff33 | ed85 d240 | 0f94 c5ba | 45ff ffff | 4c8b 5424 | 484c 8954 | 2438 4c89 | 4c24 5889 
  0x00000210ee1a1bec: 7c24 6090 

  0x00000210ee1a1bf0: ;   {runtime_call UncommonTrapBlob}
  0x00000210ee1a1bf0: c5f8 77e8 

  0x00000210ee1a1bf4: ; ImmutableOopMap {[32]=Oop [40]=Oop [56]=Oop [88]=Oop }
                      ;*ifeq {reexecute=1 rethrow=0 return_oop=0}
                      ; - (reexecute) java.lang.String::lastIndexOf@4
                      ; - java.lang.String::lastIndexOf@8
                      ; - java.lang.Class::getPackageName@47
                      ; - java.lang.ClassLoader::postDefineClass@2
                      ; - java.lang.ClassLoader::defineClass@37
                      ; - java.security.SecureClassLoader::defineClass@12
  0x00000210ee1a1bf4: 0827 6dff 

  0x00000210ee1a1bf8: ;   {other}
  0x00000210ee1a1bf8: 0f1f 8400 | e82c 0039 | 498b d7c5 | f877 49ba | 002a 2c7d | ff7f 0000 

  0x00000210ee1a1c10: ;   {other}
  0x00000210ee1a1c10: 41ff d20f | 1f84 0000 | 0000 000f | 1f44 0000 | e96f e1ff | ffba 45ff | ffff 488b | 6c24 204c 
  0x00000210ee1a1c30: 8b5c 2440 | 4c89 5c24 | 304c 894c | 2448 4489 | 5424 5889 | 5c24 5c44 | 8954 2460 

  0x00000210ee1a1c4c: ;   {runtime_call UncommonTrapBlob}
  0x00000210ee1a1c4c: c5f8 77e8 

  0x00000210ee1a1c50: ; ImmutableOopMap {rbp=Oop [40]=Oop [48]=Oop [72]=Oop }
                      ;*if_icmpgt {reexecute=1 rethrow=0 return_oop=0}
                      ; - (reexecute) jdk.internal.util.Preconditions::checkFromToIndex@6
                      ; - java.lang.String::checkBoundsBeginEnd@6
                      ; - java.lang.String::substring@8
                      ; - java.lang.Class::getPackageName@62
                      ; - java.lang.ClassLoader::postDefineClass@2
                      ; - java.lang.ClassLoader::defineClass@37
                      ; - java.security.SecureClassLoader::defineClass@12
  0x00000210ee1a1c50: ac26 6dff 

  0x00000210ee1a1c54: ;   {other}
  0x00000210ee1a1c54: 0f1f 8400 | 442d 003a | 498b d7c5 | f877 49ba | 002a 2c7d | ff7f 0000 

  0x00000210ee1a1c6c: ;   {other}
  0x00000210ee1a1c6c: 41ff d20f | 1f84 0000 | 0000 00e9 | 78e7 ffff | 498b d7c5 | f877 49ba | 002a 2c7d | ff7f 0000 
  0x00000210ee1a1c8c: ;   {other}
  0x00000210ee1a1c8c: 41ff d20f | 1f84 0000 | 0000 00e9 | 14e7 ffff | ba45 ffff | ff48 8b6c | 2420 4c8b | 5c24 404c 
  0x00000210ee1a1cac: 895c 2430 | 4c89 4c24 | 4844 8954 | 2458 895c | 245c 4489 | 5424 6089 | 5c24 6490 

  0x00000210ee1a1cc8: ;   {runtime_call UncommonTrapBlob}
  0x00000210ee1a1cc8: c5f8 77e8 

  0x00000210ee1a1ccc: ; ImmutableOopMap {rbp=Oop [40]=Oop [48]=Oop [72]=Oop }
                      ;*if_icmple {reexecute=1 rethrow=0 return_oop=0}
                      ; - (reexecute) jdk.internal.util.Preconditions::checkFromToIndex@11
                      ; - java.lang.String::checkBoundsBeginEnd@6
                      ; - java.lang.String::substring@8
                      ; - java.lang.Class::getPackageName@62
                      ; - java.lang.ClassLoader::postDefineClass@2
                      ; - java.lang.ClassLoader::defineClass@37
                      ; - java.security.SecureClassLoader::defineClass@12
  0x00000210ee1a1ccc: 3026 6dff 

  0x00000210ee1a1cd0: ;   {other}
  0x00000210ee1a1cd0: 0f1f 8400 | c02d 003b | 498b d7c5 | f877 49ba | 002a 2c7d | ff7f 0000 

  0x00000210ee1a1ce8: ;   {other}
  0x00000210ee1a1ce8: 41ff d20f | 1f84 0000 | 0000 00e9 | 42e0 ffff | 33ed 85c9 | 400f 94c5 | ba45 ffff | ff4c 8b54 
  0x00000210ee1a1d08: 2440 4c89 | 5424 3844 | 8944 2450 | 4489 5c24 | 544c 8974 | 2458 4c89 | 7424 6090 

  0x00000210ee1a1d24: ;   {runtime_call UncommonTrapBlob}
  0x00000210ee1a1d24: c5f8 77e8 

  0x00000210ee1a1d28: ; ImmutableOopMap {[32]=Oop [40]=Oop [56]=Oop [80]=NarrowOop [84]=NarrowOop [88]=Oop [96]=Oop }
                      ;*ifeq {reexecute=1 rethrow=0 return_oop=0}
                      ; - (reexecute) java.lang.String::hashCode@20
                      ; - java.util.concurrent.ConcurrentHashMap::get@1
                      ; - java.lang.ClassLoader::getNamedPackage@5
                      ; - java.lang.ClassLoader::postDefineClass@9
                      ; - java.lang.ClassLoader::defineClass@37
                      ; - java.security.SecureClassLoader::defineClass@12
  0x00000210ee1a1d28: d425 6dff 

  0x00000210ee1a1d2c: ;   {other}
  0x00000210ee1a1d2c: 0f1f 8400 | 1c2e 003c | 8bdd 448b | 5514 660f | 1f44 0000 | 4585 d20f | 8471 f1ff | ff4d 8b5f 
  0x00000210ee1a1d4c: 2849 8bca | 4d85 db0f | 8443 0500 | 004d 8b57 | 384b 894c | 1af8 4983 | c3f8 4d89 | 5f28 e94b 
  0x00000210ee1a1d6c: f1ff ff4d | 8b57 484d | 8b5f 58f0 | 8344 24c0 | 0066 6690 | 4180 3800 | 7435 4588 | 204d 85d2 
  0x00000210ee1a1d8c: 740f 4f89 | 4413 f849 | 83c2 f84d | 8957 48eb | 1e49 8bc8 | 498b d7c5 | f877 49ba | e029 2c7d 
  0x00000210ee1a1dac: ff7f 0000 

  0x00000210ee1a1db0: ;   {other}
  0x00000210ee1a1db0: 41ff d20f | 1f84 0000 | 0000 0044 | 8b5b 1490 | 4585 db0f | 8443 0500 | 004d 8bd3 | 4c89 5424 
  0x00000210ee1a1dd0: 38e9 1ff1 | ffff ba45 | ffff ff48 | 8b4c 2440 | 4889 4c24 | 3844 8944 | 2450 4c89 | 7424 5844 
  0x00000210ee1a1df0: 894c 2454 | 4489 5c24 | 6044 8954 | 2464 6690 

  0x00000210ee1a1e00: ;   {runtime_call UncommonTrapBlob}
  0x00000210ee1a1e00: c5f8 77e8 

  0x00000210ee1a1e04: ; ImmutableOopMap {[32]=Oop [40]=Oop [56]=Oop [80]=NarrowOop [84]=NarrowOop [88]=Oop }
                      ;*if_icmpne {reexecute=1 rethrow=0 return_oop=0}
                      ; - (reexecute) java.lang.String::equals@33
                      ; - java.util.concurrent.ConcurrentHashMap::get@73
                      ; - java.lang.ClassLoader::getNamedPackage@5
                      ; - java.lang.ClassLoader::postDefineClass@9
                      ; - java.lang.ClassLoader::defineClass@37
                      ; - java.security.SecureClassLoader::defineClass@12
  0x00000210ee1a1e04: f824 6dff 

  0x00000210ee1a1e08: ;   {other}
  0x00000210ee1a1e08: 0f1f 8400 | f82e 003d | bae4 ffff | ff48 8b6c | 2428 4489 | 6c24 5490 

  0x00000210ee1a1e20: ;   {runtime_call UncommonTrapBlob}
  0x00000210ee1a1e20: c5f8 77e8 

  0x00000210ee1a1e24: ; ImmutableOopMap {rbp=Oop [32]=Oop [48]=Oop [72]=Oop [84]=NarrowOop }
                      ;*baload {reexecute=0 rethrow=0 return_oop=0}
                      ; - jdk.internal.util.ArraysSupport::mismatch@82
                      ; - java.lang.String::startsWith@70
                      ; - java.lang.String::startsWith@3
                      ; - java.lang.ClassLoader::preDefineClass@43
                      ; - java.lang.ClassLoader::defineClass@4
                      ; - java.security.SecureClassLoader::defineClass@12
  0x00000210ee1a1e24: d824 6dff 

  0x00000210ee1a1e28: ;   {other}
  0x00000210ee1a1e28: 0f1f 8400 | 182f 003e | 4c89 6c24 | 6844 895c | 2460 4889 | 7c24 5848 | 895c 2450 | 4c89 7424 
  0x00000210ee1a1e48: 404c 8b5c | 2428 4c89 | 5c24 2048 | 33d2 4a8d | 14d2 6690 

  0x00000210ee1a1e5c: ;   {runtime_call _new_array_Java}
  0x00000210ee1a1e5c: c5f8 77e8 

  0x00000210ee1a1e60: ; ImmutableOopMap {rbp=Oop [32]=Oop [48]=Oop [64]=Oop [72]=Oop [80]=Oop [88]=Oop [96]=NarrowOop }
                      ;*invokevirtual clone {reexecute=1 rethrow=0 return_oop=1}
                      ; - (reexecute) java.security.CodeSource::getCertificates@11
                      ; - java.lang.ClassLoader::checkCerts@34
                      ; - java.lang.ClassLoader::preDefineClass@113
                      ; - java.lang.ClassLoader::defineClass@4
                      ; - java.security.SecureClassLoader::defineClass@12
  0x00000210ee1a1e60: 9c92 6fff 

  0x00000210ee1a1e64: ;   {other}
  0x00000210ee1a1e64: 0f1f 8400 | 542f 003f | 4c8b 5c24 | 204c 895c | 2428 4c8b | 7424 4048 | 8b5c 2450 | 488b 7c24 
  0x00000210ee1a1e84: 5844 8b5c | 2460 4c8b | 6c24 6848 | 8bf0 e9ea | e7ff ffba | 45ff ffff | 4c89 6c24 | 284c 8b54 
  0x00000210ee1a1ea4: 2440 4c89 | 5424 3844 | 8944 2450 | 4889 4c24 | 5848 895c | 2460 4489 | 5c24 5490 

  0x00000210ee1a1ec0: ;   {runtime_call UncommonTrapBlob}
  0x00000210ee1a1ec0: c5f8 77e8 

  0x00000210ee1a1ec4: ; ImmutableOopMap {rbp=NarrowOop [32]=Oop [40]=Oop [56]=Oop [80]=NarrowOop [88]=Oop [96]=Oop }
                      ;*ifnull {reexecute=1 rethrow=0 return_oop=0}
                      ; - (reexecute) java.util.concurrent.ConcurrentHashMap::get@143
                      ; - java.lang.ClassLoader::getNamedPackage@5
                      ; - java.lang.ClassLoader::postDefineClass@9
                      ; - java.lang.ClassLoader::defineClass@37
                      ; - java.security.SecureClassLoader::defineClass@12
  0x00000210ee1a1ec4: 3824 6dff 

  0x00000210ee1a1ec8: ;   {other}
  0x00000210ee1a1ec8: 0f1f 8400 | b82f 0040 | ba45 ffff | ff89 4424 | 6066 6690 

  0x00000210ee1a1edc: ;   {runtime_call UncommonTrapBlob}
  0x00000210ee1a1edc: c5f8 77e8 

  0x00000210ee1a1ee0: ; ImmutableOopMap {[32]=Oop [40]=Oop [48]=Oop [56]=NarrowOop [64]=Oop [72]=Oop }
                      ;*ifeq {reexecute=1 rethrow=0 return_oop=0}
                      ; - (reexecute) java.util.concurrent.ConcurrentHashMap::get@152
                      ; - java.lang.ClassLoader::getNamedPackage@5
                      ; - java.lang.ClassLoader::postDefineClass@9
                      ; - java.lang.ClassLoader::defineClass@37
                      ; - java.security.SecureClassLoader::defineClass@12
  0x00000210ee1a1ee0: 1c24 6dff 

  0x00000210ee1a1ee4: ;   {other}
  0x00000210ee1a1ee4: 0f1f 8400 | d42f 0041 | 4c89 4424 | 3889 4c24 | 304c 8b54 | 2420 4c89 | 5424 284c | 896c 2420 
  0x00000210ee1a1f04: 4833 d24a | 8d14 da44 | 8bc7 6690 

  0x00000210ee1a1f10: ;   {runtime_call _new_array_Java}
  0x00000210ee1a1f10: c5f8 77e8 

  0x00000210ee1a1f14: ; ImmutableOopMap {rbp=Oop [32]=Oop [40]=Oop [48]=NarrowOop }
                      ;*invokevirtual clone {reexecute=1 rethrow=0 return_oop=1}
                      ; - (reexecute) java.security.CodeSource::getCertificates@11
                      ; - java.lang.ClassLoader::postDefineClass@24
                      ; - java.lang.ClassLoader::defineClass@37
                      ; - java.security.SecureClassLoader::defineClass@12
  0x00000210ee1a1f14: e891 6fff 

  0x00000210ee1a1f18: ;   {other}
  0x00000210ee1a1f18: 0f1f 8400 | 0830 0042 | 4c8b 5424 | 284c 8954 | 2420 8b4c | 2430 4c8b | 4424 38e9 | abed ffff 
  0x00000210ee1a1f38: 4889 5424 | 6844 894c | 245c 4889 | 7c24 6044 | 8944 2458 | 4889 5c24 | 504c 8b54 | 2448 4c89 
  0x00000210ee1a1f58: 5424 404c | 8974 2420 | 488b 6c24 

  0x00000210ee1a1f64: ;   {metadata('java/util/ArrayList')}
  0x00000210ee1a1f64: 2848 ba10 | 7e05 0001 | 0000 0090 

  0x00000210ee1a1f70: ;   {runtime_call _new_instance_Java}
  0x00000210ee1a1f70: c5f8 77e8 

  0x00000210ee1a1f74: ; ImmutableOopMap {rbp=Oop [32]=Oop [48]=Oop [64]=Oop [80]=Oop [88]=NarrowOop [92]=NarrowOop [96]=Oop [104]=Oop }
                      ;*new {reexecute=0 rethrow=0 return_oop=1}
                      ; - java.security.CodeSource::getCertificates@25
                      ; - java.lang.ClassLoader::checkCerts@34
                      ; - java.lang.ClassLoader::preDefineClass@113
                      ; - java.lang.ClassLoader::defineClass@4
                      ; - java.security.SecureClassLoader::defineClass@12
  0x00000210ee1a1f74: 888e 6fff 

  0x00000210ee1a1f78: ;   {other}
  0x00000210ee1a1f78: 0f1f 8400 | 6830 0043 | 4889 6c24 | 284c 8b74 | 2420 4c8b | 5424 404c | 8954 2448 | 488b 5c24 
  0x00000210ee1a1f98: 5044 8b54 | 2458 4489 | 5424 4048 | 8b7c 2460 | 448b 4c24 | 5c48 8b54 | 2468 e95b | e7ff ff48 
  0x00000210ee1a1fb8: 894c 2478 | 4889 5424 | 7048 897c | 2468 4c89 | 5c24 604c | 8954 2458 | 4889 5c24 | 504c 8974 
  0x00000210ee1a1fd8: 2420 488b 

  0x00000210ee1a1fdc: ;   {metadata('java/security/cert/Certificate'[])}
  0x00000210ee1a1fdc: 6c24 2848 | bad8 0803 | 0001 0000 | 0045 33c0 

  0x00000210ee1a1fec: ;   {runtime_call _new_array_Java}
  0x00000210ee1a1fec: c5f8 77e8 

  0x00000210ee1a1ff0: ; ImmutableOopMap {rbp=Oop [32]=Oop [48]=Oop [64]=NarrowOop [72]=Oop [80]=Oop [88]=Oop [104]=Oop [112]=Oop [120]=Oop }
                      ;*anewarray {reexecute=0 rethrow=0 return_oop=1}
                      ; - java.security.CodeSource::getCertificates@70
                      ; - java.lang.ClassLoader::checkCerts@34
                      ; - java.lang.ClassLoader::preDefineClass@113
                      ; - java.lang.ClassLoader::defineClass@4
                      ; - java.security.SecureClassLoader::defineClass@12
  0x00000210ee1a1ff0: 0c91 6fff 

  0x00000210ee1a1ff4: ;   {other}
  0x00000210ee1a1ff4: 0f1f 8400 | e430 0044 | 0f1f 4000 | e9af e8ff | ff4c 8944 | 2440 4889 | 7c24 2848 | 33d2 4a8d 
  0x00000210ee1a2014: 14d2 458b | c366 6690 

  0x00000210ee1a201c: ;   {runtime_call _new_array_Java}
  0x00000210ee1a201c: c5f8 77e8 

  0x00000210ee1a2020: ; ImmutableOopMap {rbp=Oop [32]=Oop [40]=Oop [48]=Oop [72]=Oop [80]=Oop [88]=Oop [104]=Oop }
                      ;*invokevirtual clone {reexecute=1 rethrow=0 return_oop=1}
                      ; - (reexecute) java.security.CodeSource::getCertificates@86
                      ; - java.lang.ClassLoader::checkCerts@34
                      ; - java.lang.ClassLoader::preDefineClass@113
                      ; - java.lang.ClassLoader::defineClass@4
                      ; - java.security.SecureClassLoader::defineClass@12
  0x00000210ee1a2020: dc90 6fff 

  0x00000210ee1a2024: ;   {other}
  0x00000210ee1a2024: 0f1f 8400 | 1431 0045 | 488b 7c24 | 284c 8b44 | 2440 488b | f0e9 66e9 | ffff 4889 | 4c24 3044 
  0x00000210ee1a2044: 8954 242c | 4489 5c24 | 2849 8bed 

  0x00000210ee1a2050: ;   {metadata('java/util/ArrayList')}
  0x00000210ee1a2050: 48ba 107e | 0500 0100 | 0000 6690 

  0x00000210ee1a205c: ;   {runtime_call _new_instance_Java}
  0x00000210ee1a205c: c5f8 77e8 

  0x00000210ee1a2060: ; ImmutableOopMap {rbp=Oop [32]=Oop [40]=NarrowOop [44]=NarrowOop [48]=Oop }
                      ;*new {reexecute=0 rethrow=0 return_oop=1}
                      ; - java.security.CodeSource::getCertificates@25
                      ; - java.lang.ClassLoader::postDefineClass@24
                      ; - java.lang.ClassLoader::defineClass@37
                      ; - java.security.SecureClassLoader::defineClass@12
  0x00000210ee1a2060: 9c8d 6fff 

  0x00000210ee1a2064: ;   {other}
  0x00000210ee1a2064: 0f1f 8400 | 5431 0046 | 4c8b ed44 | 8b5c 2428 | 448b 5424 | 2c48 8b4c | 2430 6690 | e9d4 ecff 
  0x00000210ee1a2084: ff4c 894c | 2438 4889 | 4c24 3041 | 8beb 4c89 

  0x00000210ee1a2094: ;   {metadata('java/security/cert/Certificate'[])}
  0x00000210ee1a2094: 6c24 2848 | bad8 0803 | 0001 0000 | 0045 33c0 

  0x00000210ee1a20a4: ;   {runtime_call _new_array_Java}
  0x00000210ee1a20a4: c5f8 77e8 

  0x00000210ee1a20a8: ; ImmutableOopMap {rbp=NarrowOop [32]=Oop [40]=Oop [48]=Oop [56]=Oop }
                      ;*anewarray {reexecute=0 rethrow=0 return_oop=1}
                      ; - java.security.CodeSource::getCertificates@70
                      ; - java.lang.ClassLoader::postDefineClass@24
                      ; - java.lang.ClassLoader::defineClass@37
                      ; - java.security.SecureClassLoader::defineClass@12
  0x00000210ee1a20a8: 5490 6fff 

  0x00000210ee1a20ac: ;   {other}
  0x00000210ee1a20ac: 0f1f 8400 | 9c31 0047 | e9bf edff | ff48 33d2 | 4a8d 14d2 

  0x00000210ee1a20c0: ;   {runtime_call _new_array_Java}
  0x00000210ee1a20c0: c5f8 77e8 

  0x00000210ee1a20c4: ; ImmutableOopMap {[32]=Oop [40]=Oop [56]=Oop }
                      ;*invokevirtual clone {reexecute=1 rethrow=0 return_oop=1}
                      ; - (reexecute) java.security.CodeSource::getCertificates@86
                      ; - java.lang.ClassLoader::postDefineClass@24
                      ; - java.lang.ClassLoader::defineClass@37
                      ; - java.security.SecureClassLoader::defineClass@12
  0x00000210ee1a20c4: 3890 6fff 

  0x00000210ee1a20c8: ;   {other}
  0x00000210ee1a20c8: 0f1f 8400 | b831 0048 | e999 eeff | ffba 76ff | ffff 488b | 6c24 284c | 8b5c 2448 | 4c89 5c24 
  0x00000210ee1a20e8: 404c 894c | 2458 895c | 2460 894c | 2464 8974 | 2468 4c89 | 4424 7044 | 8954 2478 

  0x00000210ee1a2104: ;   {runtime_call UncommonTrapBlob}
  0x00000210ee1a2104: c5f8 77e8 

  0x00000210ee1a2108: ; ImmutableOopMap {rbp=Oop [32]=Oop [48]=Oop [64]=Oop [88]=Oop [104]=NarrowOop [112]=Oop }
                      ;*if_icmpge {reexecute=1 rethrow=0 return_oop=0}
                      ; - (reexecute) java.lang.ClassLoader::compareCerts@67
                      ; - java.lang.ClassLoader::checkCerts@80
                      ; - java.lang.ClassLoader::preDefineClass@113
                      ; - java.lang.ClassLoader::defineClass@4
                      ; - java.security.SecureClassLoader::defineClass@12
  0x00000210ee1a2108: f421 6dff 

  0x00000210ee1a210c: ;   {other}
  0x00000210ee1a210c: 0f1f 8400 | fc31 0049 | ba76 ffff | ff48 8b6c | 2428 4c8b | 4c24 484c | 894c 2440 | 4c89 5c24 
  0x00000210ee1a212c: 5044 8944 | 245c 4489 | 5424 6044 | 8b94 2490 | 0000 0044 | 8954 2470 

  0x00000210ee1a2144: ;   {runtime_call UncommonTrapBlob}
  0x00000210ee1a2144: c5f8 77e8 

  0x00000210ee1a2148: ; ImmutableOopMap {rbp=Oop [32]=Oop [48]=Oop [64]=Oop [80]=Oop [96]=NarrowOop [104]=Oop }
                      ;*if_icmpge {reexecute=1 rethrow=0 return_oop=0}
                      ; - (reexecute) java.lang.ClassLoader::compareCerts@152
                      ; - java.lang.ClassLoader::checkCerts@80
                      ; - java.lang.ClassLoader::preDefineClass@113
                      ; - java.lang.ClassLoader::defineClass@4
                      ; - java.security.SecureClassLoader::defineClass@12
  0x00000210ee1a2148: b421 6dff 

  0x00000210ee1a214c: ;   {other}
  0x00000210ee1a214c: 0f1f 8400 | 3c32 004a | bae4 ffff | ff48 8b6c | 2428 4c8b | 5424 304c | 8954 2428 | 448b 5c24 
  0x00000210ee1a216c: 3844 895c | 2430 448b | 5424 3c44 | 8954 2434 | 4c8b 5424 | 484c 8954 | 2438 4889 | 5c24 484c 
  0x00000210ee1a218c: 8974 2450 | 4889 7c24 | 5848 894c | 2468 4489 | 4c24 7044 | 8944 2474 

  0x00000210ee1a21a4: ;   {runtime_call UncommonTrapBlob}
  0x00000210ee1a21a4: c5f8 77e8 

  0x00000210ee1a21a8: ; ImmutableOopMap {rbp=Oop [40]=Oop [56]=Oop [64]=NarrowOop [72]=Oop [80]=Oop [88]=Oop [104]=Oop [112]=NarrowOop }
                      ;*aaload {reexecute=0 rethrow=0 return_oop=0}
                      ; - java.security.CodeSource::getCertificates@50
                      ; - java.lang.ClassLoader::checkCerts@34
                      ; - java.lang.ClassLoader::preDefineClass@113
                      ; - java.lang.ClassLoader::defineClass@4
                      ; - java.security.SecureClassLoader::defineClass@12
  0x00000210ee1a21a8: 5421 6dff 

  0x00000210ee1a21ac: ;   {other}
  0x00000210ee1a21ac: 0f1f 8400 | 9c32 004b | baf6 ffff | ff66 6690 

  0x00000210ee1a21bc: ;   {runtime_call UncommonTrapBlob}
  0x00000210ee1a21bc: c5f8 77e8 

  0x00000210ee1a21c0: ; ImmutableOopMap {}
                      ;*invokevirtual isNamed {reexecute=0 rethrow=0 return_oop=0}
                      ; - java.lang.NamedPackage::<init>@12
                      ; - java.lang.ClassLoader::getNamedPackage@22
                      ; - java.lang.ClassLoader::postDefineClass@9
                      ; - java.lang.ClassLoader::defineClass@37
                      ; - java.security.SecureClassLoader::defineClass@12
  0x00000210ee1a21c0: 3c21 6dff 

  0x00000210ee1a21c4: ;   {other}
  0x00000210ee1a21c4: 0f1f 8400 | b432 004c | ba12 0000 | 0066 6690 

  0x00000210ee1a21d4: ;   {runtime_call UncommonTrapBlob}
  0x00000210ee1a21d4: c5f8 77e8 

  0x00000210ee1a21d8: ; ImmutableOopMap {rbp=NarrowOop [32]=Oop [40]=Oop [48]=Oop [56]=Oop [64]=Oop }
                      ;*new {reexecute=0 rethrow=0 return_oop=0}
                      ; - java.lang.NamedPackage::<init>@18
                      ; - java.lang.ClassLoader::getNamedPackage@22
                      ; - java.lang.ClassLoader::postDefineClass@9
                      ; - java.lang.ClassLoader::defineClass@37
                      ; - java.security.SecureClassLoader::defineClass@12
  0x00000210ee1a21d8: 2421 6dff 

  0x00000210ee1a21dc: ;   {other}
  0x00000210ee1a21dc: 0f1f 8400 | cc32 004d | bae4 ffff | ff4c 896c | 2428 4489 | 5c24 304c | 894c 2440 | 4489 5424 
  0x00000210ee1a21fc: 4844 8944 | 244c 6690 

  0x00000210ee1a2204: ;   {runtime_call UncommonTrapBlob}
  0x00000210ee1a2204: c5f8 77e8 

  0x00000210ee1a2208: ; ImmutableOopMap {[32]=Oop [40]=Oop [48]=NarrowOop [64]=Oop [72]=NarrowOop }
                      ;*aaload {reexecute=0 rethrow=0 return_oop=0}
                      ; - java.security.CodeSource::getCertificates@50
                      ; - java.lang.ClassLoader::postDefineClass@24
                      ; - java.lang.ClassLoader::defineClass@37
                      ; - java.security.SecureClassLoader::defineClass@12
  0x00000210ee1a2208: f420 6dff 

  0x00000210ee1a220c: ;   {other}
  0x00000210ee1a220c: 0f1f 8400 | fc32 004e | bae4 ffff | ff4c 8b54 | 2440 4c89 | 5424 3844 | 8944 2450 | 4489 5c24 
  0x00000210ee1a222c: 544c 8974 | 2458 4c89 | 7424 6090 

  0x00000210ee1a2238: ;   {runtime_call UncommonTrapBlob}
  0x00000210ee1a2238: c5f8 77e8 

  0x00000210ee1a223c: ; ImmutableOopMap {rbp=NarrowOop [32]=Oop [40]=Oop [56]=Oop [80]=NarrowOop [84]=NarrowOop [88]=Oop [96]=Oop }
                      ;*baload {reexecute=0 rethrow=0 return_oop=0}
                      ; - java.lang.StringLatin1::hashCode@34
                      ; - java.lang.String::hashCode@27
                      ; - java.util.concurrent.ConcurrentHashMap::get@1
                      ; - java.lang.ClassLoader::getNamedPackage@5
                      ; - java.lang.ClassLoader::postDefineClass@9
                      ; - java.lang.ClassLoader::defineClass@37
                      ; - java.security.SecureClassLoader::defineClass@12
  0x00000210ee1a223c: c020 6dff 

  0x00000210ee1a2240: ;   {other}
  0x00000210ee1a2240: 0f1f 8400 | 3033 004f | ba76 ffff | ff48 8b6c | 2428 4c8b | 5424 484c | 8954 2440 | 4c89 4424 
  0x00000210ee1a2260: 484c 894c | 2458 895c | 2464 6690 

  0x00000210ee1a226c: ;   {runtime_call UncommonTrapBlob}
  0x00000210ee1a226c: c5f8 77e8 

  0x00000210ee1a2270: ; ImmutableOopMap {rbp=Oop [32]=Oop [48]=Oop [64]=Oop [72]=Oop [88]=Oop }
                      ;*if_icmpge {reexecute=1 rethrow=0 return_oop=0}
                      ; - (reexecute) java.lang.ClassLoader::compareCerts@40
                      ; - java.lang.ClassLoader::checkCerts@80
                      ; - java.lang.ClassLoader::preDefineClass@113
                      ; - java.lang.ClassLoader::defineClass@4
                      ; - java.security.SecureClassLoader::defineClass@12
  0x00000210ee1a2270: 8c20 6dff 

  0x00000210ee1a2274: ;   {other}
  0x00000210ee1a2274: 0f1f 8400 | 6433 0050 | 498b d7c5 | f877 49ba | 002a 2c7d | ff7f 0000 

  0x00000210ee1a228c: ;   {other}
  0x00000210ee1a228c: 41ff d20f | 1f84 0000 | 0000 00e9 | 60e6 ffff | 498b d7c5 | f877 49ba | 002a 2c7d | ff7f 0000 
  0x00000210ee1a22ac: ;   {other}
  0x00000210ee1a22ac: 41ff d20f | 1f84 0000 | 0000 00e9 | feeb ffff | ba37 0100 | 0048 8be9 | 4c8b 5424 | 304c 8954 
  0x00000210ee1a22cc: 2428 448b | 5424 3844 | 8954 2430 | 448b 5c24 | 3c44 895c | 2434 6690 

  0x00000210ee1a22e4: ;   {runtime_call UncommonTrapBlob}
  0x00000210ee1a22e4: c5f8 77e8 

  0x00000210ee1a22e8: ; ImmutableOopMap {rbp=Oop [32]=Oop [40]=Oop }
                      ;*new {reexecute=0 rethrow=0 return_oop=0}
                      ; - java.lang.ClassLoader::preDefineClass@56
                      ; - java.lang.ClassLoader::defineClass@4
                      ; - java.security.SecureClassLoader::defineClass@12
  0x00000210ee1a22e8: 1420 6dff 

  0x00000210ee1a22ec: ;   {other}
  0x00000210ee1a22ec: 0f1f 8400 | dc33 0051 | baf6 ffff | ff66 6690 

  0x00000210ee1a22fc: ;   {runtime_call UncommonTrapBlob}
  0x00000210ee1a22fc: c5f8 77e8 

  0x00000210ee1a2300: ; ImmutableOopMap {}
                      ;*invokevirtual clone {reexecute=1 rethrow=0 return_oop=0}
                      ; - (reexecute) java.security.CodeSource::getCertificates@86
                      ; - java.lang.ClassLoader::checkCerts@34
                      ; - java.lang.ClassLoader::preDefineClass@113
                      ; - java.lang.ClassLoader::defineClass@4
                      ; - java.security.SecureClassLoader::defineClass@12
  0x00000210ee1a2300: fc1f 6dff 

  0x00000210ee1a2304: ;   {other}
  0x00000210ee1a2304: 0f1f 8400 | f433 0052 | baf6 ffff | ff66 6690 

  0x00000210ee1a2314: ;   {runtime_call UncommonTrapBlob}
  0x00000210ee1a2314: c5f8 77e8 

  0x00000210ee1a2318: ; ImmutableOopMap {}
                      ;*invokevirtual clone {reexecute=1 rethrow=0 return_oop=0}
                      ; - (reexecute) java.security.CodeSource::getCertificates@86
                      ; - java.lang.ClassLoader::postDefineClass@24
                      ; - java.lang.ClassLoader::defineClass@37
                      ; - java.security.SecureClassLoader::defineClass@12
  0x00000210ee1a2318: e41f 6dff 

  0x00000210ee1a231c: ;   {other}
  0x00000210ee1a231c: 0f1f 8400 | 0c34 0053 | bade ffff | ff48 8b6c | 2428 4c8b | 5424 304c | 8954 2428 | 448b 5c24 
  0x00000210ee1a233c: 3844 895c | 2430 448b | 5424 3c44 | 8954 2434 | 4889 4424 | 3866 6690 

  0x00000210ee1a2354: ;   {runtime_call UncommonTrapBlob}
  0x00000210ee1a2354: c5f8 77e8 

  0x00000210ee1a2358: ; ImmutableOopMap {rbp=Oop [32]=Oop [40]=Oop [56]=Oop }
                      ;*checkcast {reexecute=0 rethrow=0 return_oop=0}
                      ; - java.security.SecureClassLoader::getProtectionDomain@33
                      ; - java.security.SecureClassLoader::defineClass@9
  0x00000210ee1a2358: a41f 6dff 

  0x00000210ee1a235c: ;   {other}
  0x00000210ee1a235c: 0f1f 8400 | 4c34 0054 | bade ffff | ff48 8b6c | 2428 4c8b | 5424 304c | 8954 2428 | 448b 5c24 
  0x00000210ee1a237c: 3844 895c | 2430 448b | 5424 3c44 | 8954 2434 | 4c8b 5424 | 484c 8954 | 2438 4889 | 4424 5890 
  0x00000210ee1a239c: ;   {runtime_call UncommonTrapBlob}
  0x00000210ee1a239c: c5f8 77e8 

  0x00000210ee1a23a0: ; ImmutableOopMap {rbp=Oop [32]=Oop [40]=Oop [56]=Oop [64]=Oop [88]=Oop [96]=Oop }
                      ;*checkcast {reexecute=0 rethrow=0 return_oop=0}
                      ; - java.lang.ClassLoader::checkCerts@65
                      ; - java.lang.ClassLoader::preDefineClass@113
                      ; - java.lang.ClassLoader::defineClass@4
                      ; - java.security.SecureClassLoader::defineClass@12
  0x00000210ee1a23a0: 5c1f 6dff 

  0x00000210ee1a23a4: ;   {other}
  0x00000210ee1a23a4: 0f1f 8400 | 9434 0055 | bade ffff | ff4c 8b54 | 2430 4c89 | 5424 2844 | 8b54 2438 | 4489 5424 
  0x00000210ee1a23c4: 3044 8b5c | 243c 4489 | 5c24 344c | 8b54 2448 | 4c89 5424 | 384c 8b54 | 2450 4c89 | 5424 4848 
  0x00000210ee1a23e4: 8944 2460 

  0x00000210ee1a23e8: ;   {runtime_call UncommonTrapBlob}
  0x00000210ee1a23e8: c5f8 77e8 

  0x00000210ee1a23ec: ; ImmutableOopMap {rbp=Oop [32]=Oop [40]=Oop [56]=Oop [64]=NarrowOop [72]=Oop [96]=Oop [104]=Oop }
                      ;*checkcast {reexecute=0 rethrow=0 return_oop=0}
                      ; - java.security.CodeSource::getCertificates@76
                      ; - java.lang.ClassLoader::checkCerts@34
                      ; - java.lang.ClassLoader::preDefineClass@113
                      ; - java.lang.ClassLoader::defineClass@4
                      ; - java.security.SecureClassLoader::defineClass@12
  0x00000210ee1a23ec: 101f 6dff 

  0x00000210ee1a23f0: ;   {other}
  0x00000210ee1a23f0: 0f1f 8400 | e034 0056 | bade ffff | ff48 8944 | 2440 6690 

  0x00000210ee1a2404: ;   {runtime_call UncommonTrapBlob}
  0x00000210ee1a2404: c5f8 77e8 

  0x00000210ee1a2408: ; ImmutableOopMap {rbp=NarrowOop [32]=Oop [40]=Oop [64]=Oop }
                      ;*checkcast {reexecute=0 rethrow=0 return_oop=0}
                      ; - java.security.CodeSource::getCertificates@76
                      ; - java.lang.ClassLoader::postDefineClass@24
                      ; - java.lang.ClassLoader::defineClass@37
                      ; - java.security.SecureClassLoader::defineClass@12
  0x00000210ee1a2408: f41e 6dff 

  0x00000210ee1a240c: ;   {other}
  0x00000210ee1a240c: 0f1f 8400 | fc34 0057 | baf6 ffff | ff49 8be8 | 4c89 4c24 | 2066 6690 

  0x00000210ee1a2424: ;   {runtime_call UncommonTrapBlob}
  0x00000210ee1a2424: c5f8 77e8 

  0x00000210ee1a2428: ; ImmutableOopMap {rbp=Oop [32]=Oop }
                      ;*invokeinterface computeIfAbsent {reexecute=0 rethrow=0 return_oop=0}
                      ; - java.security.SecureClassLoader::getProtectionDomain@28
                      ; - java.security.SecureClassLoader::defineClass@9
  0x00000210ee1a2428: d41e 6dff 

  0x00000210ee1a242c: ;   {other}
  0x00000210ee1a242c: 0f1f 8400 | 1c35 0058 | baf4 ffff | ff48 8b6c | 2428 4c8b | 5424 304c | 8954 2428 

  0x00000210ee1a2448: ;   {runtime_call UncommonTrapBlob}
  0x00000210ee1a2448: c5f8 77e8 

  0x00000210ee1a244c: ; ImmutableOopMap {rbp=Oop [32]=Oop [40]=Oop }
                      ;*checkcast {reexecute=0 rethrow=0 return_oop=0}
                      ; - java.security.SecureClassLoader::getProtectionDomain@33
                      ; - java.security.SecureClassLoader::defineClass@9
  0x00000210ee1a244c: b01e 6dff 

  0x00000210ee1a2450: ;   {other}
  0x00000210ee1a2450: 0f1f 8400 | 4035 0059 | baf6 ffff | ff66 6690 

  0x00000210ee1a2460: ;   {runtime_call UncommonTrapBlob}
  0x00000210ee1a2460: c5f8 77e8 

  0x00000210ee1a2464: ; ImmutableOopMap {}
                      ;*arraylength {reexecute=0 rethrow=0 return_oop=0}
                      ; - java.lang.String::isEmpty@4
                      ; - java.lang.ClassLoader::checkName@5
                      ; - java.lang.ClassLoader::preDefineClass@1
                      ; - java.lang.ClassLoader::defineClass@4
                      ; - java.security.SecureClassLoader::defineClass@12
  0x00000210ee1a2464: 981e 6dff 

  0x00000210ee1a2468: ;   {other}
  0x00000210ee1a2468: 0f1f 8400 | 5835 005a | baf6 ffff | ff66 6690 

  0x00000210ee1a2478: ;   {runtime_call UncommonTrapBlob}
  0x00000210ee1a2478: c5f8 77e8 

  0x00000210ee1a247c: ; ImmutableOopMap {}
                      ;*invokevirtual getPackageName {reexecute=0 rethrow=0 return_oop=0}
                      ; - java.lang.ClassLoader::postDefineClass@2
                      ; - java.lang.ClassLoader::defineClass@37
                      ; - java.security.SecureClassLoader::defineClass@12
  0x00000210ee1a247c: 801e 6dff 

  0x00000210ee1a2480: ;   {other}
  0x00000210ee1a2480: 0f1f 8400 | 7035 005b | baf6 ffff | ff48 8beb 

  0x00000210ee1a2490: ;   {runtime_call UncommonTrapBlob}
  0x00000210ee1a2490: c5f8 77e8 

  0x00000210ee1a2494: ; ImmutableOopMap {rbp=Oop }
                      ;*invokevirtual get {reexecute=0 rethrow=0 return_oop=0}
                      ; - java.lang.ClassLoader::getNamedPackage@5
                      ; - java.lang.ClassLoader::postDefineClass@9
                      ; - java.lang.ClassLoader::defineClass@37
                      ; - java.security.SecureClassLoader::defineClass@12
  0x00000210ee1a2494: 681e 6dff 

  0x00000210ee1a2498: ;   {other}
  0x00000210ee1a2498: 0f1f 8400 | 8835 005c | baf6 ffff | ff66 6690 

  0x00000210ee1a24a8: ;   {runtime_call UncommonTrapBlob}
  0x00000210ee1a24a8: c5f8 77e8 

  0x00000210ee1a24ac: ; ImmutableOopMap {}
                      ;*invokevirtual hashCode {reexecute=0 rethrow=0 return_oop=0}
                      ; - java.util.concurrent.ConcurrentHashMap::get@1
                      ; - java.lang.ClassLoader::getNamedPackage@5
                      ; - java.lang.ClassLoader::postDefineClass@9
                      ; - java.lang.ClassLoader::defineClass@37
                      ; - java.security.SecureClassLoader::defineClass@12
  0x00000210ee1a24ac: 501e 6dff 

  0x00000210ee1a24b0: ;   {other}
  0x00000210ee1a24b0: 0f1f 8400 | a035 005d | 33ed 4d85 | d240 0f94 | c5ba 45ff | ffff 4c8b | 5424 484c | 8954 2438 
  0x00000210ee1a24d0: ;   {runtime_call UncommonTrapBlob}
  0x00000210ee1a24d0: c5f8 77e8 

  0x00000210ee1a24d4: ; ImmutableOopMap {[32]=Oop [40]=Oop [56]=Oop }
                      ;*ifeq {reexecute=1 rethrow=0 return_oop=0}
                      ; - (reexecute) java.lang.Class::getPackageName@29
                      ; - java.lang.ClassLoader::postDefineClass@2
                      ; - java.lang.ClassLoader::defineClass@37
                      ; - java.security.SecureClassLoader::defineClass@12
  0x00000210ee1a24d4: 281e 6dff 

  0x00000210ee1a24d8: ;   {other}
  0x00000210ee1a24d8: 0f1f 8400 | c835 005e | baf6 ffff | ff66 6690 

  0x00000210ee1a24e8: ;   {runtime_call UncommonTrapBlob}
  0x00000210ee1a24e8: c5f8 77e8 

  0x00000210ee1a24ec: ; ImmutableOopMap {}
                      ;*arraylength {reexecute=0 rethrow=0 return_oop=0}
                      ; - java.lang.String::length@4
                      ; - java.lang.String::lastIndexOf@3
                      ; - java.lang.Class::getPackageName@47
                      ; - java.lang.ClassLoader::postDefineClass@2
                      ; - java.lang.ClassLoader::defineClass@37
                      ; - java.security.SecureClassLoader::defineClass@12
  0x00000210ee1a24ec: 101e 6dff 

  0x00000210ee1a24f0: ;   {other}
  0x00000210ee1a24f0: 0f1f 8400 | e035 005f | baf6 ffff | ff66 6690 

  0x00000210ee1a2500: ;   {runtime_call UncommonTrapBlob}
  0x00000210ee1a2500: c5f8 77e8 

  0x00000210ee1a2504: ; ImmutableOopMap {}
                      ;*arraylength {reexecute=0 rethrow=0 return_oop=0}
                      ; - java.lang.String::isEmpty@4
                      ; - java.lang.NamedPackage::<init>@5
                      ; - java.lang.ClassLoader::getNamedPackage@22
                      ; - java.lang.ClassLoader::postDefineClass@9
                      ; - java.lang.ClassLoader::defineClass@37
                      ; - java.security.SecureClassLoader::defineClass@12
  0x00000210ee1a2504: f81d 6dff 

  0x00000210ee1a2508: ;   {other}
  0x00000210ee1a2508: 0f1f 8400 | f835 0060 | ba45 ffff | ff48 8b6c | 2428 6690 

  0x00000210ee1a251c: ;   {runtime_call UncommonTrapBlob}
  0x00000210ee1a251c: c5f8 77e8 

  0x00000210ee1a2520: ; ImmutableOopMap {rbp=Oop [32]=Oop [48]=Oop [72]=Oop }
                      ;*ifnull {reexecute=1 rethrow=0 return_oop=0}
                      ; - (reexecute) java.lang.ClassLoader::checkName@1
                      ; - java.lang.ClassLoader::preDefineClass@1
                      ; - java.lang.ClassLoader::defineClass@4
                      ; - java.security.SecureClassLoader::defineClass@12
  0x00000210ee1a2520: dc1d 6dff 

  0x00000210ee1a2524: ;   {other}
  0x00000210ee1a2524: 0f1f 8400 | 1436 0061 | ba45 ffff | ff48 8b6c | 2428 4c8b | 5424 304c | 8954 2428 | 448b 5c24 
  0x00000210ee1a2544: 3844 895c | 2430 448b | 5424 3c44 | 8954 2434 | 4c8b 5424 | 484c 8954 | 2438 4889 | 5c24 484c 
  0x00000210ee1a2564: 8974 2450 | 4889 7c24 | 5866 6690 

  0x00000210ee1a2570: ;   {runtime_call UncommonTrapBlob}
  0x00000210ee1a2570: c5f8 77e8 

  0x00000210ee1a2574: ; ImmutableOopMap {rbp=Oop [40]=Oop [56]=Oop [64]=NarrowOop [72]=Oop [80]=Oop [88]=Oop }
                      ;*ifnull {reexecute=1 rethrow=0 return_oop=0}
                      ; - (reexecute) java.lang.ClassLoader::checkCerts@30
                      ; - java.lang.ClassLoader::preDefineClass@113
                      ; - java.lang.ClassLoader::defineClass@4
                      ; - java.security.SecureClassLoader::defineClass@12
  0x00000210ee1a2574: 881d 6dff 

  0x00000210ee1a2578: ;   {other}
  0x00000210ee1a2578: 0f1f 8400 | 6836 0062 | ba45 ffff | ff48 8b6c | 2428 4c8b | 4424 304c | 8944 2428 | 448b 4c24 
  0x00000210ee1a2598: 3844 894c | 2430 448b | 4424 3c44 | 8944 2434 | 4489 5c24 | 4466 6690 

  0x00000210ee1a25b0: ;   {runtime_call UncommonTrapBlob}
  0x00000210ee1a25b0: c5f8 77e8 

  0x00000210ee1a25b4: ; ImmutableOopMap {rbp=Oop [32]=Oop [40]=Oop [68]=NarrowOop [72]=Oop }
                      ;*ifnull {reexecute=1 rethrow=0 return_oop=0}
                      ; - (reexecute) java.lang.ClassLoader::defineClassSourceLocation@8
                      ; - java.lang.ClassLoader::defineClass@12
                      ; - java.security.SecureClassLoader::defineClass@12
  0x00000210ee1a25b4: 481d 6dff 

  0x00000210ee1a25b8: ;   {other}
  0x00000210ee1a25b8: 0f1f 8400 | a836 0063 | baf6 ffff | ff66 6690 

  0x00000210ee1a25c8: ;   {runtime_call UncommonTrapBlob}
  0x00000210ee1a25c8: c5f8 77e8 

  0x00000210ee1a25cc: ; ImmutableOopMap {}
                      ;*arraylength {reexecute=0 rethrow=0 return_oop=0}
                      ; - java.lang.StringLatin1::hashCode@1
                      ; - java.lang.String::hashCode@27
                      ; - java.util.concurrent.ConcurrentHashMap::get@1
                      ; - java.lang.ClassLoader::getNamedPackage@5
                      ; - java.lang.ClassLoader::postDefineClass@9
                      ; - java.lang.ClassLoader::defineClass@37
                      ; - java.security.SecureClassLoader::defineClass@12
  0x00000210ee1a25cc: 301d 6dff 

  0x00000210ee1a25d0: ;   {other}
  0x00000210ee1a25d0: 0f1f 8400 | c036 0064 | ba45 ffff | ff48 8b6c | 2420 4489 | 5c24 2090 

  0x00000210ee1a25e8: ;   {runtime_call UncommonTrapBlob}
  0x00000210ee1a25e8: c5f8 77e8 

  0x00000210ee1a25ec: ; ImmutableOopMap {rbp=Oop [32]=NarrowOop }
                      ;*ifnull {reexecute=1 rethrow=0 return_oop=0}
                      ; - (reexecute) java.lang.ClassLoader::postDefineClass@17
                      ; - java.lang.ClassLoader::defineClass@37
                      ; - java.security.SecureClassLoader::defineClass@12
  0x00000210ee1a25ec: 101d 6dff 

  0x00000210ee1a25f0: ;   {other}
  0x00000210ee1a25f0: 0f1f 8400 | e036 0065 | ba45 ffff | ff4c 8b54 | 2440 4c89 | 5424 3844 | 8944 2450 | 4c89 7424 
  0x00000210ee1a2610: 5844 894c | 2454 4489 | 5c24 6090 

  0x00000210ee1a261c: ;   {runtime_call UncommonTrapBlob}
  0x00000210ee1a261c: c5f8 77e8 

  0x00000210ee1a2620: ; ImmutableOopMap {rbp=NarrowOop [32]=Oop [40]=Oop [56]=Oop [80]=NarrowOop [84]=NarrowOop [88]=Oop }
                      ;*ifnull {reexecute=1 rethrow=0 return_oop=0}
                      ; - (reexecute) java.util.concurrent.ConcurrentHashMap::get@67
                      ; - java.lang.ClassLoader::getNamedPackage@5
                      ; - java.lang.ClassLoader::postDefineClass@9
                      ; - java.lang.ClassLoader::defineClass@37
                      ; - java.security.SecureClassLoader::defineClass@12
  0x00000210ee1a2620: dc1c 6dff 

  0x00000210ee1a2624: ;   {other}
  0x00000210ee1a2624: 0f1f 8400 | 1437 0066 | baf6 ffff | ff41 8be8 

  0x00000210ee1a2634: ;   {runtime_call UncommonTrapBlob}
  0x00000210ee1a2634: c5f8 77e8 

  0x00000210ee1a2638: ; ImmutableOopMap {}
                      ;*aaload {reexecute=0 rethrow=0 return_oop=0}
                      ; - java.security.CodeSource::getCertificates@50
                      ; - java.lang.ClassLoader::checkCerts@34
                      ; - java.lang.ClassLoader::preDefineClass@113
                      ; - java.lang.ClassLoader::defineClass@4
                      ; - java.security.SecureClassLoader::defineClass@12
  0x00000210ee1a2638: c41c 6dff 

  0x00000210ee1a263c: ;   {other}
  0x00000210ee1a263c: 0f1f 8400 | 2c37 0067 | baf6 ffff | ff66 6690 

  0x00000210ee1a264c: ;   {runtime_call UncommonTrapBlob}
  0x00000210ee1a264c: c5f8 77e8 

  0x00000210ee1a2650: ; ImmutableOopMap {}
                      ;*invokevirtual getSignerCertPath {reexecute=0 rethrow=0 return_oop=0}
                      ; - java.security.CodeSource::getCertificates@51
                      ; - java.lang.ClassLoader::checkCerts@34
                      ; - java.lang.ClassLoader::preDefineClass@113
                      ; - java.lang.ClassLoader::defineClass@4
                      ; - java.security.SecureClassLoader::defineClass@12
  0x00000210ee1a2650: ac1c 6dff 

  0x00000210ee1a2654: ;   {other}
  0x00000210ee1a2654: 0f1f 8400 | 4437 0068 | baf6 ffff | ff66 6690 

  0x00000210ee1a2664: ;   {runtime_call UncommonTrapBlob}
  0x00000210ee1a2664: c5f8 77e8 

  0x00000210ee1a2668: ; ImmutableOopMap {}
                      ;*invokevirtual getCertificates {reexecute=0 rethrow=0 return_oop=0}
                      ; - java.security.CodeSource::getCertificates@54
                      ; - java.lang.ClassLoader::checkCerts@34
                      ; - java.lang.ClassLoader::preDefineClass@113
                      ; - java.lang.ClassLoader::defineClass@4
                      ; - java.security.SecureClassLoader::defineClass@12
  0x00000210ee1a2668: 941c 6dff 

  0x00000210ee1a266c: ;   {other}
  0x00000210ee1a266c: 0f1f 8400 | 5c37 0069 | baf6 ffff | ff66 6690 

  0x00000210ee1a267c: ;   {runtime_call UncommonTrapBlob}
  0x00000210ee1a267c: c5f8 77e8 

  0x00000210ee1a2680: ; ImmutableOopMap {}
                      ;*arraylength {reexecute=0 rethrow=0 return_oop=0}
                      ; - java.security.CodeSource::getCertificates@40
                      ; - java.lang.ClassLoader::checkCerts@34
                      ; - java.lang.ClassLoader::preDefineClass@113
                      ; - java.lang.ClassLoader::defineClass@4
                      ; - java.security.SecureClassLoader::defineClass@12
  0x00000210ee1a2680: 7c1c 6dff 

  0x00000210ee1a2684: ;   {other}
  0x00000210ee1a2684: 0f1f 8400 | 7437 006a | baf6 ffff | ff41 8be8 

  0x00000210ee1a2694: ;   {runtime_call UncommonTrapBlob}
  0x00000210ee1a2694: c5f8 77e8 

  0x00000210ee1a2698: ; ImmutableOopMap {}
                      ;*aaload {reexecute=0 rethrow=0 return_oop=0}
                      ; - java.security.CodeSource::getCertificates@50
                      ; - java.lang.ClassLoader::postDefineClass@24
                      ; - java.lang.ClassLoader::defineClass@37
                      ; - java.security.SecureClassLoader::defineClass@12
  0x00000210ee1a2698: 641c 6dff 

  0x00000210ee1a269c: ;   {other}
  0x00000210ee1a269c: 0f1f 8400 | 8c37 006b | baf6 ffff | ff66 6690 

  0x00000210ee1a26ac: ;   {runtime_call UncommonTrapBlob}
  0x00000210ee1a26ac: c5f8 77e8 

  0x00000210ee1a26b0: ; ImmutableOopMap {}
                      ;*invokevirtual getSignerCertPath {reexecute=0 rethrow=0 return_oop=0}
                      ; - java.security.CodeSource::getCertificates@51
                      ; - java.lang.ClassLoader::postDefineClass@24
                      ; - java.lang.ClassLoader::defineClass@37
                      ; - java.security.SecureClassLoader::defineClass@12
  0x00000210ee1a26b0: 4c1c 6dff 

  0x00000210ee1a26b4: ;   {other}
  0x00000210ee1a26b4: 0f1f 8400 | a437 006c | baf6 ffff | ff66 6690 

  0x00000210ee1a26c4: ;   {runtime_call UncommonTrapBlob}
  0x00000210ee1a26c4: c5f8 77e8 

  0x00000210ee1a26c8: ; ImmutableOopMap {}
                      ;*invokevirtual getCertificates {reexecute=0 rethrow=0 return_oop=0}
                      ; - java.security.CodeSource::getCertificates@54
                      ; - java.lang.ClassLoader::postDefineClass@24
                      ; - java.lang.ClassLoader::defineClass@37
                      ; - java.security.SecureClassLoader::defineClass@12
  0x00000210ee1a26c8: 341c 6dff 

  0x00000210ee1a26cc: ;   {other}
  0x00000210ee1a26cc: 0f1f 8400 | bc37 006d | baf6 ffff | ff66 6690 

  0x00000210ee1a26dc: ;   {runtime_call UncommonTrapBlob}
  0x00000210ee1a26dc: c5f8 77e8 

  0x00000210ee1a26e0: ; ImmutableOopMap {}
                      ;*arraylength {reexecute=0 rethrow=0 return_oop=0}
                      ; - java.security.CodeSource::getCertificates@40
                      ; - java.lang.ClassLoader::postDefineClass@24
                      ; - java.lang.ClassLoader::defineClass@37
                      ; - java.security.SecureClassLoader::defineClass@12
  0x00000210ee1a26e0: 1c1c 6dff 

  0x00000210ee1a26e4: ;   {other}
  0x00000210ee1a26e4: 0f1f 8400 | d437 006e | baf4 ffff | ff4c 8b54 | 2430 4c89 | 5424 2844 | 8b54 2438 | 4489 5424 
  0x00000210ee1a2704: 3044 8b5c | 243c 4489 | 5c24 344c | 8b54 2448 | 4c89 5424 | 384c 8b54 | 2450 4c89 | 5424 4890 
  0x00000210ee1a2724: ;   {runtime_call UncommonTrapBlob}
  0x00000210ee1a2724: c5f8 77e8 

  0x00000210ee1a2728: ; ImmutableOopMap {rbp=Oop [32]=Oop [40]=Oop [56]=Oop [64]=NarrowOop [72]=Oop [104]=Oop }
                      ;*checkcast {reexecute=0 rethrow=0 return_oop=0}
                      ; - java.security.CodeSource::getCertificates@76
                      ; - java.lang.ClassLoader::checkCerts@34
                      ; - java.lang.ClassLoader::preDefineClass@113
                      ; - java.lang.ClassLoader::defineClass@4
                      ; - java.security.SecureClassLoader::defineClass@12
  0x00000210ee1a2728: d41b 6dff 

  0x00000210ee1a272c: ;   {other}
  0x00000210ee1a272c: 0f1f 8400 | 1c38 006f | ba97 ffff | ff4c 8b54 | 2430 4c89 | 5424 2844 | 8b54 2438 | 4489 5424 
  0x00000210ee1a274c: 3044 8b5c | 243c 4489 | 5c24 344c | 8b54 2440 | 4c89 5424 | 384c 8b54 | 2470 4c89 | 5424 6090 
  0x00000210ee1a276c: ;   {runtime_call UncommonTrapBlob}
  0x00000210ee1a276c: c5f8 77e8 

  0x00000210ee1a2770: ; ImmutableOopMap {rbp=Oop [32]=Oop [40]=Oop [56]=Oop [80]=NarrowOop [84]=NarrowOop [96]=Oop [104]=Oop [112]=Oop }
                      ;*invokevirtual clone {reexecute=1 rethrow=0 return_oop=0}
                      ; - (reexecute) java.util.Arrays::copyOfRange@18
                      ; - java.lang.StringLatin1::newString@16
                      ; - java.lang.String::substring@41
                      ; - java.lang.ClassLoader::checkCerts@21
                      ; - java.lang.ClassLoader::preDefineClass@113
                      ; - java.lang.ClassLoader::defineClass@4
                      ; - java.security.SecureClassLoader::defineClass@12
  0x00000210ee1a2770: 8c1b 6dff 

  0x00000210ee1a2774: ;   {other}
  0x00000210ee1a2774: 0f1f 8400 | 6438 0070 | baf4 ffff | ff66 6690 

  0x00000210ee1a2784: ;   {runtime_call UncommonTrapBlob}
  0x00000210ee1a2784: c5f8 77e8 

  0x00000210ee1a2788: ; ImmutableOopMap {rbp=NarrowOop [32]=Oop [40]=Oop }
                      ;*checkcast {reexecute=0 rethrow=0 return_oop=0}
                      ; - java.security.CodeSource::getCertificates@76
                      ; - java.lang.ClassLoader::postDefineClass@24
                      ; - java.lang.ClassLoader::defineClass@37
                      ; - java.security.SecureClassLoader::defineClass@12
  0x00000210ee1a2788: 741b 6dff 

  0x00000210ee1a278c: ;   {other}
  0x00000210ee1a278c: 0f1f 8400 | 7c38 0071 | ba97 ffff | ff66 6690 

  0x00000210ee1a279c: ;   {runtime_call UncommonTrapBlob}
  0x00000210ee1a279c: c5f8 77e8 

  0x00000210ee1a27a0: ; ImmutableOopMap {rbp=Oop [40]=Oop [48]=NarrowOop [56]=Oop [64]=Oop }
                      ;*invokevirtual clone {reexecute=1 rethrow=0 return_oop=0}
                      ; - (reexecute) java.util.Arrays::copyOfRange@18
                      ; - java.lang.StringLatin1::newString@16
                      ; - java.lang.String::substring@41
                      ; - java.lang.Class::getPackageName@62
                      ; - java.lang.ClassLoader::postDefineClass@2
                      ; - java.lang.ClassLoader::defineClass@37
                      ; - java.security.SecureClassLoader::defineClass@12
  0x00000210ee1a27a0: 5c1b 6dff 

  0x00000210ee1a27a4: ;   {other}
  0x00000210ee1a27a4: 0f1f 8400 | 9438 0072 | ba97 ffff | ff48 8b6c | 2420 4c8b | 5424 304c | 8954 2428 | 448b 5424 
  0x00000210ee1a27c4: 3844 8954 | 2430 448b | 5c24 3c44 | 895c 2434 | 4c8b 5424 | 484c 8954 | 2438 4c8b | 5424 504c 
  0x00000210ee1a27e4: 8954 2448 | 4c8b 5424 | 584c 8954 | 2450 6690 

  0x00000210ee1a27f4: ;   {runtime_call UncommonTrapBlob}
  0x00000210ee1a27f4: c5f8 77e8 

  0x00000210ee1a27f8: ; ImmutableOopMap {rbp=Oop [40]=Oop [56]=Oop [64]=Oop [72]=Oop [80]=Oop [96]=NarrowOop }
                      ;*invokevirtual clone {reexecute=1 rethrow=0 return_oop=0}
                      ; - (reexecute) java.security.CodeSource::getCertificates@11
                      ; - java.lang.ClassLoader::checkCerts@34
                      ; - java.lang.ClassLoader::preDefineClass@113
                      ; - java.lang.ClassLoader::defineClass@4
                      ; - java.security.SecureClassLoader::defineClass@12
  0x00000210ee1a27f8: 041b 6dff 

  0x00000210ee1a27fc: ;   {other}
  0x00000210ee1a27fc: 0f1f 8400 | ec38 0073 | ba97 ffff | ff48 8b6c | 2428 6690 

  0x00000210ee1a2810: ;   {runtime_call UncommonTrapBlob}
  0x00000210ee1a2810: c5f8 77e8 

  0x00000210ee1a2814: ; ImmutableOopMap {rbp=Oop [32]=Oop [48]=NarrowOop }
                      ;*invokevirtual clone {reexecute=1 rethrow=0 return_oop=0}
                      ; - (reexecute) java.security.CodeSource::getCertificates@11
                      ; - java.lang.ClassLoader::postDefineClass@24
                      ; - java.lang.ClassLoader::defineClass@37
                      ; - java.security.SecureClassLoader::defineClass@12
  0x00000210ee1a2814: e81a 6dff 

  0x00000210ee1a2818: ;   {other}
  0x00000210ee1a2818: 0f1f 8400 | 0839 0074 | ba97 ffff | ff4c 8b54 | 2448 4c89 | 5424 404c | 8b54 2450 | 4c89 5424 
  0x00000210ee1a2838: 4866 6690 

  0x00000210ee1a283c: ;   {runtime_call UncommonTrapBlob}
  0x00000210ee1a283c: c5f8 77e8 

  0x00000210ee1a2840: ; ImmutableOopMap {rbp=Oop [32]=Oop [40]=Oop [48]=Oop [64]=Oop [72]=Oop [104]=Oop }
                      ;*invokevirtual clone {reexecute=1 rethrow=0 return_oop=0}
                      ; - (reexecute) java.security.CodeSource::getCertificates@86
                      ; - java.lang.ClassLoader::checkCerts@34
                      ; - java.lang.ClassLoader::preDefineClass@113
                      ; - java.lang.ClassLoader::defineClass@4
                      ; - java.security.SecureClassLoader::defineClass@12
  0x00000210ee1a2840: bc1a 6dff 

  0x00000210ee1a2844: ;   {other}
  0x00000210ee1a2844: 0f1f 8400 | 3439 0075 | ba97 ffff | ff66 6690 

  0x00000210ee1a2854: ;   {runtime_call UncommonTrapBlob}
  0x00000210ee1a2854: c5f8 77e8 

  0x00000210ee1a2858: ; ImmutableOopMap {[32]=Oop [40]=Oop [56]=Oop }
                      ;*invokevirtual clone {reexecute=1 rethrow=0 return_oop=0}
                      ; - (reexecute) java.security.CodeSource::getCertificates@86
                      ; - java.lang.ClassLoader::postDefineClass@24
                      ; - java.lang.ClassLoader::defineClass@37
                      ; - java.security.SecureClassLoader::defineClass@12
  0x00000210ee1a2858: a41a 6dff 

  0x00000210ee1a285c: ;   {other}
  0x00000210ee1a285c: 0f1f 8400 | 4c39 0076 | e97f 0000 | 00e9 7a00 | 0000 e975 | 0000 00e9 | 7000 0000 | e96b 0000 
  0x00000210ee1a287c: 0066 6690 | e963 0000 | 00e9 5e00 | 0000 e959 | 0000 00e9 | 5400 0000 | e946 0000 | 00e9 4100 
  0x00000210ee1a289c: 0000 6690 | e943 0000 | 00e9 3e00 | 0000 e939 | 0000 00e9 | 3400 0000 | e92f 0000 | 00e9 2a00 
  0x00000210ee1a28bc: 0000 6690 | e923 0000 | 00e9 1e00 | 0000 e919 | 0000 00e9 | 1400 0000 | e90f 0000 | 00eb 0deb 
  0x00000210ee1a28dc: 0beb 0948 | 8bd0 eb07 | eb02 eb00 | 488b d0c5 | f877 4881 | c4c0 0000 

  0x00000210ee1a28f4: ;   {runtime_call _rethrow_Java}
  0x00000210ee1a28f4: 005d e985 

  0x00000210ee1a28f8: ;   {internal_word}
  0x00000210ee1a28f8: d178 ff49 | bac5 011a | ee10 0200 | 004d 8997 | 6804 0000 

  0x00000210ee1a290c: ;   {runtime_call SafepointBlob}
  0x00000210ee1a290c: e9ef 2a6d 

  0x00000210ee1a2910: ;   {runtime_call StubRoutines (final stubs)}
  0x00000210ee1a2910: ffe8 ea8d | 6bff e923 | cbff fff4 | f4f4 f4f4 
[Stub Code]
  0x00000210ee1a2920: ;   {no_reloc}
  0x00000210ee1a2920: 48bb 0000 | 0000 0000 

  0x00000210ee1a2928: ;   {runtime_call nmethod}
  0x00000210ee1a2928: 0000 e9fb 

  0x00000210ee1a292c: ;   {static_stub}
  0x00000210ee1a292c: ffff ff48 | bb00 0000 | 0000 0000 

  0x00000210ee1a2938: ;   {runtime_call nmethod}
  0x00000210ee1a2938: 00e9 fbff 

  0x00000210ee1a293c: ;   {static_stub}
  0x00000210ee1a293c: ffff 48bb | 0000 0000 | 0000 0000 

  0x00000210ee1a2948: ;   {runtime_call nmethod}
  0x00000210ee1a2948: e9fb ffff 

  0x00000210ee1a294c: ;   {static_stub}
  0x00000210ee1a294c: ff48 bb00 | 0000 0000 

  0x00000210ee1a2954: ;   {runtime_call nmethod}
  0x00000210ee1a2954: 0000 00e9 | fbff ffff 

  0x00000210ee1a295c: ;   {static_stub}
  0x00000210ee1a295c: 48bb 0000 | 0000 0000 

  0x00000210ee1a2964: ;   {runtime_call nmethod}
  0x00000210ee1a2964: 0000 e9fb 

  0x00000210ee1a2968: ;   {static_stub}
  0x00000210ee1a2968: ffff ff48 | bb00 0000 | 0000 0000 

  0x00000210ee1a2974: ;   {runtime_call nmethod}
  0x00000210ee1a2974: 00e9 fbff 

  0x00000210ee1a2978: ;   {static_stub}
  0x00000210ee1a2978: ffff 48bb | 0000 0000 | 0000 0000 

  0x00000210ee1a2984: ;   {runtime_call nmethod}
  0x00000210ee1a2984: e9fb ffff 

  0x00000210ee1a2988: ;   {static_stub}
  0x00000210ee1a2988: ff48 bb00 | 0000 0000 

  0x00000210ee1a2990: ;   {runtime_call nmethod}
  0x00000210ee1a2990: 0000 00e9 | fbff ffff 

  0x00000210ee1a2998: ;   {static_stub}
  0x00000210ee1a2998: 48bb 18a4 | 10fb 1002 

  0x00000210ee1a29a0: ;   {runtime_call I2C/C2I adapters}
  0x00000210ee1a29a0: 0000 e9be 

  0x00000210ee1a29a4: ;   {static_stub}
  0x00000210ee1a29a4: 806a ff48 | bb00 0000 | 0000 0000 

  0x00000210ee1a29b0: ;   {runtime_call nmethod}
  0x00000210ee1a29b0: 00e9 fbff 

  0x00000210ee1a29b4: ;   {static_stub}
  0x00000210ee1a29b4: ffff 48bb | 0000 0000 | 0000 0000 

  0x00000210ee1a29c0: ;   {runtime_call nmethod}
  0x00000210ee1a29c0: e9fb ffff 

  0x00000210ee1a29c4: ;   {static_stub}
  0x00000210ee1a29c4: ff48 bb00 | 0000 0000 

  0x00000210ee1a29cc: ;   {runtime_call nmethod}
  0x00000210ee1a29cc: 0000 00e9 | fbff ffff 

  0x00000210ee1a29d4: ;   {static_stub}
  0x00000210ee1a29d4: 48bb 0000 | 0000 0000 

  0x00000210ee1a29dc: ;   {runtime_call nmethod}
  0x00000210ee1a29dc: 0000 e9fb 

  0x00000210ee1a29e0: ;   {static_stub}
  0x00000210ee1a29e0: ffff ff48 | bb00 0000 | 0000 0000 

  0x00000210ee1a29ec: ;   {runtime_call nmethod}
  0x00000210ee1a29ec: 00e9 fbff 

  0x00000210ee1a29f0: ;   {static_stub}
  0x00000210ee1a29f0: ffff 48bb | 0000 0000 | 0000 0000 

  0x00000210ee1a29fc: ;   {runtime_call nmethod}
  0x00000210ee1a29fc: e9fb ffff 

  0x00000210ee1a2a00: ;   {static_stub}
  0x00000210ee1a2a00: ff48 bb00 | 0000 0000 

  0x00000210ee1a2a08: ;   {runtime_call nmethod}
  0x00000210ee1a2a08: 0000 00e9 | fbff ffff 

  0x00000210ee1a2a10: ;   {static_stub}
  0x00000210ee1a2a10: 48bb 0000 | 0000 0000 

  0x00000210ee1a2a18: ;   {runtime_call nmethod}
  0x00000210ee1a2a18: 0000 e9fb 

  0x00000210ee1a2a1c: ;   {runtime_call ExceptionBlob}
  0x00000210ee1a2a1c: ffff ffe9 | dc4a 6fff 
[Deopt Handler Code]
  0x00000210ee1a2a24: e800 0000 | 0048 832c 

  0x00000210ee1a2a2c: ;   {runtime_call DeoptimizationBlob}
  0x00000210ee1a2a2c: 2405 e96d | 1c6d fff4 | f4f4 f4f4 
[/MachCode]


Compiled method (c2) 50446 8696       4       java.net.URLClassLoader$1::run (5 bytes)
 total in heap  [0x00000210ee206090,0x00000210ee2142d8] = 57928
 relocation     [0x00000210ee2061f0,0x00000210ee2069f8] = 2056
 main code      [0x00000210ee206a00,0x00000210ee20f128] = 34600
 stub code      [0x00000210ee20f128,0x00000210ee20f3a8] = 640
 oops           [0x00000210ee20f3a8,0x00000210ee20f478] = 208
 metadata       [0x00000210ee20f478,0x00000210ee20fb60] = 1768
 scopes data    [0x00000210ee20fb60,0x00000210ee212978] = 11800
 scopes pcs     [0x00000210ee212978,0x00000210ee2137c8] = 3664
 dependencies   [0x00000210ee2137c8,0x00000210ee2139e0] = 536
 handler table  [0x00000210ee2139e0,0x00000210ee2141a8] = 1992
 nul chk table  [0x00000210ee2141a8,0x00000210ee2142d8] = 304

[Constant Pool (empty)]

[MachCode]
[Entry Point]
  # {method} {0x00000210fb6da570} 'run' '()Ljava/lang/Object;' in 'java/net/URLClassLoader$1'
  #           [sp+0x140]  (sp of caller)
  0x00000210ee206a00: 448b 5208 | 49c1 e203 

  0x00000210ee206a08: ;   {runtime_call ic_miss_stub}
  0x00000210ee206a08: 493b c20f | 856f 7d66 | ff66 6690 | 0f1f 8400 | 0000 0000 | 6666 6690 
[Verified Entry Point]
  0x00000210ee206a20: 8984 2400 | 80ff ff55 | 4881 ec30 | 0100 0090 | 4181 7f20 | 1f00 0000 | 0f85 e086 | 0000 4889 
  0x00000210ee206a40: 5424 208b | 4a0c 440f | be51 1045 | 85d2 0f85 | 483f 0000 | 448b 4914 

  0x00000210ee206a58: ; implicit exception: dispatches to 0x00000210ee20dbf4
  0x00000210ee206a58: 418b 590c | 4c8b f14d | 8b97 8803 | 0000 4d8b | 2a85 db0f | 86e2 0300 | 008b fbff | cf3b fb0f 
  0x00000210ee206a78: 834f 3d00 | 008d 73fd | 4d8b c141 | 8079 102e | 0f84 1910 | 0000 83fe | 010f 8e06 | 1900 00bd 
  0x00000210ee206a98: 0100 0000 | 41bb 0100 | 0000 4489 | 9c24 9800 | 0000 8bd3 | 2bd5 83c2 | fd45 33db | 3bf5 410f 
  0x00000210ee206ab8: 4cd3 81fa | a00f 0000 | 41ba a00f | 0000 410f | 47d2 03d5 | eb05 6690 | 418b eb48 | 63c5 450f 
  0x00000210ee206ad8: be5c 0110 | 0f1f 4000 | 4183 fb2e | 0f84 7600 | 0000 450f | be54 0111 | 4183 fa2e | 0f84 5f00 
  0x00000210ee206af8: 0000 450f | be5c 0112 | 4183 fb2e | 0f84 5300 

  0x00000210ee206b08: ;   {no_reloc}
  0x00000210ee206b08: 0000 450f | be54 0113 | 4183 fa2e | 0f84 3c00 | 0000 448d | 5d04 6690 | 443b da7c | ab49 8b97 
  0x00000210ee206b28: 5804 0000 

  0x00000210ee206b2c: ; ImmutableOopMap {r8=Oop r9=NarrowOop rcx=NarrowOop r13=Oop r14=Oop [32]=Oop }
                      ;*if_icmpne {reexecute=1 rethrow=0 return_oop=0}
                      ; - (reexecute) java.lang.StringLatin1::replace@28
                      ; - java.lang.String::replace@18
                      ; - java.net.URLClassLoader$1::run@8
                      ; - java.net.URLClassLoader$1::run@1
                      ;   {poll}
  0x00000210ee206b2c: 83c5 0385 | 0244 3bde | 0f8d 7718 | 0000 418b | eb66 6690 | e965 ffff | ff45 8bcd | c5f9 7ec7 
  0x00000210ee206b4c: c4c1 f97e | c8e9 cc00 | 0000 83c5 | 02ff c5eb | 0383 c502 | 3beb 0f8d | f902 0000 | 81fb 0000 
  0x00000210ee206b6c: 1000 0f87 | 981b 0000 | 4c89 6c24 | 384d 8b97 | b801 0000 | 4863 d348 | 83c2 1748 | 83e2 f84d 
  0x00000210ee206b8c: 8bda 4c03 | da4d 3b9f | c801 0000 | 0f83 6e1b | 0000 4d89 | 9fb8 0100 | 0041 0f0d | 8bc0 0000 
  0x00000210ee206bac: 0049 c702 | 0100 0000 | 410f 0d8b | 0001 0000 

  0x00000210ee206bbc: ;   {metadata({type array byte})}
  0x00000210ee206bbc: 41c7 4208 | 5981 0020 | 4189 5a0c | 410f 0d8b | 4001 0000 | 410f 0d8b | 8001 0000 | 0f1f 8400 
  0x00000210ee206bdc: 0000 0000 | 85ed 0f8e | e200 0000 | 448b dd41 | ffcb 443b | db0f 83e4 | 3e00 0085 | db0f 86dc 
  0x00000210ee206bfc: 3e00 00c4 | c1f9 6ed2 | 410f be51 | 1041 8852 | 1041 83fb | 010f 8eed | 3e00 00ba | d007 0000 
  0x00000210ee206c1c: 41ba 0100 | 0000 8bc5 | 412b c2ff | c845 33ed | 453b da41 | 0f4c c53d | d007 0000 | 0f47 c241 
  0x00000210ee206c3c: 03c2 458b | e9c5 f96e | c7c4 c1f9 | 6ec8 660f | 1f44 0000 | 4963 fa45 | 0fbe 443d | 10c4 c1f9 
  0x00000210ee206c5c: 7ed1 4588 | 4439 1045 | 0fbe 4c3d | 11c4 c1f9 | 7ed0 4588 | 4c38 1141 | 83c2 0244 | 3bd0 7cd4 
  0x00000210ee206c7c: 4d8b 8758 

  0x00000210ee206c80: ; ImmutableOopMap {rcx=NarrowOop r13=NarrowOop r14=Oop xmm1=Oop xmm2=Oop [32]=Oop [56]=Oop }
                      ;*goto {reexecute=1 rethrow=0 return_oop=0}
                      ; - (reexecute) java.lang.StringLatin1::replace@76
                      ; - java.lang.String::replace@18
                      ; - java.net.URLClassLoader$1::run@8
                      ; - java.net.URLClassLoader$1::run@1
                      ;   {poll}
  0x00000210ee206c80: 0400 0041 | 8500 453b | d30f 8cb6 | feff ff45 | 8bcd c5f9 | 7ec7 c4c1 | f97e c80f | 1f44 0000 
  0x00000210ee206ca0: 443b d57d | 2066 6690 | 4963 d245 | 0fbe 5c11 | 10c4 e1f9 | 7ed0 4488 | 5c10 1041 | ffc2 6690 
  0x00000210ee206cc0: 443b d57c | e3c4 c1f9 | 7ed2 3beb | 0f8d 3201 | 0000 3beb | 0f83 7a3b | 0000 660f | 1f44 0000 
  0x00000210ee206ce0: 3bfb 0f83 | 6c3b 0000 | 8bcd ffc1 | 4c63 dd43 | 0fbe 7c19 | 1083 ff2e | 0f84 b60c | 0000 4388 
  0x00000210ee206d00: 7c1a 1044 | 8bdd 41ff | c344 3bd9 | 7d05 418b | ebeb d944 | 3bde 0f8d | bd00 0000 | ffc5 6690 
  0x00000210ee206d20: e992 0000 | 0041 bb2f | 0000 000f | 1f44 0000 | 4588 5c12 | 1141 0fbe | 4c11 120f | 1f44 0000 
  0x00000210ee206d40: 83f9 2e0f | 8459 0000 | 0041 884c | 1212 450f | be5c 1113 | 4183 fb2e | 0f84 3200 | 0000 4588 
  0x00000210ee206d60: 5c12 1383 | c504 3bef | 0f8d 3b00 | 0000 4863 | d545 0fbe | 5c11 1041 | 83fb 2e74 | 1b45 885c 
  0x00000210ee206d80: ;   {no_reloc}
  0x00000210ee206d80: 1210 450f | be5c 1111 | 4183 fb2e | 75a2 eb95 | 41bb 2f00 | 0000 ebc6 | 41bb 2f00 | 0000 6690 
  0x00000210ee206da0: ebdb b92f | 0000 00eb | a04d 8b9f 

  0x00000210ee206dac: ; ImmutableOopMap {r10=Oop r8=Oop r9=NarrowOop r14=Oop [32]=Oop [56]=Oop }
                      ;*goto {reexecute=1 rethrow=0 return_oop=0}
                      ; - (reexecute) java.lang.StringLatin1::replace@113
                      ; - java.lang.String::replace@18
                      ; - java.net.URLClassLoader$1::run@8
                      ; - java.net.URLClassLoader$1::run@1
  0x00000210ee206dac: 5804 0000 

  0x00000210ee206db0: ;   {poll}
  0x00000210ee206db0: 4185 033b | ee7d 258b | fb2b fd83 | c7fd 33c9 | 3bf5 0f4c | f981 ffa0 | 0f00 0041 | bba0 0f00 
  0x00000210ee206dd0: 0041 0f47 | fb03 fdeb | 9541 8beb | 0f1f 4000 | 3beb 7d20 | 4c63 dd47 | 0fbe 4419 | 1041 83f8 
  0x00000210ee206df0: 2e0f 848e | 0c00 0047 | 8844 1a10 | ffc5 6690 | 3beb 7ce0 | 4d8b 9fb8 | 0100 004d | 8bc3 4983 
  0x00000210ee206e10: c018 4d3b | 87c8 0100 | 000f 8366 | 1900 004d | 8987 b801 | 0000 410f | 0d88 c000 | 0000 49c7 
  0x00000210ee206e30: 0301 0000 

  0x00000210ee206e34: ;   {metadata('java/lang/String')}
  0x00000210ee206e34: 0041 c743 | 0812 8400 | 2045 8963 | 0c4d 8963 | 104d 8bc2 | 4589 4314 | 4c8b 6c24 | 38eb 1441 
  0x00000210ee206e54: ba01 0000 | 0044 8994 | 2498 0000 | 004d 8bd1 | 4d8b de41 | 8b4a 0c85 | c90f 864b | 0b00 0045 
  0x00000210ee206e74: 0fbe 4310 | c462 3af7 | c949 63f1 | 4183 f801 | 0f84 f23c | 0000 4585 | c90f 8c7c | 3c00 0048 
  0x00000210ee206e94: 8d46 068b | e80f 1f80 | 0000 0000 | 85ed 0f8c | 8c3c 0000 | 488b d848 | c1fb 208b | fbc4 e241 
  0x00000210ee206eb4: f7fd 85ff | 0f8c ea3c | 0000 6690 | 81ff 0000 | 1000 0f87 | 2839 0000 | 4863 d781 | ff00 0010 
  0x00000210ee206ed4: 000f 8771 | 1700 0049 | 8b9f b801 | 0000 4883 | c217 4883 | e2f8 488b | eb48 03ea | 493b afc8 
  0x00000210ee206ef4: 0100 000f | 834f 1700 | 0049 89af | b801 0000 | 0f0d 8dc0 | 0000 0048 | c703 0100 | 0000 0f0d 
  0x00000210ee206f14: 8d00 0100 

  0x00000210ee206f18: ;   {metadata({type array byte})}
  0x00000210ee206f18: 00c7 4308 | 5981 0020 | 897b 0c0f | 0d8d 4001 | 0000 0f0d | 8d80 0100 | 0041 8d51 | 063b fa0f 
  0x00000210ee206f38: 82bf 3800 | 0049 63d1 | 4585 c90f | 8f48 0a00 | 00c6 4413 | 102e c644 | 1311 63c6 | 4413 126c 
  0x00000210ee206f58: c644 1313 | 61c6 4413 | 1473 c644 | 1315 7345 | 85c0 0f85 | e03b 0000 | 3bf9 0f82 | b438 0000 
  0x00000210ee206f78: 85c9 7629 | 4983 c210 | 488b d348 | 83c2 104c | 63c1 498b | cac5 f877 | 49ba 4097 | 85ed 1002 
  0x00000210ee206f98: 0000 41ff 

  0x00000210ee206f9c: ;   {other}
  0x00000210ee206f9c: d20f 1f84 | 0000 0000 | 0049 8b87 | b801 0000 | 4c8b d049 | 83c2 1866 | 0f1f 8400 | 0000 0000 
  0x00000210ee206fbc: 6666 6690 | 4d3b 97c8 | 0100 000f | 8302 1700 | 004d 8997 | b801 0000 | 410f 0d8a | c000 0000 
  0x00000210ee206fdc: 48c7 0001 

  0x00000210ee206fe0: ;   {metadata('java/lang/String')}
  0x00000210ee206fe0: 0000 00c7 | 4008 1284 | 0020 4489 | 600c 4489 | 6010 4c8b | d344 8950 | 144c 8b54 | 2420 458b 
  0x00000210ee207000: 5210 458b | 5a54 4585 | db0f 849d | 3700 004c | 89ac 24a0 | 0000 0049 | 8bd3 4c8b | c045 33c9 
  0x00000210ee207020: ;   {optimized virtual_call}
  0x00000210ee207020: c5f8 77e8 

  0x00000210ee207024: ; ImmutableOopMap {[32]=Oop [160]=Oop }
                      ;*invokevirtual getResource {reexecute=0 rethrow=0 return_oop=1}
                      ; - java.net.URLClassLoader$1::run@26
                      ; - java.net.URLClassLoader$1::run@1
  0x00000210ee207024: d8b7 e2ff 

  0x00000210ee207028: ;   {other}
  0x00000210ee207028: 0f1f 8400 | 980f 0003 | 4889 8424 | a800 0000 | 0f1f 8400 | 0000 0000 | 4885 c00f | 84a4 0100 
  0x00000210ee207048: 004c 8b54 | 2420 458b | 5a10 4489 | 5c24 4045 | 8b52 0c44 | 8954 2444 | 4585 db0f | 849c 3800 
  0x00000210ee207068: 00c5 f877 | 49ba 2025 | 677d ff7f | 0000 41ff 

  0x00000210ee207078: ;   {other}
  0x00000210ee207078: d20f 1f84 | 0000 0000 | 0048 8944 | 2430 448b | 5c24 4445 | 8b4b 1445 | 8b41 0c45 | 8bd3 450f 
  0x00000210ee207098: be5a 10c4 | c222 f7c8 | 448b d141 | ffca 4585 | db0f 8565 | 3d00 0041 | 8bd8 ffcb | 413b da41 
  0x00000210ee2070b8: 0f4f da44 | 8b5c 2444 | 498b d349 | 8bf9 85db | 0f8c 1701 | 0000 4585 | c00f 864d | 3800 0066 
  0x00000210ee2070d8: 0f1f 8400 | 0000 0000 | 413b d80f | 833b 3800 | 0085 db0f | 8e5a 3900 | 0044 8bd3 | 41ff ca4c 
  0x00000210ee2070f8: 8bea 410f | be6c 1910 | 83fd 2e0f | 8487 0900 | 00ff cb41 | 3bda 7fea | 83fb 020f | 8ea4 0000 
  0x00000210ee207118: 0044 8d53 | fe33 d283 | fb02 440f | 4cd2 4181 | faa0 0f00 | 00ba a00f | 0000 440f | 47d2 8bd3 
  0x00000210ee207138: 412b d20f | 1f44 0000 | 4c63 db47 | 0fbe 5419 | 1041 83fa | 2e0f 84a1 | 0000 0047 | 0fbe 5c19 
  0x00000210ee207158: 0f0f 1f80 | 0000 0000 | 4183 fb2e | 0f84 8f00 | 0000 448d | 5bfe 430f | be74 1910 | 83fe 2e0f 
  0x00000210ee207178: ;   {no_reloc}
  0x00000210ee207178: 8482 0000 | 0044 8d5b | fd47 0fbe | 5419 1041 | 83fa 2e0f | 846e 0000 | 0083 c3fc | 3bda 7fa8 
  0x00000210ee207198: 498b af58 | 0400 004c | 8b9c 24a8 | 0000 008b | 7424 4049 | 8bd5 498b 

  0x00000210ee2071b0: ; ImmutableOopMap {r9=NarrowOop rdi=Oop rdx=Oop rsi=NarrowOop rax=Oop r13=Oop [32]=Oop [64]=NarrowOop [68]=NarrowOop [160]=Oop [168]=Oop }
                      ;*goto {reexecute=1 rethrow=0 return_oop=0}
                      ; - (reexecute) java.lang.StringLatin1::lastIndexOf@35
                      ; - java.lang.String::lastIndexOf@13
                      ; - java.lang.String::lastIndexOf@8
                      ; - java.net.URLClassLoader::defineClass@7
                      ; - java.net.URLClassLoader$1::run@43
                      ; - java.net.URLClassLoader$1::run@1
                      ;   {poll}
  0x00000210ee2071b0: c385 4500 | 83fb 020f | 8f5c ffff | ff66 6690 | 83fb ff7e | 1d45 0fbe | 5c19 1041 | 83fb 2e0f 
  0x00000210ee2071d0: 84d0 4000 | 00ff cb83 | fbff 7fe9 | 498b d590 | eb03 498b | d541 bbff | ffff ffeb | 1533 c0e9 
  0x00000210ee2071f0: 8407 0000 | 448b dbeb | 0644 8bdb | 41ff cb49 | 8bd5 4c8b | 9424 a800 | 0000 458b 

  0x00000210ee20720c: ;   {metadata('jdk/internal/loader/URLClassPath$JarLoader$2')}
  0x00000210ee20720c: 5208 4181 | faf8 2f01 | 200f 85ea | 0800 0048 | 8954 2428 | 488b 9c24 | a800 0000 | 8b53 2044 
  0x00000210ee20722c: 8b52 1c4d | 8bea 8b54 | 2440 4c8b | f20f 1f80 | 0000 0000 | 4183 fbff | 0f84 9503 | 0000 4585 
  0x00000210ee20724c: db0f 8c05 | 3c00 0044 | 3bd9 0f8f | 403c 0000 | 0f1f 4000 | 443b d90f | 842f 0800 | 0045 85db 
  0x00000210ee20726c: 0f84 6711 | 0000 498b | 9fb8 0100 | 0048 8bcb | 4883 c118 | 493b 8fc8 | 0100 000f | 8358 1500 
  0x00000210ee20728c: 0049 898f | b801 0000 | 0f0d 89c0 | 0000 0048 | c703 0100 

  0x00000210ee2072a0: ;   {metadata('java/lang/String')}
  0x00000210ee2072a0: 0000 c743 | 0812 8400 | 2044 8963 | 0c4c 8963 | 1049 8d51 | 1045 3bd8 | 0f85 e100 | 0000 4d63 
  0x00000210ee2072c0: d841 81f8 | 0000 1000 | 0f87 1717 | 0000 4889 | 5424 6048 | 895c 2458 | 4c89 7424 | 504c 896c 
  0x00000210ee2072e0: 2448 4489 | 5424 3c48 | 8bef 4489 | 4c24 3849 | 8b9f b801 | 0000 4c89 | 5c24 6849 | 83c3 1749 
  0x00000210ee207300: 83e3 f84c | 8bd3 4d03 | d34d 3b97 | c801 0000 | 0f83 f516 | 0000 4d89 | 97b8 0100 | 0041 0f0d 
  0x00000210ee207320: 8ac0 0000 | 0048 c703 | 0100 0000 | 410f 0d8a | 0001 0000 

  0x00000210ee207334: ;   {metadata({type array byte})}
  0x00000210ee207334: c743 0859 | 8100 2044 | 8943 0c41 | 0f0d 8a40 | 0100 0041 | 0f0d 8a80 | 0100 0048 | 8bd3 4883 
  0x00000210ee207354: c210 4c8b | 4424 6849 | 83c0 0749 | c1e8 0348 | 8b4c 2460 | c5f8 7749 | bae0 9d85 | ed10 0200 
  0x00000210ee207374: 0041 ffd2 

  0x00000210ee207378: ;   {other}
  0x00000210ee207378: 0f1f 8400 | 0000 0000 | 4c8b db44 | 8b54 243c | 4c8b 6c24 | 484c 8b74 | 2450 488b | 5c24 5849 
  0x00000210ee207398: 8bf3 e9fc | 0000 0090 | 4181 fb00 | 0010 000f | 87bd 3800 | 0049 63cb | 453b c341 | 8be8 410f 
  0x00000210ee2073b8: 4feb 660f | 1f44 0000 | 443b c50f | 82bc 3900 | 0044 3bdd | 0f82 b339 | 0000 4883 | c117 4c8b 
  0x00000210ee2073d8: c149 83e0 | f866 6690 | 4181 fb00 | 0010 000f | 8784 1400 | 0049 8bb7 | b801 0000 | 4c8b ce4d 
  0x00000210ee2073f8: 03c8 660f | 1f44 0000 | 4d3b 8fc8 | 0100 000f | 8364 1400 | 004d 898f | b801 0000 | 410f 0d89 
  0x00000210ee207418: c000 0000 | 48c7 0601 | 0000 0041 | 0f0d 8900 

  0x00000210ee207428: ;   {metadata({type array byte})}
  0x00000210ee207428: 0100 00c7 | 4608 5981 | 0020 4489 | 5e0c 410f | 0d89 4001 | 0000 410f | 0d89 8001 | 0000 4c8b 
  0x00000210ee207448: ce49 83c1 | 1048 c1e9 | 0385 ed0f | 8419 3800 | 000f 1f80 | 0000 0000 | 413b eb0f | 8c2f 1000 
  0x00000210ee207468: 0048 8bfb | 418b da49 | 83c0 f049 | c1e8 0348 | 8bca 498b | d1c5 f877 | 49ba e09d | 85ed 1002 
  0x00000210ee207488: 0000 41ff 

  0x00000210ee20748c: ;   {other}
  0x00000210ee20748c: d20f 1f84 | 0000 0000 | 0044 8bd3 | 488b df0f | 1f44 0000 | 4180 7f40 | 000f 853d | 0f00 004c 
  0x00000210ee2074ac: 8bdb 4c8b | c644 8943 | 144c 8bc6 | 4d33 c349 | c1e8 1490 | 4d85 c074 | 1a49 c1eb | 0948 b900 
  0x00000210ee2074cc: 0093 f510 | 0200 0049 | 03cb 8039 | 020f 8540 | 0f00 0044 | 8863 1048 | 895c 2458 | 4c8b 9c24 
  0x00000210ee2074ec: a800 0000 | 458b 5b08 | 0f1f 8400 | 0000 0000 | 6666 6690 

  0x00000210ee207500: ;   {metadata('jdk/internal/loader/URLClassPath$JarLoader$2')}
  0x00000210ee207500: 4181 fbf8 | 2f01 200f | 8577 0e00 | 004c 8974 | 2448 4c89 | 6c24 3841 | 8bea 488b | 9424 a800 
  0x00000210ee207520: 0000 4889 | 5424 5090 

  0x00000210ee207528: ;   {optimized virtual_call}
  0x00000210ee207528: c5f8 77e8 

  0x00000210ee20752c: ; ImmutableOopMap {rbp=NarrowOop [32]=Oop [40]=Oop [56]=Oop [64]=NarrowOop [68]=NarrowOop [72]=Oop [80]=Oop [88]=Oop [160]=Oop [168]=Oop }
                      ;*invokevirtual getManifest {reexecute=0 rethrow=0 return_oop=1}
                      ; - java.net.URLClassLoader::defineClass@34
                      ; - java.net.URLClassLoader$1::run@43
                      ; - java.net.URLClassLoader$1::run@1
  0x00000210ee20752c: d062 2800 

  0x00000210ee207530: ;   {other}
  0x00000210ee207530: 0f1f 8400 | a014 0005 | 448b d54c | 8b74 2448 | 4889 4424 | 604c 8974 | 2450 4489 | 5424 4849 
  0x00000210ee207550: 8bd6 4c8b | 4424 588b | 6c24 4890 

  0x00000210ee20755c: ;   {optimized virtual_call}
  0x00000210ee20755c: c5f8 77e8 

  0x00000210ee207560: ; ImmutableOopMap {rbp=NarrowOop [32]=Oop [40]=Oop [56]=Oop [64]=NarrowOop [68]=NarrowOop [72]=NarrowOop [80]=Oop [88]=Oop [96]=Oop [160]=Oop [168]=Oop }
                      ;*invokevirtual getDefinedPackage {reexecute=0 rethrow=0 return_oop=1}
                      ; - java.net.URLClassLoader::getAndVerifyPackage@2
                      ; - java.net.URLClassLoader::defineClass@46
                      ; - java.net.URLClassLoader$1::run@43
                      ; - java.net.URLClassLoader$1::run@1
  0x00000210ee207560: fcee d2ff 

  0x00000210ee207564: ;   {other}
  0x00000210ee207564: 0f1f 8400 | d414 0006 | 4885 c00f | 84b0 0400 | 0044 8b58 | 1045 8b53 | 1c66 6690 | 4585 d20f 
  0x00000210ee207584: 85ad 3900 | 0044 8b50 | 1441 8b6a | 2485 ed0f | 85d7 3900 | 004c 8b54 | 2460 6690 | 4d85 d274 
  0x00000210ee2075a4: 2b48 8b54 | 2450 4c8b | 4424 584d | 8bca 4889 | 4424 6890 

  0x00000210ee2075b8: ;   {optimized virtual_call}
  0x00000210ee2075b8: c5f8 77e8 

  0x00000210ee2075bc: ; ImmutableOopMap {[32]=Oop [40]=Oop [56]=Oop [64]=NarrowOop [68]=NarrowOop [72]=NarrowOop [80]=Oop [88]=Oop [96]=Oop [104]=Oop [160]=Oop [168]=Oop }
                      ;*invokevirtual isSealed {reexecute=0 rethrow=0 return_oop=0}
                      ; - java.net.URLClassLoader::getAndVerifyPackage@68
                      ; - java.net.URLClassLoader::defineClass@46
                      ; - java.net.URLClassLoader$1::run@43
                      ; - java.net.URLClassLoader$1::run@1
  0x00000210ee2075bc: 00db e9ff 

  0x00000210ee2075c0: ;   {other}
  0x00000210ee2075c0: 0f1f 8400 | 3015 0007 | 85c0 0f85 | d439 0000 | 448b 5424 | 484c 8b6c | 2438 4c8b | 7424 5048 
  0x00000210ee2075e0: 8d9c 2420 | 0100 004c | 8b84 24a8 | 0000 0049 | 8b00 a802 | 0f85 2300 | 0000 4883 | c801 4889 
  0x00000210ee207600: 03f0 490f | b118 0f84 | 3700 0000 | 482b c448 | 2507 f0ff | ff48 8903 | e924 0000 | 004c 8bd8 
  0x00000210ee207620: 4833 c0f0 | 4d0f b17b | 3e48 c703 | 0300 0000 | 7411 4c3b | f875 1549 | ff83 8600 | 0000 4833 
  0x00000210ee207640: c075 0949 | ff87 5005 | 0000 33c0 | 0f85 6e33 | 0000 4c8b | 9c24 a800 | 0000 458b | 4308 6690 
  0x00000210ee207660: 453b 630c | 0f85 c000 

  0x00000210ee207668: ;   {metadata('jdk/internal/loader/URLClassPath$JarLoader$2')}
  0x00000210ee207668: 0000 4181 | f8f8 2f01 | 200f 850e | 0500 0049 | 8bcb 448b | 5920 6690 

  0x00000210ee207680: ; implicit exception: dispatches to 0x00000210ee20dd84
  0x00000210ee207680: 458b 4b18 | 8b69 1c45 | 85c9 0f84 | 4437 0000 | 4489 4424 | 3c4c 8974 | 2450 4c89 | 6c24 4844 
  0x00000210ee2076a0: 8954 2438 | 498b d14c | 8bc5 488b | e966 6690 

  0x00000210ee2076b0: ;   {optimized virtual_call}
  0x00000210ee2076b0: c5f8 77e8 

  0x00000210ee2076b4: ; ImmutableOopMap {rbp=Oop [32]=Oop [40]=Oop [56]=NarrowOop [64]=NarrowOop [68]=NarrowOop [72]=Oop [80]=Oop [168]=Oop }
                      ;*invokevirtual getInputStream {reexecute=0 rethrow=0 return_oop=1}
                      ; - jdk.internal.loader.URLClassPath$JarLoader$2::getInputStream@11
                      ; - jdk.internal.loader.Resource::cachedInputStream@9
                      ; - jdk.internal.loader.Resource::getByteBuffer@1
                      ; - java.net.URLClassLoader::defineClass@132
                      ; - java.net.URLClassLoader$1::run@43
                      ; - java.net.URLClassLoader$1::run@1
  0x00000210ee2076b4: 48f3 1500 

  0x00000210ee2076b8: ;   {other}
  0x00000210ee2076b8: 0f1f 8400 | 2816 0008 | 488b d849 | b900 0093 | f510 0200 | 0041 807f | 4000 0f85 | 9e0e 0000 
  0x00000210ee2076d8: 4c8b 9424 | a800 0000 | 4c8b c34c | 8b9c 24a8 | 0000 0045 | 8943 0c4c | 8bdb 4d33 | da49 c1eb 
  0x00000210ee2076f8: 144d 85db | 7418 6690 | 4885 db74 | 1149 c1ea | 094d 03ca | 4180 3902 | 0f85 9b0e | 0000 448b 
  0x00000210ee207718: 5424 384c | 8b6c 2448 | 4c8b 7424 | 5044 8b44 | 243c 4c8b | 9c24 a800 | 0000 418b | 6b0c 488d 
  0x00000210ee207738: 8424 2001 | 0000 4c8b | 8c24 a800 | 0000 4883 | 3800 0f84 | 7900 0000 | 4d8b 1941 | f6c3 020f 
  0x00000210ee207758: 8462 0000 | 0049 83bb | 8600 0000 | 0074 0949 | ff8b 8600 | 0000 eb4b | 498b 8396 | 0000 0049 
  0x00000210ee207778: 0b83 8e00 | 0000 750a | 49c7 433e | 0000 0000 | eb3d 4983 | bb9e 0000 | 0000 7422 | 4833 c049 
  0x00000210ee207798: c743 3e00 | 0000 00f0 | 8304 2400 | 4983 bb9e | 0000 0000 | 750d f04d | 0fb1 7b3e 

  0x00000210ee2077b4: ;   {no_reloc}
  0x00000210ee2077b4: 7505 83c8 | 01eb 0ca8 | 00eb 084c | 8b18 f04d | 0fb1 1975 | 0a49 ff8f | 5005 0000 | 4533 db0f 
  0x00000210ee2077d4: 85af 3200 | 0044 8b5d 

  0x00000210ee2077dc: ;   {metadata('sun/nio/ByteBuffered')}
  0x00000210ee2077dc: 0848 b818 | 8a09 0001 | 0000 0048 | 33f6 4a8d | 34de 4c8b | 5e20 4c3b | d80f 8465 | 3100 0048 
  0x00000210ee2077fc: 33ff 4c8b | 9ea0 0000 | 0049 8bd3 | 48c1 e230 | 0f89 2100 | 0000 f348 | 0fb8 d248 | 8b5e 2848 
  0x00000210ee20781c: 3b04 d374 | 1549 0fba | e310 730b | 49c1 cb0f 

  0x00000210ee20782c: ;   {runtime_call StubRoutines (compiler stubs)}
  0x00000210ee20782c: e826 a568 | ffeb 0348 | ffc7 4885 | ff0f 8421 | 3100 0090 

  0x00000210ee207840: ;   {metadata('jdk/internal/loader/URLClassPath$JarLoader$2')}
  0x00000210ee207840: 4181 f8f8 | 2f01 200f | 85e2 0200 | 004c 8974 | 2448 498b | ed44 8954 | 2438 488b | 9424 a800 
  0x00000210ee207860: 0000 4889 | 5424 5090 

  0x00000210ee207868: ;   {optimized virtual_call}
  0x00000210ee207868: c5f8 77e8 

  0x00000210ee20786c: ; ImmutableOopMap {rbp=Oop [32]=Oop [40]=Oop [56]=NarrowOop [64]=NarrowOop [68]=NarrowOop [72]=Oop [80]=Oop [168]=Oop }
                      ;*invokevirtual getBytes {reexecute=0 rethrow=0 return_oop=1}
                      ; - java.net.URLClassLoader::defineClass@179
                      ; - java.net.URLClassLoader$1::run@43
                      ; - java.net.URLClassLoader$1::run@1
  0x00000210ee20786c: 70d0 eeff 

  0x00000210ee207870: ;   {other}
  0x00000210ee207870: 0f1f 8400 | e017 0009 | 4889 4424 | 584c 8b9c | 24a8 0000 | 0045 8b53 

  0x00000210ee207888: ;   {metadata('jdk/internal/loader/URLClassPath$JarLoader$2')}
  0x00000210ee207888: 0841 81fa | f82f 0120 | 0f85 d802 | 0000 4c89 | 5c24 5049 | 8bd3 6690 

  0x00000210ee2078a0: ;   {optimized virtual_call}
  0x00000210ee2078a0: c5f8 77e8 

  0x00000210ee2078a4: ; ImmutableOopMap {rbp=Oop [32]=Oop [40]=Oop [56]=NarrowOop [64]=NarrowOop [68]=NarrowOop [72]=Oop [80]=Oop [88]=Oop }
                      ;*invokevirtual getCodeSigners {reexecute=0 rethrow=0 return_oop=1}
                      ; - java.net.URLClassLoader::defineClass@185
                      ; - java.net.URLClassLoader$1::run@43
                      ; - java.net.URLClassLoader$1::run@1
  0x00000210ee2078a4: 387b 2800 

  0x00000210ee2078a8: ;   {other}
  0x00000210ee2078a8: 0f1f 8400 | 1818 000a | 4c8b 5c24 | 504c 8bc0 | 498b 87b8 | 0100 004c | 8bd0 4983 | c228 4d3b 
  0x00000210ee2078c8: 97c8 0100 | 000f 83e2 | 0e00 004d | 8997 b801 | 0000 410f | 0d8a c000 | 0000 48c7 | 0001 0000 
  0x00000210ee2078e8: ;   {metadata('java/security/CodeSource')}
  0x00000210ee2078e8: 00c7 4008 | 63ab 0020 | 4489 600c | 4c89 6010 | 4c89 6018 | 4c89 6020 | 4c89 5c24 | 504c 8944 
  0x00000210ee207908: 2460 4889 | 4424 3848 | 8bd0 4c8b | c54c 8b4c | 2460 6690 

  0x00000210ee20791c: ;   {optimized virtual_call}
  0x00000210ee20791c: c5f8 77e8 

  0x00000210ee207920: ; ImmutableOopMap {[32]=Oop [40]=Oop [56]=Oop [64]=NarrowOop [68]=NarrowOop [72]=Oop [80]=Oop [88]=Oop }
                      ;*invokespecial <init> {reexecute=0 rethrow=0 return_oop=0}
                      ; - java.net.URLClassLoader::defineClass@198
                      ; - java.net.URLClassLoader$1::run@43
                      ; - java.net.URLClassLoader$1::run@1
  0x00000210ee207920: 3c55 2800 

  0x00000210ee207924: ;   {other}
  0x00000210ee207924: 0f1f 8400 | 9418 000b 

  0x00000210ee20792c: ;   {oop(a 'jdk/internal/perf/PerfCounter'{0x0000000080c7c448})}
  0x00000210ee20792c: 48ba 48c4 | c780 0000 | 0000 4c8b | 4424 3090 

  0x00000210ee20793c: ;   {optimized virtual_call}
  0x00000210ee20793c: c5f8 77e8 

  0x00000210ee207940: ; ImmutableOopMap {[32]=Oop [40]=Oop [56]=Oop [64]=NarrowOop [68]=NarrowOop [72]=Oop [80]=Oop [88]=Oop }
                      ;*invokevirtual addElapsedTimeFrom {reexecute=0 rethrow=0 return_oop=0}
                      ; - java.net.URLClassLoader::defineClass@207
                      ; - java.net.URLClassLoader$1::run@43
                      ; - java.net.URLClassLoader$1::run@1
  0x00000210ee207940: fc5f d2ff 

  0x00000210ee207944: ;   {other}
  0x00000210ee207944: 0f1f 8400 | b418 000c | 4c8b 4c24 | 5841 8b71 | 0c48 8b54 | 2448 4c8b | 4424 2833 | ff48 8b4c 
  0x00000210ee207964: 2438 6690 

  0x00000210ee207968: ;   {optimized virtual_call}
  0x00000210ee207968: c5f8 77e8 

  0x00000210ee20796c: ; ImmutableOopMap {[32]=Oop [80]=Oop }
                      ;*invokevirtual defineClass {reexecute=0 rethrow=0 return_oop=1}
                      ; - java.net.URLClassLoader::defineClass@220
                      ; - java.net.URLClassLoader$1::run@43
                      ; - java.net.URLClassLoader$1::run@1
  0x00000210ee20796c: b07a f9ff 

  0x00000210ee207970: ;   {other}
  0x00000210ee207970: 0f1f 8400 | e018 000d | c5f8 7748 | 81c4 3001 

  0x00000210ee207980: ;   {poll_return}
  0x00000210ee207980: 0000 5d49 | 3ba7 5004 | 0000 0f87 | 7877 0000 | c3c6 4413 | 1573 c644 | 1314 73c6 | 4413 1361 
  0x00000210ee2079a0: c644 1312 | 6cc6 4413 | 1163 c644 | 1310 2ee9 | b3f5 ffff | bf2f 0000 | 00e9 40f3 | ffff 498b 
  0x00000210ee2079c0: 87b8 0100 | 004c 8bd0 | 4983 c218 | 4d3b 97c8 | 0100 000f | 836c 1000 | 004d 8997 | b801 0000 
  0x00000210ee2079e0: 410f 0d8a | c000 0000 | 48c7 0001 

  0x00000210ee2079ec: ;   {metadata('java/lang/String')}
  0x00000210ee2079ec: 0000 00c7 | 4008 1284 | 0020 4489 | 600c 4489 

  0x00000210ee2079fc: ;   {oop([B{0x00000000804de318})}
  0x00000210ee2079fc: 6010 c740 | 1418 e34d 

  0x00000210ee207a04: ;   {oop(".class"{0x0000000080c7b2b0})}
  0x00000210ee207a04: 8049 bab0 | b2c7 8000 | 0000 0045 | 8b5a 0c44 | 8958 0c45 | 0fb6 5a11 | 4488 5811 | e9d4 f5ff 
  0x00000210ee207a24: ;   {metadata('java/lang/IllegalArgumentException')}
  0x00000210ee207a24: ff48 bdf0 | f307 0001 | 0000 004c | 8b54 2460 | 4d85 d20f | 847f 0000 | 0048 8b54 | 2450 4c8b 
  0x00000210ee207a44: 4424 584d | 8bca 488b | 7c24 384c | 8b94 24a8 | 0000 004c | 8954 2468 

  0x00000210ee207a5c: ;   {optimized virtual_call}
  0x00000210ee207a5c: c5f8 77e8 

  0x00000210ee207a60: ; ImmutableOopMap {[32]=Oop [40]=Oop [56]=Oop [64]=NarrowOop [68]=NarrowOop [72]=NarrowOop [80]=Oop [88]=Oop [96]=Oop [104]=Oop [160]=Oop [168]=Oop }
                      ;*invokevirtual definePackage {reexecute=0 rethrow=0 return_oop=1}
                      ; - java.net.URLClassLoader::defineClass@64
                      ; - java.net.URLClassLoader$1::run@43
                      ; - java.net.URLClassLoader$1::run@1
  0x00000210ee207a60: bcd3 5ef8 

  0x00000210ee207a64: ;   {other}
  0x00000210ee207a64: 0f1f 8400 | d419 000e | 448b 5424 | 484c 8b6c | 2438 4c8b | 7424 500f | 1f44 0000 | e95a fbff 
  0x00000210ee207a84: ff41 b82f | 0000 00e9 | 67f3 ffff | 448b dbe9 | 67f7 ffff | 4c8b 5c24 | 284c 895c | 2458 e941 
  0x00000210ee207aa4: faff ff33 | ed41 bb01 | 0000 0044 | 899c 2498 | 0000 00e9 | a4f0 ffff | 488b 5424 | 504c 8b44 
  0x00000210ee207ac4: 2458 4533 | c933 ff33 | f633 c945 | 33d2 4c89 | 1424 4c89 | 5424 084c | 8954 2410 | 4c8b 9424 
  0x00000210ee207ae4: a800 0000 | 4c89 5424 | 6866 6690 

  0x00000210ee207af0: ;   {optimized virtual_call}
  0x00000210ee207af0: c5f8 77e8 

  0x00000210ee207af4: ; ImmutableOopMap {[32]=Oop [40]=Oop [56]=Oop [64]=NarrowOop [68]=NarrowOop [72]=NarrowOop [80]=Oop [88]=Oop [104]=Oop [160]=Oop [168]=Oop }
                      ;*invokevirtual definePackage {reexecute=0 rethrow=0 return_oop=1}
                      ; - java.net.URLClassLoader::defineClass@81
                      ; - java.net.URLClassLoader$1::run@43
                      ; - java.net.URLClassLoader$1::run@1
  0x00000210ee207af4: c8b7 5ef8 

  0x00000210ee207af8: ;   {other}
  0x00000210ee207af8: 0f1f 8400 | 681a 000f | e967 ffff 

  0x00000210ee207b04: ;   {metadata('jdk/internal/loader/URLClassPath$FileLoader$1')}
  0x00000210ee207b04: ff41 81fa | 3ebc 0520 | 0f85 b739 | 0000 4889 | 5424 284c | 8b94 24a8 | 0000 0049 | 8bda 448b 
  0x00000210ee207b24: 531c 458b | 520c e900 | f7ff ff4c | 8974 2448 | 498b ed44 | 8954 2438 | 488b 9424 | a800 0000 
  0x00000210ee207b44: 4889 5424 | 6090 c5f8 | 7748 b8f0 | e12d 0001 

  0x00000210ee207b54: ;   {virtual_call}
  0x00000210ee207b54: 0000 00e8 

  0x00000210ee207b58: ; ImmutableOopMap {rbp=Oop [32]=Oop [40]=Oop [56]=NarrowOop [64]=NarrowOop [68]=NarrowOop [72]=Oop [96]=Oop [168]=Oop }
                      ;*invokevirtual getBytes {reexecute=0 rethrow=0 return_oop=1}
                      ; - java.net.URLClassLoader::defineClass@179
                      ; - java.net.URLClassLoader$1::run@43
                      ; - java.net.URLClassLoader$1::run@1
  0x00000210ee207b58: 642b e2ff 

  0x00000210ee207b5c: ;   {other}
  0x00000210ee207b5c: 0f1f 8400 | cc1a 0010 | 4889 4424 | 58e9 0ffd 

  0x00000210ee207b6c: ;   {metadata('jdk/internal/loader/URLClassPath$FileLoader$1')}
  0x00000210ee207b6c: ffff 4181 | fa3e bc05 | 200f 8591 | 3900 0045 | 33c0 6690 | e933 fdff 

  0x00000210ee207b84: ;   {metadata('jdk/internal/loader/URLClassPath$FileLoader$1')}
  0x00000210ee207b84: ff41 81f8 | 3ebc 0520 | 0f85 633a | 0000 4d8b | cb49 8b87 | b801 0000 | 4c8b d849 | 83c3 304d 
  0x00000210ee207ba4: 3b9f c801 | 0000 0f83 | 4034 0000 | 4d89 9fb8 | 0100 0041 | 0f0d 8bc0 | 0000 0048 | c700 0100 
  0x00000210ee207bc4: ;   {metadata('java/io/FileInputStream')}
  0x00000210ee207bc4: 0000 c740 | 08ba e100 | 2044 8960 | 0c4c 8960 | 104c 8960 | 184c 8960 | 204c 8960 | 2848 8bd8 
  0x00000210ee207be4: 418b 7918 | 498b 87b8 | 0100 004c | 8bd8 4983 | c310 6666 | 0f1f 8400 | 0000 0000 | 4d3b 9fc8 
  0x00000210ee207c04: 0100 000f | 837f 3400 | 004d 899f | b801 0000 | 410f 0d8b | c000 0000 | 48c7 0001 

  0x00000210ee207c20: ;   {metadata('java/lang/Object')}
  0x00000210ee207c20: 0000 00c7 | 4008 6d82 | 0020 4489 | 600c 488b | d34c 8bd8 | 4489 5b1c | 4c8b d84c | 33da 49c1 
  0x00000210ee207c40: eb14 4d85 | db74 2248 | c1ea 0948 | b900 0093 | f510 0200 | 0048 03ca | 0f1f 8400 | 0000 0000 
  0x00000210ee207c60: 8039 020f | 85eb 1b00 | 0049 8b87 | b801 0000 | 4c8b d849 | 83c3 3066 | 0f1f 8400 | 0000 0000 
  0x00000210ee207c80: 4d3b 9fc8 | 0100 000f | 83d8 3400 | 004d 899f | b801 0000 | 410f 0d8b | c000 0000 | 48c7 0001 
  0x00000210ee207ca0: ;   {metadata('java/io/NioChannelCleanable')}
  0x00000210ee207ca0: 0000 00c7 | 4008 9ee3 | 0020 4489 | 600c 4c89 | 6010 4c89 | 6018 4c89 | 6020 4c89 | 6028 448b 
  0x00000210ee207cc0: 9c24 9800 | 0000 4489 | 5c24 584c | 8b9c 24a0 | 0000 004c | 895c 2460 | 4489 5424 | 384c 896c 
  0x00000210ee207ce0: 2448 4c89 | 7424 5044 | 8944 243c | 4c89 4c24 | 6848 8beb | 897c 245c | 4c8b d04c | 8954 2470 
  0x00000210ee207d00: 498b d24c 

  0x00000210ee207d04: ;   {oop(a 'java/lang/ref/Cleaner'{0x0000000080a32740})}
  0x00000210ee207d04: 8bc5 49b9 | 4027 a380 | 0000 0000 | 4c8b 9424 | a800 0000 | 4c89 9424 | 8800 0000 

  0x00000210ee207d20: ;   {optimized virtual_call}
  0x00000210ee207d20: c5f8 77e8 

  0x00000210ee207d24: ; ImmutableOopMap {rbp=Oop [32]=Oop [40]=Oop [56]=NarrowOop [64]=NarrowOop [68]=NarrowOop [72]=Oop [80]=Oop [92]=NarrowOop [96]=Oop [104]=Oop [112]=Oop [136]=Oop [168]=Oop }
                      ;*invokespecial <init> {reexecute=0 rethrow=0 return_oop=0}
                      ; - java.io.NioChannelCleanable::<init>@5
                      ; - java.io.FileInputStream::<init>@21
                      ; - jdk.internal.loader.URLClassPath$FileLoader$1::getInputStream@8
                      ; - jdk.internal.loader.Resource::cachedInputStream@9
                      ; - jdk.internal.loader.Resource::getByteBuffer@1
                      ; - java.net.URLClassLoader::defineClass@132
                      ; - java.net.URLClassLoader$1::run@43
                      ; - java.net.URLClassLoader$1::run@1
  0x00000210ee207d24: f8b6 d0ff 

  0x00000210ee207d28: ;   {other}
  0x00000210ee207d28: 0f1f 8400 | 981c 0011 | 4d8b 87b8 | 0100 004d | 8bd0 4983 | c220 6690 | 4d3b 97c8 | 0100 000f 
  0x00000210ee207d48: 8384 3400 | 004d 8997 | b801 0000 | 410f 0d8a | c000 0000 | 49c7 0001 

  0x00000210ee207d60: ;   {metadata('java/lang/ref/WeakReference')}
  0x00000210ee207d60: 0000 0041 | c740 087a | 8e00 2045 | 8960 0c4d | 8960 104d | 8960 1866 | 0f1f 8400 | 0000 0000 
  0x00000210ee207d80: 4180 7f40 | 000f 85ba 

  0x00000210ee207d88: ;   {oop(a 'java/lang/ref/ReferenceQueue$Null'{0x000000008078ac20})}
  0x00000210ee207d88: 0d00 0041 | c740 1020 | ac78 804d | 8bd8 498b | d84c 8b54 | 2470 498b | f249 8bf8 

  0x00000210ee207da4: ;   {oop(a 'java/lang/ref/ReferenceQueue$Null'{0x000000008078ac20})}
  0x00000210ee207da4: 49ba 20ac | 7880 0000 | 0000 4d33 | d349 c1ea | 144d 85d2 | 741a 49c1 | eb09 48b9 | 0000 93f5 
  0x00000210ee207dc4: 1002 0000 | 4903 cb80 | 3902 0f85 | bc1b 0000 | f083 4424 | c000 660f | 1f44 0000 | 4180 7f40 
  0x00000210ee207de4: 000f 859a | 0d00 004c | 8b54 2470 | 4189 7a28 | 4c8b d34c | 8b5c 2470 | 4d33 d349 | c1ea 144d 
  0x00000210ee207e04: 85d2 7421 | 49c1 eb09 | 48b9 0000 | 93f5 1002 | 0000 4903 | cb0f 1f80 | 0000 0000 | 8039 020f 
  0x00000210ee207e24: 8516 1b00 | 0041 807f | 4000 0f85 | d40c 0000 | 4c8b dd41 | 8973 244c | 8b54 2470 | 4d8b c34d 
  0x00000210ee207e44: 33d0 49c1 | ea14 4d85 | d274 1a49 | c1e8 0948 | b900 0093 | f510 0200 | 0049 03c8 | 8039 020f 
  0x00000210ee207e64: 8584 1a00 | 0044 8b4c | 245c 458b | 5110 4585 | d20f 8498 | 4600 0044 | 8954 2478 | 4c89 5c24 
  0x00000210ee207e84: 7041 8b69 | 144d 8bd1 | 4c89 9424 | 8000 0000 

  0x00000210ee207e94: ;   {oop([B{0x0000000080c851f0})}
  0x00000210ee207e94: 49ba f051 | c880 0000 

  0x00000210ee207e9c: ;   {oop([B{0x0000000080c851f0})}
  0x00000210ee207e9c: 0000 49bb | f051 c880 | 0000 0000 | 4983 c310 | 4c89 9c24 | 8800 0000 | 85ed 0f85 | 4b07 0000 
  0x00000210ee207ebc: ;   {oop(a 'java/lang/Class'{0x0000000080799fa8} = 'jdk/internal/misc/VM')}
  0x00000210ee207ebc: 49ba a89f | 7980 0000 | 0000 418b | aa94 0000 | 0083 fd04 | 0f8c 8246 | 0000 4c8b | 5424 6045 
  0x00000210ee207edc: 8b5a 4c45 | 8bc3 418b | 6b14 448b | 550c 4585 | d20f 86e1 | 4100 0044 | 8b55 1066 | 0f1f 8400 
  0x00000210ee207efc: 0000 0000 | 4585 d20f | 847c 0a00 | 0045 8b5a | 0c49 8bfa 

  0x00000210ee207f10: ;   {oop(a 'java/lang/ThreadLocal'{0x0000000080a9bd08})}
  0x00000210ee207f10: 4181 fb08 | bda9 8074 | 4749 8bd0 

  0x00000210ee207f1c: ;   {oop(a 'java/lang/ThreadLocal'{0x0000000080a9bd08})}
  0x00000210ee207f1c: 49b8 08bd | a980 0000 | 0000 4533 | c94c 8b94 | 24a8 0000 | 004c 8994 | 2498 0000 

  0x00000210ee207f38: ;   {oop([B{0x0000000080c851f0})}
  0x00000210ee207f38: 0048 bdf0 | 51c8 8000 | 0000 0090 

  0x00000210ee207f44: ;   {optimized virtual_call}
  0x00000210ee207f44: c5f8 77e8 

  0x00000210ee207f48: ; ImmutableOopMap {rbp=Oop [136]=Derived_oop_rbp [32]=Oop [40]=Oop [56]=NarrowOop [64]=NarrowOop [68]=NarrowOop [72]=Oop [80]=Oop [92]=NarrowOop [96]=Oop [104]=Oop [112]=Oop [120]=NarrowOop [128]=Oop [152]=Oop [168]=Oop }
                      ;*invokevirtual getEntryAfterMiss {reexecute=0 rethrow=0 return_oop=1}
                      ; - java.lang.ThreadLocal$ThreadLocalMap::getEntry@38
                      ; - java.lang.ThreadLocal::get@12
                      ; - java.lang.ThreadLocal::get@4
                      ; - com.jetbrains.internal.IoOverNio::isAllowedInThisThread@9
                      ; - java.io.IoOverNioFileSystem::acquireNioFs@16
                      ; - java.io.IoOverNioFileSystem::isInvalid@4
                      ; - java.io.File::isInvalid@13
                      ; - java.io.FileInputStream::<init>@66
                      ; - jdk.internal.loader.URLClassPath$FileLoader$1::getInputStream@8
                      ; - jdk.internal.loader.Resource::cachedInputStream@9
                      ; - jdk.internal.loader.Resource::getByteBuffer@1
                      ; - java.net.URLClassLoader::defineClass@132
                      ; - java.net.URLClassLoader$1::run@43
                      ; - java.net.URLClassLoader$1::run@1
  0x00000210ee207f48: 346b 66ff 

  0x00000210ee207f4c: ;   {other}
  0x00000210ee207f4c: 0f1f 8400 | bc1e 0012 | 4885 c00f | 8457 0a00 | 0048 8bf8 | 448b 5f1c | 498b c348 | 85c0 0f85 
  0x00000210ee207f6c: 060b 0000 

  0x00000210ee207f70: ;   {oop(a 'java/lang/Class'{0x0000000080799fa8} = 'jdk/internal/misc/VM')}
  0x00000210ee207f70: 49ba a89f | 7980 0000 | 0000 418b | aa94 0000 | 0083 fd02 | 0f8c 2646 | 0000 448b 

  0x00000210ee207f8c: ;   {oop("NUL:"{0x0000000080c851d8})}
  0x00000210ee207f8c: 5424 7841 | 81fa d851 | c880 0f84 | 6140 0000 | 0f1f 4000 

  0x00000210ee207fa0: ;   {oop("NUL:"{0x0000000080c851d8})}
  0x00000210ee207fa0: 4181 fad8 | 51c8 800f | 8450 4000 | 0041 0fbe | 6a10 85ed | 0f85 2e46 | 0000 458b | 5214 458b 
  0x00000210ee207fc0: 420c 4183 | f804 0f85 | d200 0000 | 4d8b da49 | 8d7a 1048 | 8bb4 2488 | 0000 00b9 | 0400 0000 
  0x00000210ee207fe0: 85c9 0f84 | 9d00 0000 | 8bc1 83e0 | 1f83 e1e0 | 0f84 4b00 | 0000 488d | 3c0f 488d | 340e 48f7 
  0x00000210ee208000: d9c5 fe6f | 0c0f c5fe | 6f04 0ec5 | f5ef c8c4 | e27d 17c9 | 0f85 7200 | 0000 4883 | c120 75e1 
  0x00000210ee208020: 85c0 0f84 | 5d00 0000 | c5fe 6f4c | 07e0 c5fe | 6f44 06e0 | c5f5 efc8 | c4e2 7d17 | c975 4deb 
  0x00000210ee208040: 448b c883 | e1fc 7419 | 488d 3c0f | 488d 340e | 48f7 d98b | 1c0f 3b1c | 0e75 3148 | 83c1 0475 
  0x00000210ee208060: f2a8 0274 | 120f b71f | 0fb7 0e3b | d975 1d48 | 8d7f 0248 | 8d76 02a8 | 0174 0a0f | b61f 0fb6 
  0x00000210ee208080: 0e3b d975 | 07b8 0100 | 0000 eb02 | 33c0 c5f5 | efc9 c5fd | efc0 85c0 | 0f85 5f3f 

  0x00000210ee20809c: ;   {no_reloc}
  0x00000210ee20809c: 0000 448b | 5c24 5c45 | 8b5b 1041 | 0fbe 6b10 

  0x00000210ee2080ac: ;   {oop("NUL:"{0x0000000080c851d8})}
  0x00000210ee2080ac: 4181 fbd8 | 51c8 800f | 848f 3f00 | 000f 1f80 | 0000 0000 | 85ed 0f85 | 5845 0000 | 458b 5314 
  0x00000210ee2080cc: 458b 4a0c | 4183 f904 | 0f85 d200 | 0000 4d8b | c249 8d7a | 1048 8bb4 | 2488 0000 | 00b9 0400 
  0x00000210ee2080ec: 0000 85c9 | 0f84 9d00 | 0000 8bc1 | 83e0 1f83 | e1e0 0f84 | 4b00 0000 | 488d 3c0f | 488d 340e 
  0x00000210ee20810c: 48f7 d9c5 | fe6f 040f | c5fe 6f0c | 0ec5 fdef | c1c4 e27d | 17c0 0f85 | 7200 0000 | 4883 c120 
  0x00000210ee20812c: 75e1 85c0 | 0f84 5d00 | 0000 c5fe | 6f44 07e0 | c5fe 6f4c | 06e0 c5fd | efc1 c4e2 | 7d17 c075 
  0x00000210ee20814c: 4deb 448b | c883 e1fc | 7419 488d | 3c0f 488d | 340e 48f7 | d98b 1c0f | 3b1c 0e75 | 3148 83c1 
  0x00000210ee20816c: 0475 f2a8 | 0274 120f | b71f 0fb7 | 0e3b d975 | 1d48 8d7f | 0248 8d76 | 02a8 0174 | 0a0f b61f 
  0x00000210ee20818c: 0fb6 0e3b | d975 07b8 | 0100 0000 | eb02 33c0 | c5fd efc0 | c5f5 efc9 | 85c0 0f85 

  0x00000210ee2081a8: ;   {no_reloc}
  0x00000210ee2081a8: a33e 0000 | 498b d344 | 8b44 2458 | 4c8b 9424 | a800 0000 | 4c89 9424 | 9800 0000 

  0x00000210ee2081c4: ;   {oop([B{0x0000000080c851f0})}
  0x00000210ee2081c4: 48bd f051 | c880 0000 | 0000 6690 

  0x00000210ee2081d0: ;   {static_call}
  0x00000210ee2081d0: c5f8 77e8 

  0x00000210ee2081d4: ; ImmutableOopMap {rbp=Oop [136]=Derived_oop_rbp [32]=Oop [40]=Oop [56]=NarrowOop [64]=NarrowOop [68]=NarrowOop [72]=Oop [80]=Oop [92]=NarrowOop [96]=Oop [104]=Oop [112]=Oop [128]=Oop [152]=Oop [168]=Oop }
                      ;*invokestatic parse {reexecute=0 rethrow=0 return_oop=1}
                      ; - sun.nio.fs.WindowsPathParser::parse@2
                      ; - sun.nio.fs.WindowsPath::parse@1
                      ; - sun.nio.fs.WindowsFileSystem::getPath@102
                      ; - java.io.IoOverNioFileSystem::isInvalid@47
                      ; - java.io.File::isInvalid@13
                      ; - java.io.FileInputStream::<init>@66
                      ; - jdk.internal.loader.URLClassPath$FileLoader$1::getInputStream@8
                      ; - jdk.internal.loader.Resource::cachedInputStream@9
                      ; - jdk.internal.loader.Resource::getByteBuffer@1
                      ; - java.net.URLClassLoader::defineClass@132
                      ; - java.net.URLClassLoader$1::run@43
                      ; - java.net.URLClassLoader$1::run@1
  0x00000210ee2081d4: a86e 66ff 

  0x00000210ee2081d8: ;   {other}
  0x00000210ee2081d8: 0f1f 8400 | 4821 0013 | 4885 c00f | 849f 3e00 | 0041 807f | 4000 0f85 | 4318 0000 | 448b 5424 
  0x00000210ee2081f8: ;   {oop(a 'java/io/File$PathStatus'{0x00000000807af358})}
  0x00000210ee2081f8: 5c41 c742 | 1458 f37a | 804c 8b94 | 2480 0000 

  0x00000210ee208208: ;   {oop(a 'java/io/File$PathStatus'{0x00000000807af358})}
  0x00000210ee208208: 0049 bb58 | f37a 8000 | 0000 004d | 33da 49c1 | eb14 4d85 | db74 1a49 | c1ea 0948 | b900 0093 
  0x00000210ee208228: f510 0200 | 0049 03ca | 8039 020f | 8536 1800 | 000f 1f80 | 0000 0000 | 4180 7f40 | 000f 8574 
  0x00000210ee208248: 0900 0044 | 8b5c 245c | 458b 5b10 | 4c8b 5424 | 7045 895a | 144d 8bc3 | 4d33 c249 | c1e8 144d 
  0x00000210ee208268: 85c0 741f | 4585 db74 | 1a49 c1ea | 0948 b900 | 0093 f510 | 0200 0049 | 03ca 8039 | 020f 855a 
  0x00000210ee208288: 1700 004c | 8b54 2460 | 458b 524c | 458b da41 | 8b6a 1444 | 8b45 0c45 | 8bc8 41ff | c945 8bd1 
  0x00000210ee2082a8: 4181 e2d5 | 9259 2545 | 8bca 4585 | c00f 8669 | 3300 0046 | 8b54 9510 | 4585 d20f | 84b4 0600 
  0x00000210ee2082c8: 0045 8b42 | 0c49 8bfa 

  0x00000210ee2082d0: ;   {oop(a 'java/lang/ThreadLocal'{0x0000000080a9bb60})}
  0x00000210ee2082d0: 4181 f860 | bba9 8074 | 4745 8bd3 

  0x00000210ee2082dc: ;   {oop(a 'java/lang/ThreadLocal'{0x0000000080a9bb60})}
  0x00000210ee2082dc: 498b d249 | b860 bba9 | 8000 0000 | 004c 8b94 | 24a8 0000 | 004c 8994 | 2498 0000 

  0x00000210ee2082f8: ;   {oop([B{0x0000000080c851f0})}
  0x00000210ee2082f8: 0048 bdf0 | 51c8 8000 | 0000 0090 

  0x00000210ee208304: ;   {optimized virtual_call}
  0x00000210ee208304: c5f8 77e8 

  0x00000210ee208308: ; ImmutableOopMap {rbp=Oop [136]=Derived_oop_rbp [32]=Oop [40]=Oop [56]=NarrowOop [64]=NarrowOop [68]=NarrowOop [72]=Oop [80]=Oop [92]=NarrowOop [96]=Oop [104]=Oop [112]=Oop [128]=Oop [152]=Oop [168]=Oop }
                      ;*invokevirtual getEntryAfterMiss {reexecute=0 rethrow=0 return_oop=1}
                      ; - java.lang.ThreadLocal$ThreadLocalMap::getEntry@38
                      ; - java.lang.ThreadLocal::get@12
                      ; - java.lang.ThreadLocal::get@4
                      ; - com.jetbrains.internal.IoOverNio$RecursionGuard::create@5
                      ; - java.io.FileInputStream::<init>@92
                      ; - jdk.internal.loader.URLClassPath$FileLoader$1::getInputStream@8
                      ; - jdk.internal.loader.Resource::cachedInputStream@9
                      ; - jdk.internal.loader.Resource::getByteBuffer@1
                      ; - java.net.URLClassLoader::defineClass@132
                      ; - java.net.URLClassLoader$1::run@43
                      ; - java.net.URLClassLoader$1::run@1
  0x00000210ee208308: 7467 66ff 

  0x00000210ee20830c: ;   {other}
  0x00000210ee20830c: 0f1f 8400 | 7c22 0014 | 4885 c00f | 846f 0600 | 0048 8bf8 | 448b 5f1c | 498b eb48 | 85ed 0f84 
  0x00000210ee20832c: b50f 0000 | 448b 5508 | 0f1f 8400 | 0000 0000 | 6666 6690 

  0x00000210ee208340: ;   {metadata('com/jetbrains/internal/IoOverNio$RecursionGuard')}
  0x00000210ee208340: 4181 fa4a | 2101 200f | 85b2 3400 | 00ba 54ff | ffff 4c8b | 9424 a800 | 0000 4c89 | 5424 2844 
  0x00000210ee208360: 8b5c 2440 | 4489 5c24 | 3c44 8b54 | 2444 4489 | 5424 4090 

  0x00000210ee208374: ;   {runtime_call UncommonTrapBlob}
  0x00000210ee208374: c5f8 77e8 

  0x00000210ee208378: ; ImmutableOopMap {rbp=Oop [32]=Oop [40]=Oop [56]=NarrowOop [60]=NarrowOop [64]=NarrowOop [92]=NarrowOop [104]=Oop [112]=Oop }
                      ;*ifnull {reexecute=1 rethrow=0 return_oop=0}
                      ; - (reexecute) com.jetbrains.internal.IoOverNio$RecursionGuard::create@13
                      ; - java.io.FileInputStream::<init>@92
                      ; - jdk.internal.loader.URLClassPath$FileLoader$1::getInputStream@8
                      ; - jdk.internal.loader.Resource::cachedInputStream@9
                      ; - jdk.internal.loader.Resource::getByteBuffer@1
                      ; - java.net.URLClassLoader::defineClass@132
                      ; - java.net.URLClassLoader$1::run@43
                      ; - java.net.URLClassLoader$1::run@1
  0x00000210ee208378: 84bf 66ff 

  0x00000210ee20837c: ;   {other}
  0x00000210ee20837c: 0f1f 8400 | ec22 0015 

  0x00000210ee208384: ;   {metadata('jdk/internal/loader/URLClassPath$FileLoader$1')}
  0x00000210ee208384: 4181 fb3e | bc05 200f | 85c6 4000 | 0033 c04c | 896c 2438 | e9a3 f1ff | ff41 bb01 | 0000 0041 
  0x00000210ee2083a4: ba01 0000 | 0044 8994 | 2498 0000 | 0044 3bdb | 0f8d a7ea | ffff 6690 | 470f be54 | 1910 4183 
  0x00000210ee2083c4: fa2e 0f84 | 0d06 0000 | 41ff c344 | 3bdb 7ce8 | e988 eaff 

  0x00000210ee2083d8: ;   {oop(""{0x000000008078a738})}
  0x00000210ee2083d8: ff48 bb38 | a778 8000 | 0000 00e9 | fbf0 ffff | 448b 5b14 | 4585 db0f | 84b6 f0ff | ff4d 8b47 
  0x00000210ee2083f8: 2849 8bcb | 0f1f 4000 | 4d85 c00f | 84db 2a00 | 004d 8b5f | 384b 894c | 03f8 4983 | c0f8 4d89 
  0x00000210ee208418: 4728 e98c | f0ff ff4d | 8b5f 484d | 8b47 58f0 | 8344 24c0 | 0080 3900 | 0f84 a9f0 | ffff 4488 
  0x00000210ee208438: 214d 85db | 7548 4889 | 5c24 584c | 8974 2450 | 4c89 6c24 | 4844 8954 | 2438 498b | d7c5 f877 
  0x00000210ee208458: 49ba e029 | 2c7d ff7f | 0000 41ff 

  0x00000210ee208464: ;   {other}
  0x00000210ee208464: d20f 1f84 | 0000 0000 | 0044 8b54 | 2438 4c8b | 6c24 484c | 8b74 2450 | 488b 5c24 | 58e9 59f0 
  0x00000210ee208484: ffff 4b89 | 4c18 f849 | 83c3 f84d | 895f 48e9 | 47f0 ffff | c4c1 f96e | c148 895c | 2468 4c89 
  0x00000210ee2084a4: 7424 604c | 896c 2458 | 4489 5424 | 504c 8b54 | 2428 4c89 | 5424 484c | 63c5 4d8d | 5010 4d8b 
  0x00000210ee2084c4: da49 83e3 | f848 8bfe | 4903 fb49 | c1ea 0349 | 2bca 4833 | c048 83f9 | 087f 1048 | ffc9 784f 
  0x00000210ee2084e4: 4889 04cf | 48ff c97d | f7eb 44c5 | f5ef c9e9 | 0d00 0000 | c5fe 7f0f | c5fe 7f4f | 2048 83c7 
  0x00000210ee208504: 4048 83e9 | 087d ed48 | 83c1 047c | 0cc5 fe7f | 0f48 83c7 | 2048 83e9 | 0448 83c1 | 047e 1048 
  0x00000210ee208524: ffc9 c5f9 | d60f 4883 | c708 48ff | c97d f348 | 8bca c4e1 | f97e c2c5 | f877 49ba | 4097 85ed 
  0x00000210ee208544: 1002 0000 

  0x00000210ee208548: ;   {other}
  0x00000210ee208548: 41ff d20f | 1f84 0000 | 0000 004c | 8b54 2448 | 4c89 5424 | 2844 8b54 | 2450 4c8b | 6c24 584c 
  0x00000210ee208568: 8b74 2460 | 488b 5c24 | 68e9 25ef | ffff 4c8b | 9424 a800 | 0000 458b | 520c 4585 | d20f 844d 
  0x00000210ee208588: f1ff ff4d | 8b5f 2849 | 8bca 4d85 | db0f 84e1 | 2c00 004d | 8b57 384b | 894c 1af8 | 4983 c3f8 
  0x00000210ee2085a8: 4d89 5f28 | e927 f1ff | ff4d 8b57 | 484d 8b5f | 58f0 8344 | 24c0 0090 | 4180 3900 | 0f84 4cf1 
  0x00000210ee2085c8: ffff 4588 | 214d 85d2 | 7523 498b | c949 8bd7 | c5f8 7749 | bae0 292c | 7dff 7f00 | 0041 ffd2 
  0x00000210ee2085e8: ;   {other}
  0x00000210ee2085e8: 0f1f 8400 | 0000 0000 | e921 f1ff | ff4f 894c | 13f8 4983 | c2f8 4d89 | 5748 e90f 

  0x00000210ee208604: ;   {oop(a 'java/io/File$PathStatus'{0x0000000080c7f3c0})}
  0x00000210ee208604: f1ff ff81 | fdc0 f3c7 | 800f 8526 | fcff ffba | 45ff ffff | 4c8b 9424 | a800 0000 | 4c89 5424 
  0x00000210ee208624: 2844 8b5c | 2440 4489 | 5c24 3c44 | 8b54 2444 | 4489 5424 | 4066 6690 

  0x00000210ee20863c: ;   {runtime_call UncommonTrapBlob}
  0x00000210ee20863c: c5f8 77e8 

  0x00000210ee208640: ; ImmutableOopMap {rbp=NarrowOop [32]=Oop [40]=Oop [56]=NarrowOop [60]=NarrowOop [64]=NarrowOop [92]=NarrowOop [104]=Oop [112]=Oop }
                      ;*if_acmpne {reexecute=1 rethrow=0 return_oop=0}
                      ; - (reexecute) java.io.File::isInvalid@38
                      ; - java.io.FileInputStream::<init>@66
                      ; - jdk.internal.loader.URLClassPath$FileLoader$1::getInputStream@8
                      ; - jdk.internal.loader.Resource::cachedInputStream@9
                      ; - jdk.internal.loader.Resource::getByteBuffer@1
                      ; - java.net.URLClassLoader::defineClass@132
                      ; - java.net.URLClassLoader$1::run@43
                      ; - java.net.URLClassLoader$1::run@1
  0x00000210ee208640: bcbc 66ff 

  0x00000210ee208644: ;   {other}
  0x00000210ee208644: 0f1f 8400 | b425 0016 | 897c 2458 | 4889 7424 | 5044 894c | 244c 4489 | 4424 4889 | 4c24 2c4c 
  0x00000210ee208664: 895c 2440 | 4c89 5424 | 384c 896c | 2430 488b 

  0x00000210ee208674: ;   {metadata({type array byte})}
  0x00000210ee208674: 6c24 2048 | bac8 0a04 | 0001 0000 | 0044 8bc7 | 4889 4424 | 6066 6690 

  0x00000210ee20868c: ;   {runtime_call _new_array_Java}
  0x00000210ee20868c: c5f8 77e8 

  0x00000210ee208690: ; ImmutableOopMap {rbp=Oop [48]=Oop [56]=Oop [64]=Oop }
                      ;*invokevirtual allocateUninitializedArray0 {reexecute=0 rethrow=0 return_oop=1}
                      ; - jdk.internal.misc.Unsafe::allocateUninitializedArray@51
                      ; - java.lang.StringConcatHelper::newArray@33
                      ; - java.lang.StringConcatHelper::simpleConcat@61
                      ; - java.lang.String::concat@11
                      ; - java.net.URLClassLoader$1::run@13
                      ; - java.net.URLClassLoader$1::run@1
  0x00000210ee208690: 6c2a 69ff 

  0x00000210ee208694: ;   {other}
  0x00000210ee208694: 0f1f 8400 | 0426 0017 | 4889 6c24 | 204c 8b6c | 2430 4c8b | 5424 384c | 8b5c 2440 | 8b4c 242c 
  0x00000210ee2086b4: 448b 4424 | 4844 8b4c | 244c 488b | 7424 508b | 7c24 5848 | 8bd8 e962 | e8ff ff48 | 895c 2438 
  0x00000210ee2086d4: 4c89 6c24 | 3048 8b6c 

  0x00000210ee2086dc: ;   {metadata('java/lang/String')}
  0x00000210ee2086dc: 2420 48ba | 9020 0400 | 0100 0000 

  0x00000210ee2086e8: ;   {runtime_call _new_instance_Java}
  0x00000210ee2086e8: c5f8 77e8 

  0x00000210ee2086ec: ; ImmutableOopMap {rbp=Oop [48]=Oop [56]=Oop }
                      ;*new {reexecute=0 rethrow=0 return_oop=1}
                      ; - java.lang.StringConcatHelper::newString@6
                      ; - java.lang.StringConcatHelper::simpleConcat@90
                      ; - java.lang.String::concat@11
                      ; - java.net.URLClassLoader$1::run@13
                      ; - java.net.URLClassLoader$1::run@1
  0x00000210ee2086ec: 1027 69ff 

  0x00000210ee2086f0: ;   {other}
  0x00000210ee2086f0: 0f1f 8400 | 6026 0018 | 4889 6c24 | 204c 8b6c | 2430 488b | 5c24 38e9 | e6e8 ffff | 4c89 4424 
  0x00000210ee208710: 5089 7424 | 4c89 7c24 | 484c 896c | 2440 4c89 | 7424 3889 | 5c24 3044 | 894c 242c | 894c 2428 
  0x00000210ee208730: ;   {metadata({type array byte})}
  0x00000210ee208730: 48ba c80a | 0400 0100 | 0000 448b | c366 6690 

  0x00000210ee208740: ;   {runtime_call _new_array_Java}
  0x00000210ee208740: c5f8 77e8 

  0x00000210ee208744: ; ImmutableOopMap {[32]=Oop [40]=NarrowOop [44]=NarrowOop [56]=Oop [64]=Oop [80]=Oop }
                      ;*invokevirtual allocateUninitializedArray0 {reexecute=0 rethrow=0 return_oop=1}
                      ; - jdk.internal.misc.Unsafe::allocateUninitializedArray@51
                      ; - java.lang.StringConcatHelper::newArray@33
                      ; - java.lang.StringLatin1::replace@49
                      ; - java.lang.String::replace@18
                      ; - java.net.URLClassLoader$1::run@8
                      ; - java.net.URLClassLoader$1::run@1
  0x00000210ee208744: b829 69ff 

  0x00000210ee208748: ;   {other}
  0x00000210ee208748: 0f1f 8400 | b826 0019 | 8b4c 2428 | 448b 4c24 | 2c8b 5c24 | 304c 8b74 | 2438 4c8b | 5424 404c 
  0x00000210ee208768: 8954 2438 | 8b7c 2448 | 8b74 244c | 4c8b 4424 | 504c 8bd0 | 0f1f 4000 | e953 e4ff 

  0x00000210ee208784: ;   {metadata('java/lang/String')}
  0x00000210ee208784: ff48 ba90 | 2004 0001 | 0000 0049 | 8bee 4c89 | 5424 4090 

  0x00000210ee208798: ;   {runtime_call _new_instance_Java}
  0x00000210ee208798: c5f8 77e8 

  0x00000210ee20879c: ; ImmutableOopMap {rbp=Oop [32]=Oop [56]=Oop [64]=Oop }
                      ;*new {reexecute=0 rethrow=0 return_oop=1}
                      ; - java.lang.StringLatin1::replace@116
                      ; - java.lang.String::replace@18
                      ; - java.net.URLClassLoader$1::run@8
                      ; - java.net.URLClassLoader$1::run@1
  0x00000210ee20879c: 6026 69ff 

  0x00000210ee2087a0: ;   {other}
  0x00000210ee2087a0: 0f1f 8400 | 1027 001a | 4c8b d84c | 8b54 2440 | e990 e6ff | ff4c 8944 | 2460 4c89 

  0x00000210ee2087bc: ;   {metadata('java/security/CodeSource')}
  0x00000210ee2087bc: 5c24 5048 | ba18 5b05 | 0001 0000 | 0066 6690 

  0x00000210ee2087cc: ;   {runtime_call _new_instance_Java}
  0x00000210ee2087cc: c5f8 77e8 

  0x00000210ee2087d0: ; ImmutableOopMap {rbp=Oop [32]=Oop [40]=Oop [56]=NarrowOop [64]=NarrowOop [68]=NarrowOop [72]=Oop [80]=Oop [88]=Oop [96]=Oop }
                      ;*new {reexecute=0 rethrow=0 return_oop=1}
                      ; - java.net.URLClassLoader::defineClass@190
                      ; - java.net.URLClassLoader$1::run@43
                      ; - java.net.URLClassLoader$1::run@1
  0x00000210ee2087d0: 2c26 69ff 

  0x00000210ee2087d4: ;   {other}
  0x00000210ee2087d4: 0f1f 8400 | 4427 001b | 0f1f 4000 | e925 f1ff | ff4c 8974 | 2470 4c89 | 6c24 6844 | 8954 2464 
  0x00000210ee2087f4: 4489 5c24 | 6048 897c | 2458 4c8b | 5424 284c | 8954 2450 | 4489 4424 | 4c44 894c | 2448 4c8b 
  0x00000210ee208814: 9424 a800 | 0000 4c89 

  0x00000210ee20881c: ;   {metadata('java/lang/String')}
  0x00000210ee20881c: 5424 3848 | ba90 2004 | 0001 0000 | 0066 6690 

  0x00000210ee20882c: ;   {runtime_call _new_instance_Java}
  0x00000210ee20882c: c5f8 77e8 

  0x00000210ee208830: ; ImmutableOopMap {[32]=Oop [56]=Oop [64]=NarrowOop [68]=NarrowOop [72]=NarrowOop [80]=Oop [88]=Oop [100]=NarrowOop [104]=Oop [112]=Oop [160]=Oop [168]=Oop }
                      ;*new {reexecute=0 rethrow=0 return_oop=1}
                      ; - java.lang.StringLatin1::newString@7
                      ; - java.lang.String::substring@41
                      ; - java.net.URLClassLoader::defineClass@28
                      ; - java.net.URLClassLoader$1::run@43
                      ; - java.net.URLClassLoader$1::run@1
  0x00000210ee208830: cc25 69ff 

  0x00000210ee208834: ;   {other}
  0x00000210ee208834: 0f1f 8400 | a427 001c | 448b 4c24 | 4844 8b44 | 244c 4c8b | 5424 504c | 8954 2428 | 488b 7c24 
  0x00000210ee208854: 5844 8b5c | 2460 448b | 5424 644c | 8b6c 2468 | 4c8b 7424 | 7048 8bd8 | e940 eaff | ff4c 8984 
  0x00000210ee208874: 2490 0000 | 0048 898c | 2488 0000 | 0048 8994 | 2480 0000 | 0048 895c | 2478 4c89 | 7424 704c 
  0x00000210ee208894: 896c 2468 | 4489 5424 | 6044 895c | 244c 4889 | 7c24 584c | 8b54 2428 | 4c89 5424 | 5044 8b54 
  0x00000210ee2088b4: 2444 4489 | 5424 4844 | 8b5c 2440 | 4489 5c24 | 2c4c 8b94 | 24a8 0000 | 004c 8954 | 2438 4c8b 
  0x00000210ee2088d4: 9424 a000 | 0000 4c89 | 5424 4044 | 8b9c 2498 | 0000 0044 | 895c 2428 

  0x00000210ee2088ec: ;   {metadata({type array byte})}
  0x00000210ee2088ec: 48ba c80a | 0400 0100 | 0000 448b | 4424 4c90 

  0x00000210ee2088fc: ;   {runtime_call _new_array_nozero_Java}
  0x00000210ee2088fc: c5f8 77e8 

  0x00000210ee208900: ; ImmutableOopMap {[32]=Oop [44]=NarrowOop [56]=Oop [64]=Oop [72]=NarrowOop [80]=Oop [88]=Oop [128]=Derived_oop_[88] [96]=NarrowOop [104]=Oop [112]=Oop [120]=Oop [168]=Oop }
                      ;*newarray {reexecute=0 rethrow=0 return_oop=1}
                      ; - java.util.Arrays::copyOfRangeByte@10
                      ; - java.util.Arrays::copyOfRange@13
                      ; - java.lang.StringLatin1::newString@16
                      ; - java.lang.String::substring@41
                      ; - java.net.URLClassLoader::defineClass@28
                      ; - java.net.URLClassLoader$1::run@43
                      ; - java.net.URLClassLoader$1::run@1
  0x00000210ee208900: fc2a 69ff 

  0x00000210ee208904: ;   {other}
  0x00000210ee208904: 0f1f 8400 | 7428 001d | 448b 5c24 | 2844 899c | 2498 0000 | 004c 8b54 | 2440 4c89 | 9424 a000 
  0x00000210ee208924: 0000 448b | 5424 2c44 | 8954 2440 | 448b 5424 | 4844 8954 | 2444 4c8b | 5424 504c | 8954 2428 
  0x00000210ee208944: 448b 5c24 | 4c44 8b54 | 2460 4c8b | 6c24 684c | 8b74 2470 | 488b 5c24 | 7848 8b94 | 2480 0000 
  0x00000210ee208964: 0048 8b8c | 2488 0000 | 004c 8b84 | 2490 0000 | 0048 8bf0 | e9c9 eaff | ff33 ff90 | e954 f9ff 
  0x00000210ee208984: ff33 ffe9 | 8df5 ffff 

  0x00000210ee20898c: ;   {oop(a 'java/lang/ThreadLocal'{0x0000000080a9bb60})}
  0x00000210ee20898c: 48ba 60bb | a980 0000 | 0000 4c8b | 4424 6090 

  0x00000210ee20899c: ;   {optimized virtual_call}
  0x00000210ee20899c: c5f8 77e8 

  0x00000210ee2089a0: ; ImmutableOopMap {rbp=Oop [136]=Derived_oop_rbp [32]=Oop [40]=Oop [56]=NarrowOop [64]=NarrowOop [68]=NarrowOop [72]=Oop [80]=Oop [92]=NarrowOop [96]=Oop [104]=Oop [112]=Oop [128]=Oop [152]=Oop [168]=Oop }
                      ;*invokevirtual setInitialValue {reexecute=0 rethrow=0 return_oop=1}
                      ; - java.lang.ThreadLocal::get@31
                      ; - java.lang.ThreadLocal::get@4
                      ; - com.jetbrains.internal.IoOverNio$RecursionGuard::create@5
                      ; - java.io.FileInputStream::<init>@92
                      ; - jdk.internal.loader.URLClassPath$FileLoader$1::getInputStream@8
                      ; - jdk.internal.loader.Resource::cachedInputStream@9
                      ; - jdk.internal.loader.Resource::getByteBuffer@1
                      ; - java.net.URLClassLoader::defineClass@132
                      ; - java.net.URLClassLoader$1::run@43
                      ; - java.net.URLClassLoader$1::run@1
  0x00000210ee2089a0: dc60 66ff 

  0x00000210ee2089a4: ;   {other}
  0x00000210ee2089a4: 0f1f 8400 | 1429 001e | 488b e8e9 | 73f9 ffff 

  0x00000210ee2089b4: ;   {oop(a 'java/lang/ThreadLocal'{0x0000000080a9bd08})}
  0x00000210ee2089b4: 48ba 08bd | a980 0000 | 0000 4c8b | 4424 6090 

  0x00000210ee2089c4: ;   {optimized virtual_call}
  0x00000210ee2089c4: c5f8 77e8 

  0x00000210ee2089c8: ; ImmutableOopMap {rbp=Oop [136]=Derived_oop_rbp [32]=Oop [40]=Oop [56]=NarrowOop [64]=NarrowOop [68]=NarrowOop [72]=Oop [80]=Oop [92]=NarrowOop [96]=Oop [104]=Oop [112]=Oop [120]=NarrowOop [128]=Oop [152]=Oop [168]=Oop }
                      ;*invokevirtual setInitialValue {reexecute=0 rethrow=0 return_oop=1}
                      ; - java.lang.ThreadLocal::get@31
                      ; - java.lang.ThreadLocal::get@4
                      ; - com.jetbrains.internal.IoOverNio::isAllowedInThisThread@9
                      ; - java.io.IoOverNioFileSystem::acquireNioFs@16
                      ; - java.io.IoOverNioFileSystem::isInvalid@4
                      ; - java.io.File::isInvalid@13
                      ; - java.io.FileInputStream::<init>@66
                      ; - jdk.internal.loader.URLClassPath$FileLoader$1::getInputStream@8
                      ; - jdk.internal.loader.Resource::cachedInputStream@9
                      ; - jdk.internal.loader.Resource::getByteBuffer@1
                      ; - java.net.URLClassLoader::defineClass@132
                      ; - java.net.URLClassLoader$1::run@43
                      ; - java.net.URLClassLoader$1::run@1
  0x00000210ee2089c8: b460 66ff 

  0x00000210ee2089cc: ;   {other}
  0x00000210ee2089cc: 0f1f 8400 | 3c29 001f | e98e f5ff | ff41 8beb | 0f1f 4000 | e97b e1ff | ff44 894c | 2438 488b 
  0x00000210ee2089ec: ef44 8954 | 243c 4c89 | 6c24 484c | 8974 2450 | 4889 5c24 | 5848 8954 | 2460 4c89 

  0x00000210ee208a08: ;   {metadata({type array byte})}
  0x00000210ee208a08: 5c24 6848 | bac8 0a04 | 0001 0000 | 004c 8b94 | 24a8 0000 | 004c 8994 | 2480 0000 | 0066 6690 
  0x00000210ee208a28: ;   {runtime_call _new_array_nozero_Java}
  0x00000210ee208a28: c5f8 77e8 

  0x00000210ee208a2c: ; ImmutableOopMap {rbp=Oop [96]=Derived_oop_rbp [32]=Oop [40]=Oop [56]=NarrowOop [60]=NarrowOop [64]=NarrowOop [68]=NarrowOop [72]=Oop [80]=Oop [88]=Oop [128]=Oop [160]=Oop [168]=Oop }
                      ;*invokevirtual clone {reexecute=1 rethrow=0 return_oop=1}
                      ; - (reexecute) java.util.Arrays::copyOfRange@18
                      ; - java.lang.StringLatin1::newString@16
                      ; - java.lang.String::substring@41
                      ; - java.net.URLClassLoader::defineClass@28
                      ; - java.net.URLClassLoader$1::run@43
                      ; - java.net.URLClassLoader$1::run@1
  0x00000210ee208a2c: d029 69ff 

  0x00000210ee208a30: ;   {other}
  0x00000210ee208a30: 0f1f 8400 | a029 0020 | 488b d80f | 1f44 0000 | e90a e9ff | ff4c 896c | 2430 488b 

  0x00000210ee208a4c: ;   {metadata('java/lang/String')}
  0x00000210ee208a4c: 6c24 2048 | ba90 2004 | 0001 0000 | 0066 6690 

  0x00000210ee208a5c: ;   {runtime_call _new_instance_Java}
  0x00000210ee208a5c: c5f8 77e8 

  0x00000210ee208a60: ; ImmutableOopMap {rbp=Oop [32]=Oop [48]=Oop }
                      ;*new {reexecute=0 rethrow=0 return_oop=1}
                      ; - java.lang.StringConcatHelper::simpleConcat@17
                      ; - java.lang.String::concat@11
                      ; - java.net.URLClassLoader$1::run@13
                      ; - java.net.URLClassLoader$1::run@1
  0x00000210ee208a60: 9c23 69ff 

  0x00000210ee208a64: ;   {other}
  0x00000210ee208a64: 0f1f 8400 | d429 0021 | 4c8b 6c24 | 30e9 88ef 

  0x00000210ee208a74: ;   {oop(a 'java/io/IoOverNioFileSystem'{0x00000000807aa5d0})}
  0x00000210ee208a74: ffff 49ba | d0a5 7a80 | 0000 0000 | 418b 6a0c 

  0x00000210ee208a84: ; implicit exception: dispatches to 0x00000210ee20e010
  0x00000210ee208a84: 448b 5d08 

  0x00000210ee208a88: ;   {metadata('java/io/WinNTFileSystem')}
  0x00000210ee208a88: 4181 fb36 | 4800 200f | 85b3 4000 | 0048 8bd5 | 4c8b 8424 | 8000 0000 | 4c8b 9424 | a800 0000 
  0x00000210ee208aa8: 4c89 5424 

  0x00000210ee208aac: ;   {oop([B{0x0000000080c851f0})}
  0x00000210ee208aac: 7848 bdf0 | 51c8 8000 | 0000 0090 

  0x00000210ee208ab8: ;   {optimized virtual_call}
  0x00000210ee208ab8: c5f8 77e8 

  0x00000210ee208abc: ; ImmutableOopMap {rbp=Oop [136]=Derived_oop_rbp [32]=Oop [40]=Oop [56]=NarrowOop [64]=NarrowOop [68]=NarrowOop [72]=Oop [80]=Oop [92]=NarrowOop [96]=Oop [104]=Oop [112]=Oop [120]=Oop [128]=Oop [168]=Oop }
                      ;*invokevirtual isInvalid {reexecute=0 rethrow=0 return_oop=0}
                      ; - java.io.IoOverNioFileSystem::isInvalid@61
                      ; - java.io.File::isInvalid@13
                      ; - java.io.FileInputStream::<init>@66
                      ; - jdk.internal.loader.URLClassPath$FileLoader$1::getInputStream@8
                      ; - jdk.internal.loader.Resource::cachedInputStream@9
                      ; - jdk.internal.loader.Resource::getByteBuffer@1
                      ; - java.net.URLClassLoader::defineClass@132
                      ; - java.net.URLClassLoader$1::run@43
                      ; - java.net.URLClassLoader$1::run@1
  0x00000210ee208abc: c05f 66ff 

  0x00000210ee208ac0: ;   {other}
  0x00000210ee208ac0: 0f1f 8400 | 302a 0022 | 85c0 0f84 | 19f7 ffff | 8be8 ba45 | ffff ff4c | 8b94 24a8 | 0000 004c 
  0x00000210ee208ae0: 8954 2428 | 448b 5c24 | 4044 895c | 243c 448b | 5424 4444 | 8954 2440 

  0x00000210ee208af8: ;   {runtime_call UncommonTrapBlob}
  0x00000210ee208af8: c5f8 77e8 

  0x00000210ee208afc: ; ImmutableOopMap {[32]=Oop [40]=Oop [56]=NarrowOop [60]=NarrowOop [64]=NarrowOop [92]=NarrowOop [104]=Oop [112]=Oop }
                      ;*ifeq {reexecute=1 rethrow=0 return_oop=0}
                      ; - (reexecute) java.io.File::isInvalid@16
                      ; - java.io.FileInputStream::<init>@66
                      ; - jdk.internal.loader.URLClassPath$FileLoader$1::getInputStream@8
                      ; - jdk.internal.loader.Resource::cachedInputStream@9
                      ; - jdk.internal.loader.Resource::getByteBuffer@1
                      ; - java.net.URLClassLoader::defineClass@132
                      ; - java.net.URLClassLoader$1::run@43
                      ; - java.net.URLClassLoader$1::run@1
  0x00000210ee208afc: 00b8 66ff 

  0x00000210ee208b00: ;   {other}
  0x00000210ee208b00: 0f1f 8400 | 702a 0023 | 4c8b dd44 | 8b55 2445 | 85d2 0f84 | 1ff3 ffff | 4d8b 5f28 | 498b ca90 
  0x00000210ee208b20: 4d85 db0f | 8467 3900 | 004d 8b57 | 384b 894c | 1af8 4983 | c3f8 4d89 | 5f28 4c8b | dd66 6690 
  0x00000210ee208b40: e9f2 f2ff | ff45 8b58 | 1045 85db | 0f84 39f2 | ffff 4d8b | 5728 498b | cb0f 1f80 | 0000 0000 
  0x00000210ee208b60: 4d85 d20f | 8467 3900 | 0049 8bd8 | 4d8b 5f38 | 4b89 4c13 | f849 83c2 | f84d 8957 | 284c 8bc3 
  0x00000210ee208b80: e906 f2ff | ff4c 8b54 | 2470 458b | 5a28 4585 | db0f 8454 | f2ff ff4d | 8b57 2849 | 8bcb 6690 
  0x00000210ee208ba0: 4d85 d20f | 8407 3900 | 004d 8b5f | 384b 894c | 13f8 4983 | c2f8 4d89 | 5728 e92c | f2ff ff4c 
  0x00000210ee208bc0: 8b54 2470 | 458b 5214 | 4585 d20f | 847a f6ff | ff4d 8b5f | 2849 8bca | 0f1f 8400 | 0000 0000 
  0x00000210ee208be0: 4d85 db0f | 840a 3900 | 004d 8b57 | 384b 894c | 1af8 4983 | c3f8 4d89 | 5f28 e94c 

  0x00000210ee208bfc: ;   {no_reloc}
  0x00000210ee208bfc: f6ff ff90 | 4d8b 8758 | 0400 00d1 

  0x00000210ee208c08: ;   {oop([B{0x0000000080c851f0})}
  0x00000210ee208c08: eb48 bff0 | 51c8 8000 

  0x00000210ee208c10: ; ImmutableOopMap {r11=NarrowOop rdi=Oop [136]=Derived_oop_rdi rdx=Oop [32]=Oop [40]=Oop [56]=NarrowOop [64]=NarrowOop [68]=NarrowOop [72]=Oop [80]=Oop [92]=NarrowOop [96]=Oop [104]=Oop [112]=Oop [120]=Oop [128]=Oop [144]=NarrowOop [160]=Oop [168]=Oop }
                      ;*ifne {reexecute=1 rethrow=0 return_oop=0}
                      ; - (reexecute) java.lang.ThreadLocal$ThreadLocalMap::cleanSomeSlots@56
                      ; - java.lang.ThreadLocal$ThreadLocalMap::set@113
                      ; - java.lang.ThreadLocal::set@13
                      ; - java.lang.ThreadLocal::set@5
                      ; - com.jetbrains.internal.IoOverNio$RecursionGuard::create@62
                      ; - java.io.FileInputStream::<init>@92
                      ; - jdk.internal.loader.URLClassPath$FileLoader$1::getInputStream@8
                      ; - jdk.internal.loader.Resource::cachedInputStream@9
                      ; - jdk.internal.loader.Resource::getByteBuffer@1
                      ; - java.net.URLClassLoader::defineClass@132
                      ; - java.net.URLClassLoader$1::run@43
                      ; - java.net.URLClassLoader$1::run@1
                      ;   {poll}
  0x00000210ee208c10: 0000 0041 | 8500 85db | 0f85 9606 | 0000 448b | 9c24 9000 | 0000 458b | 5b10 453b | d30f 8d63 
  0x00000210ee208c30: 2900 0044 | 8b5c 245c | 458b 5b10 | 4489 9c24 | 9000 0000 

  0x00000210ee208c44: ;   {oop(a 'java/lang/Class'{0x0000000080799fa8} = 'jdk/internal/misc/VM')}
  0x00000210ee208c44: 49ba a89f | 7980 0000 | 0000 418b | aa94 0000 | 0083 fd04 | 0f8c 5a46 | 0000 4c8b | 5424 6045 
  0x00000210ee208c64: 8b52 4c45 | 8bca 418b | 6a14 448b | 5d0c 4585 | db0f 86bd | 3f00 0044 | 8b5d 1090 | 4585 db0f 
  0x00000210ee208c84: 842e 2700 | 0045 8b43 | 0c49 8bfb 

  0x00000210ee208c90: ;   {oop(a 'java/lang/ThreadLocal'{0x0000000080a9bd08})}
  0x00000210ee208c90: 4181 f808 | bda9 8074 | 4749 8bd2 

  0x00000210ee208c9c: ;   {oop(a 'java/lang/ThreadLocal'{0x0000000080a9bd08})}
  0x00000210ee208c9c: 49b8 08bd | a980 0000 | 0000 4533 | c94c 8b94 | 24a8 0000 | 004c 8994 | 2498 0000 

  0x00000210ee208cb8: ;   {oop([B{0x0000000080c851f0})}
  0x00000210ee208cb8: 0048 bdf0 | 51c8 8000 | 0000 0090 

  0x00000210ee208cc4: ;   {optimized virtual_call}
  0x00000210ee208cc4: c5f8 77e8 

  0x00000210ee208cc8: ; ImmutableOopMap {rbp=Oop [136]=Derived_oop_rbp [32]=Oop [40]=Oop [56]=NarrowOop [64]=NarrowOop [68]=NarrowOop [72]=Oop [80]=Oop [92]=NarrowOop [96]=Oop [104]=Oop [112]=Oop [120]=Oop [128]=Oop [144]=NarrowOop [152]=Oop [168]=Oop }
                      ;*invokevirtual getEntryAfterMiss {reexecute=0 rethrow=0 return_oop=1}
                      ; - java.lang.ThreadLocal$ThreadLocalMap::getEntry@38
                      ; - java.lang.ThreadLocal::get@12
                      ; - java.lang.ThreadLocal::get@4
                      ; - com.jetbrains.internal.IoOverNio::isAllowedInThisThread@9
                      ; - java.io.IoOverNioFileSystem::acquireNioFs@16
                      ; - java.io.IoOverNioFileSystem::getNioPath@6
                      ; - java.io.FileInputStream::<init>@104
                      ; - jdk.internal.loader.URLClassPath$FileLoader$1::getInputStream@8
                      ; - jdk.internal.loader.Resource::cachedInputStream@9
                      ; - jdk.internal.loader.Resource::getByteBuffer@1
                      ; - java.net.URLClassLoader::defineClass@132
                      ; - java.net.URLClassLoader$1::run@43
                      ; - java.net.URLClassLoader$1::run@1
  0x00000210ee208cc8: b45d 66ff 

  0x00000210ee208ccc: ;   {other}
  0x00000210ee208ccc: 0f1f 8400 | 3c2c 0025 | 4885 c00f | 840f 2700 | 0048 8bf8 | 448b 571c | 498b c248 | 85c0 0f85 
  0x00000210ee208cec: a83f 0000 

  0x00000210ee208cf0: ;   {oop(a 'java/lang/Class'{0x0000000080799fa8} = 'jdk/internal/misc/VM')}
  0x00000210ee208cf0: 49ba a89f | 7980 0000 | 0000 418b | aa94 0000 | 0083 fd02 | 0f8c 0646 | 0000 448b | 9424 9000 
  0x00000210ee208d10: ;   {oop("NUL:"{0x0000000080c851d8})}
  0x00000210ee208d10: 0000 4181 | fad8 51c8 | 800f 8464 | 3e00 0045 | 8bc2 458b | da41 0fbe 

  0x00000210ee208d28: ;   {oop("NUL:"{0x0000000080c851d8})}
  0x00000210ee208d28: 6b10 4181 | fbd8 51c8 | 800f 844c | 3e00 0085 | ed0f 8589 | 4600 0045 | 8b5b 1445 | 8b53 0c41 
  0x00000210ee208d48: 83fa 040f | 85d7 0000 | 004d 8bd3 | 498d 7b10 | 488b b424 | 8800 0000 | b904 0000 | 0085 c90f 
  0x00000210ee208d68: 849d 0000 | 008b c183 | e01f 83e1 | e00f 844b | 0000 0048 | 8d3c 0f48 | 8d34 0e48 | f7d9 c5fe 
  0x00000210ee208d88: 6f04 0fc5 | fe6f 0c0e | c5fd efc1 | c4e2 7d17 | c00f 8572 | 0000 0048 | 83c1 2075 | e185 c00f 
  0x00000210ee208da8: 845d 0000 | 00c5 fe6f | 4407 e0c5 | fe6f 4c06 | e0c5 fdef | c1c4 e27d | 17c0 754d | eb44 8bc8 
  0x00000210ee208dc8: 83e1 fc74 | 1948 8d3c | 0f48 8d34 | 0e48 f7d9 | 8b1c 0f3b | 1c0e 7531 | 4883 c104 | 75f2 a802 
  0x00000210ee208de8: 7412 0fb7 | 1f0f b70e | 3bd9 751d | 488d 7f02 | 488d 7602 | a801 740a | 0fb6 1f0f | b60e 3bd9 
  0x00000210ee208e08: 7507 b801 | 0000 00eb | 0233 c0c5 | fdef c0c5 | f5ef c90f | 1f44 0000 | 85c0 0f85 | 583d 0000 
  0x00000210ee208e28: ;   {no_reloc}
  0x00000210ee208e28: 458b d849 | 8bd3 448b | 4424 584c | 8b94 24a8 | 0000 004c | 8994 2488 | 0000 0090 

  0x00000210ee208e44: ;   {static_call}
  0x00000210ee208e44: c5f8 77e8 

  0x00000210ee208e48: ; ImmutableOopMap {[32]=Oop [40]=Oop [56]=NarrowOop [64]=NarrowOop [68]=NarrowOop [72]=Oop [80]=Oop [92]=NarrowOop [96]=Oop [104]=Oop [112]=Oop [120]=Oop [128]=Oop [136]=Oop [168]=Oop }
                      ;*invokestatic parse {reexecute=0 rethrow=0 return_oop=1}
                      ; - sun.nio.fs.WindowsPathParser::parse@2
                      ; - sun.nio.fs.WindowsPath::parse@1
                      ; - sun.nio.fs.WindowsFileSystem::getPath@102
                      ; - java.io.IoOverNioFileSystem::getNioPath@22
                      ; - java.io.FileInputStream::<init>@104
                      ; - jdk.internal.loader.URLClassPath$FileLoader$1::getInputStream@8
                      ; - jdk.internal.loader.Resource::cachedInputStream@9
                      ; - jdk.internal.loader.Resource::getByteBuffer@1
                      ; - java.net.URLClassLoader::defineClass@132
                      ; - java.net.URLClassLoader$1::run@43
                      ; - java.net.URLClassLoader$1::run@1
  0x00000210ee208e48: 34ad f3ff 

  0x00000210ee208e4c: ;   {other}
  0x00000210ee208e4c: 0f1f 8400 | bc2d 0026 | 488b e849 | 8b87 b801 | 0000 4c8b | d049 83c2 | 304d 3b97 | c801 0000 
  0x00000210ee208e6c: 0f83 9338 | 0000 4d89 | 97b8 0100 | 0041 0f0d | 8ac0 0000 | 0048 c700 | 0100 0000 

  0x00000210ee208e88: ;   {metadata('sun/nio/fs/WindowsPath')}
  0x00000210ee208e88: c740 0843 | 0301 2044 | 8960 0c4c | 8960 104c | 8960 184c | 8960 204c | 8960 284c | 8bd8 4c8b 
  0x00000210ee208ea8: d541 8b5a 

  0x00000210ee208eac: ;   {oop(a 'sun/nio/fs/WindowsFileSystem'{0x000000008078aa80})}
  0x00000210ee208eac: 0c41 c743 | 1080 aa78 | 804c 899c | 2488 0000 | 0041 8b72 | 1441 8b7a | 104d 8bd3 | 488b ef4c 
  0x00000210ee208ecc: 8bee 4c8b 

  0x00000210ee208ed0: ;   {oop(a 'sun/nio/fs/WindowsFileSystem'{0x000000008078aa80})}
  0x00000210ee208ed0: f349 bb80 | aa78 8000 | 0000 004d | 33da 49c1 | eb14 4d85 | db74 2249 | c1ea 0948 | b900 0093 
  0x00000210ee208ef0: f510 0200 | 0049 03ca | 0f1f 8400 | 0000 0000 | 8039 020f | 8580 2900 | 0041 807f | 4000 0f85 
  0x00000210ee208f10: 2b28 0000 | 4c8b 9424 | 8800 0000 | 4189 5a14 | 4d8b d64c | 8b9c 2488 | 0000 004d | 33d3 49c1 
  0x00000210ee208f30: ea14 4d85 | d274 1e85 | db74 1a49 | c1eb 0948 | b900 0093 | f510 0200 | 0049 03cb | 8039 020f 
  0x00000210ee208f50: 8533 2a00 | 0066 6666 | 0f1f 8400 | 0000 0000 | 4180 7f40 | 000f 8514 | 2800 004c | 8b94 2488 
  0x00000210ee208f70: 0000 0041 | 897a 184c | 8bd5 4c8b | 9c24 8800 | 0000 4d33 | d349 c1ea | 144d 85d2 | 741e 85ff 
  0x00000210ee208f90: 741a 49c1 | eb09 48b9 | 0000 93f5 | 1002 0000 | 4903 cb80 | 3902 0f85 | 2d2a 0000 | 4180 7f40 
  0x00000210ee208fb0: 000f 8508 | 2800 004c | 8b94 2488 | 0000 0041 | 8972 1c4d | 8bd5 4c8b | 9c24 8800 | 0000 4d33 
  0x00000210ee208fd0: ;   {no_reloc}
  0x00000210ee208fd0: d349 c1ea | 144d 85d2 | 741e 85f6 | 741a 49c1 | eb09 48b9 | 0000 93f5 | 1002 0000 | 4903 cb80 
  0x00000210ee208ff0: 3902 0f85 | 3f29 0000 | 4c8b 8424 | 8800 0000 | 418b 6814 

  0x00000210ee209004: ;   {oop(a 'sun/nio/fs/WindowsPathType'{0x000000008078acc8})}
  0x00000210ee209004: 81fd c8ac | 7880 0f85 | ab22 0000 | 458b 4818 

  0x00000210ee209014: ; implicit exception: dispatches to 0x00000210ee20e214
  0x00000210ee209014: 458b 5914 

  0x00000210ee209018: ; implicit exception: dispatches to 0x00000210ee20e274
  0x00000210ee209018: 458b 430c | 0f1f 4000 | 4585 c00f | 86b7 3e00 | 0041 0fbe | 6910 c442 | 52f7 d041 | 83c2 fe45 
  0x00000210ee209038: 85d2 7c1a | 0f1f 4000 | 85ed 0f85 | 9048 0000 | 458b d341 | 807b 105c | 0f84 9e21 | 0000 498b 
  0x00000210ee209058: 87b8 0100 | 004c 8bd0 | 4983 c218 | 4d3b 97c8 | 0100 000f | 83b4 3600 | 004d 8997 | b801 0000 
  0x00000210ee209078: 410f 0d8a | c000 0000 | 48c7 0001 | 0000 0041 | 0f0d 8a00 

  0x00000210ee20908c: ;   {metadata('java/nio/file/LinkOption'[])}
  0x00000210ee20908c: 0100 00c7 | 4008 a607 | 0120 410f | 0d8a 4001 | 0000 c740 | 0c01 0000 | 0041 0f0d | 8a80 0100 
  0x00000210ee2090ac: 0044 8960 

  0x00000210ee2090b0: ;   {oop(a 'java/nio/file/LinkOption'{0x0000000080c7d060})}
  0x00000210ee2090b0: 14c7 4010 | 60d0 c780 | 4c8b c84c | 8b84 2488 | 0000 0045 | 8b58 1045 | 8b5b 0c45 | 85db 0f84 
  0x00000210ee2090d0: f83c 0000 | 4d8b d149 

  0x00000210ee2090d8: ;   {oop(a 'java/lang/Class'{0x0000000080dbc860} = 'java/nio/file/attribute/BasicFileAttributes')}
  0x00000210ee2090d8: 8bd3 49b9 | 60c8 db80 | 0000 0000 | 498b fa4c | 8b94 24a8 | 0000 004c | 8994 24a0 | 0000 0090 
  0x00000210ee2090f8: ;   {optimized virtual_call}
  0x00000210ee2090f8: c5f8 77e8 

  0x00000210ee2090fc: ; ImmutableOopMap {[32]=Oop [40]=Oop [56]=NarrowOop [64]=NarrowOop [68]=NarrowOop [72]=Oop [80]=Oop [92]=NarrowOop [96]=Oop [104]=Oop [112]=Oop [120]=Oop [128]=Oop [136]=Oop [160]=Oop [168]=Oop }
                      ;*invokevirtual readAttributes {reexecute=0 rethrow=0 return_oop=1}
                      ; - java.nio.file.Files::readAttributes@7
                      ; - java.io.IoOverNioFileSystem::getNioPath@66
                      ; - java.io.FileInputStream::<init>@104
                      ; - jdk.internal.loader.URLClassPath$FileLoader$1::getInputStream@8
                      ; - jdk.internal.loader.Resource::cachedInputStream@9
                      ; - jdk.internal.loader.Resource::getByteBuffer@1
                      ; - java.net.URLClassLoader::defineClass@132
                      ; - java.net.URLClassLoader$1::run@43
                      ; - java.net.URLClassLoader$1::run@1
  0x00000210ee2090fc: 4070 3f00 

  0x00000210ee209100: ;   {other}
  0x00000210ee209100: 0f1f 8400 | 7030 0027 | 4c8b c044 

  0x00000210ee20910c: ;   {metadata('sun/nio/fs/WindowsFileAttributes')}
  0x00000210ee20910c: 8b58 0841 | 81fb f413 | 0120 0f85 | 983e 0000 | 418b 6830 | 81fd 0c00 | 00a0 0f84 | 4843 0000 
  0x00000210ee20912c: 418b 680c | 40f6 c510 | 0f85 e23e | 0000 81e5 | 4004 0000 | 85ed 0f85 | 8c43 0000 | 4c8b 5424 
  0x00000210ee20914c: 7041 c642 | 0d01 4c8b | 9c24 8800 | 0000 458b | 5b10 4489 | 9c24 9000 | 0000 458b | 5a24 4489 
  0x00000210ee20916c: 9c24 9400 | 0000 4c8b | 5424 6045 | 8b52 4c45 | 8bda 6690 

  0x00000210ee209180: ; implicit exception: dispatches to 0x00000210ee20e64c
  0x00000210ee209180: 418b 6a14 

  0x00000210ee209184: ; implicit exception: dispatches to 0x00000210ee20e334
  0x00000210ee209184: 8b4d 0c44 | 8bd1 41ff | ca45 8bc2 | 4181 e0d5 | 9259 2545 | 8bc8 660f | 1f44 0000 | 85c9 0f86 
  0x00000210ee2091a4: a83d 0000 | 468b 4485 | 1045 85c0 | 0f84 0822 | 0000 418b | 480c 498b | f866 6690 

  0x00000210ee2091c0: ;   {oop(a 'java/lang/ThreadLocal'{0x0000000080a9bb60})}
  0x00000210ee2091c0: 81f9 60bb | a980 7444 

  0x00000210ee2091c8: ;   {oop(a 'java/lang/ThreadLocal'{0x0000000080a9bb60})}
  0x00000210ee2091c8: 498b d349 | b860 bba9 | 8000 0000 | 004c 8b94 | 24a8 0000 | 004c 8994 | 2498 0000 | 0066 6690 
  0x00000210ee2091e8: ;   {optimized virtual_call}
  0x00000210ee2091e8: c5f8 77e8 

  0x00000210ee2091ec: ; ImmutableOopMap {[32]=Oop [40]=Oop [56]=NarrowOop [64]=NarrowOop [68]=NarrowOop [72]=Oop [80]=Oop [92]=NarrowOop [96]=Oop [104]=Oop [112]=Oop [120]=Oop [128]=Oop [136]=Oop [144]=NarrowOop [148]=NarrowOop [152]=Oop [168]=Oop }
                      ;*invokevirtual getEntryAfterMiss {reexecute=0 rethrow=0 return_oop=1}
                      ; - java.lang.ThreadLocal$ThreadLocalMap::getEntry@38
                      ; - java.lang.ThreadLocal::get@12
                      ; - java.lang.ThreadLocal::get@4
                      ; - com.jetbrains.internal.IoOverNio$RecursionGuard::ensureActive@3
                      ; - com.jetbrains.internal.IoOverNio$ParentForFileChannelImplHolder::set@0
                      ; - java.io.IoOverNioFileSystem::initializeStreamUsingNio@1
                      ; - java.io.FileInputStream::<init>@151
                      ; - jdk.internal.loader.URLClassPath$FileLoader$1::getInputStream@8
                      ; - jdk.internal.loader.Resource::cachedInputStream@9
                      ; - jdk.internal.loader.Resource::getByteBuffer@1
                      ; - java.net.URLClassLoader::defineClass@132
                      ; - java.net.URLClassLoader$1::run@43
                      ; - java.net.URLClassLoader$1::run@1
  0x00000210ee2091ec: 9058 66ff 

  0x00000210ee2091f0: ;   {other}
  0x00000210ee2091f0: 0f1f 8400 | 6031 0028 | 0f1f 8400 | 0000 0000 | 4885 c00f | 8408 2200 | 0048 8bf8 | 448b 571c 
  0x00000210ee209210: 4d8b c24d | 85d2 0f84 | 0443 0000 | 4c8b 5424 | 6045 8b5a | 4c44 899c | 2498 0000 | 0045 85db 
  0x00000210ee209230: 0f84 5922 | 0000 458b | 5314 4489 | 5424 6090 

  0x00000210ee209240: ; implicit exception: dispatches to 0x00000210ee20e3ec
  0x00000210ee209240: 458b 5a0c | 4489 5c24 | 6441 ffcb | 458b d341 | 81e2 1c19 | 2287 4489 | 9424 9c00 | 0000 448b 
  0x00000210ee209260: 5c24 6445 | 85db 0f86 | 043e 0000 | 448b 5424 | 6044 8b84 | 249c 0000 | 0047 8b44 | 8210 448b 
  0x00000210ee209280: 9424 9800 | 0000 498b | ea4c 8b54 | 2470 4489 | 9424 a000 | 0000 448b | 5424 604c | 8994 24b0 
  0x00000210ee2092a0: 0000 0045 | 85c0 0f84 | d312 0000 | 498b d8e9 | 6712 0000 | 898c 249c | 0000 000f | 1f44 0000 
  0x00000210ee2092c0: e9d4 0400 | 0066 6666 | 0f1f 8400 | 0000 0000 | 498b da44 | 8984 249c | 0000 000f | 1f44 0000 
  0x00000210ee2092e0: e9a0 0200 | 0049 8b87 | b801 0000 

  0x00000210ee2092ec: ;   {no_reloc}
  0x00000210ee2092ec: 4c8b d049 | 83c2 1866 | 0f1f 8400 | 0000 0000 | 6666 6690 | 4d3b 97c8 | 0100 000f | 83b8 3300 
  0x00000210ee20930c: 004d 8997 | b801 0000 | 410f 0d8a | c000 0000 | 48c7 0001 

  0x00000210ee209320: ;   {metadata('com/jetbrains/internal/IoOverNio$RecursionGuard')}
  0x00000210ee209320: 0000 00c7 | 4008 4a21 | 0120 4489 | 600c 4c89 | 6010 4c8b | d04c 8954 | 2478 4c8b | 5424 6045 
  0x00000210ee209340: 8b5a 4c41 | 8b6b 1444 | 8b45 0c45 | 8bd0 41ff | ca45 8bca | 4181 e1d5 | 9259 250f | 1f44 0000 
  0x00000210ee209360: 4585 c00f | 867f 3800 | 0046 8b54 | 8d10 4585 | d20f 8439 | 2000 0045 | 8b42 0c49 | 8bfa 6690 
  0x00000210ee209380: ;   {oop(a 'java/lang/ThreadLocal'{0x0000000080a9bb60})}
  0x00000210ee209380: 4181 f860 | bba9 8074 | 4349 8bd3 

  0x00000210ee20938c: ;   {oop(a 'java/lang/ThreadLocal'{0x0000000080a9bb60})}
  0x00000210ee20938c: 49b8 60bb | a980 0000 | 0000 4c8b | 9424 a800 | 0000 4c89 | 9424 9000 

  0x00000210ee2093a4: ;   {oop([B{0x0000000080c851f0})}
  0x00000210ee2093a4: 0000 48bd | f051 c880 | 0000 0000 

  0x00000210ee2093b0: ;   {optimized virtual_call}
  0x00000210ee2093b0: c5f8 77e8 

  0x00000210ee2093b4: ; ImmutableOopMap {rbp=Oop [136]=Derived_oop_rbp [32]=Oop [40]=Oop [56]=NarrowOop [64]=NarrowOop [68]=NarrowOop [72]=Oop [80]=Oop [92]=NarrowOop [96]=Oop [104]=Oop [112]=Oop [120]=Oop [128]=Oop [144]=Oop [168]=Oop }
                      ;*invokevirtual getEntryAfterMiss {reexecute=0 rethrow=0 return_oop=1}
                      ; - java.lang.ThreadLocal$ThreadLocalMap::getEntry@38
                      ; - java.lang.ThreadLocal::get@12
                      ; - java.lang.ThreadLocal::get@4
                      ; - com.jetbrains.internal.IoOverNio$RecursionGuard::create@46
                      ; - java.io.FileInputStream::<init>@92
                      ; - jdk.internal.loader.URLClassPath$FileLoader$1::getInputStream@8
                      ; - jdk.internal.loader.Resource::cachedInputStream@9
                      ; - jdk.internal.loader.Resource::getByteBuffer@1
                      ; - java.net.URLClassLoader::defineClass@132
                      ; - java.net.URLClassLoader$1::run@43
                      ; - java.net.URLClassLoader$1::run@1
  0x00000210ee2093b4: c856 66ff 

  0x00000210ee2093b8: ;   {other}
  0x00000210ee2093b8: 0f1f 8400 | 2833 0029 | 4885 c00f | 84fc 1f00 | 0048 8bf8 | 448b 5f1c | 4d8b d34d | 8bc2 4d85 
  0x00000210ee2093d8: c00f 849d | 2200 0045 

  0x00000210ee2093e0: ;   {metadata('com/jetbrains/internal/IoOverNio$RecursionGuard')}
  0x00000210ee2093e0: 8b50 0841 | 81fa 4a21 | 0120 0f85 | fc38 0000 | 4d8b d049 | 8bda 6666 | 0f1f 8400 | 0000 0000 
  0x00000210ee209400: 4180 7f40 | 000f 85b4 | 2200 004c | 8b54 2478 | 4c8b db4d | 33da 4c8b | cb4c 8b44 | 2478 4589 
  0x00000210ee209420: 480c 49c1 

  0x00000210ee209424: ;   {oop(a 'java/lang/Class'{0x0000000080dbcc18} = 'java/io/FileInputStream')}
  0x00000210ee209424: eb14 48bf | 18cc db80 | 0000 0000 | 4d85 db74 | 1f48 85db | 741a 49c1 | ea09 48b9 | 0000 93f5 
  0x00000210ee209444: 1002 0000 | 4903 ca80 | 3902 0f85 | 9124 0000 | 4180 7f40 | 000f 85a0 | 2200 004c | 8b54 2478 
  0x00000210ee209464: ;   {oop(a 'java/lang/Class'{0x0000000080dbcc18} = 'java/io/FileInputStream')}
  0x00000210ee209464: 41c7 4210 | 18cc db80 | 4c8b d74c | 8b5c 2478 | 4d33 d349 | c1ea 140f | 1f44 0000 | 4d85 d274 
  0x00000210ee209484: 1a49 c1eb | 0948 b900 | 0093 f510 | 0200 0049 | 03cb 8039 | 020f 8599 | 2300 0090 | 4180 7f40 
  0x00000210ee2094a4: 000f 85dc | 2100 004c | 8b54 2478 | 4589 6214 | 4c8b 5424 | 6045 8b52 | 4c44 8994 | 2490 0000 
  0x00000210ee2094c4: 0045 85d2 | 0f84 6a1f | 0000 458b | 5a14 4489 | 9c24 9400 | 0000 458b | 530c 4489 | 9424 9800 
  0x00000210ee2094e4: 0000 458b | da41 ffcb | 458b d341 | 81e2 d592 | 5925 4489 | 9424 9c00 | 0000 448b | 9c24 9800 
  0x00000210ee209504: 0000 4585 | db0f 8639 | 3800 0044 | 8b94 2494 | 0000 0044 | 8b84 249c | 0000 0047 | 8b44 8210 
  0x00000210ee209524: 448b 9424 | 9000 0000 | 4c89 9424 | a000 0000 | 4c8b 5424 | 784d 8bda | 4489 9c24 | b000 0000 
  0x00000210ee209544: 448b 9424 | 9400 0000 | 4c89 9424 | b800 0000 | 4585 c075 | 1749 ba00 | 0093 f510 

  0x00000210ee209560: ;   {no_reloc}
  0x00000210ee209560: 0200 004c | 8994 2418 | 0100 00e9 | a100 0000 | 498b d849 | ba00 0093 | f510 0200 | 004c 8994 
  0x00000210ee209580: 2418 0100 | 0044 8b5b 

  0x00000210ee209588: ;   {oop(a 'java/lang/ThreadLocal'{0x0000000080a9bb60})}
  0x00000210ee209588: 0c41 81fb | 60bb a980 | 0f84 3a16 | 0000 448b | 5b0c 660f | 1f44 0000 | 4585 db0f | 842f 3b00 
  0x00000210ee2095a8: 0044 8b9c | 249c 0000 | 0041 ffc3 | 0f1f 8400 | 0000 0000 | 6666 6690 | 443b 9c24 | 9800 0000 
  0x00000210ee2095c8: 0f8d d21d | 0000 458b | c344 3b84 | 2498 0000 | 000f 8379 | 3400 0044 | 8b9c 2494 | 0000 0047 
  0x00000210ee2095e8: 8b54 8310 | 4d8b 8f58 

  0x00000210ee2095f0: ;   {oop([B{0x0000000080c851f0})}
  0x00000210ee2095f0: 0400 0048 | b9f0 51c8 | 8000 0000 

  0x00000210ee2095fc: ; ImmutableOopMap {r10=NarrowOop rcx=Oop [136]=Derived_oop_rcx [32]=Oop [40]=Oop [56]=NarrowOop [64]=NarrowOop [68]=NarrowOop [72]=Oop [80]=Oop [92]=NarrowOop [96]=Oop [104]=Oop [112]=Oop [120]=Oop [128]=Oop [144]=NarrowOop [148]=NarrowOop [160]=Oop [168]=Oop [176]=NarrowOop [184]=Oop }
                      ;*goto {reexecute=1 rethrow=0 return_oop=0}
                      ; - (reexecute) java.lang.ThreadLocal$ThreadLocalMap::set@79
                      ; - java.lang.ThreadLocal::set@13
                      ; - java.lang.ThreadLocal::set@5
                      ; - com.jetbrains.internal.IoOverNio$RecursionGuard::create@62
                      ; - java.io.FileInputStream::<init>@92
                      ; - jdk.internal.loader.URLClassPath$FileLoader$1::getInputStream@8
                      ; - jdk.internal.loader.Resource::cachedInputStream@9
                      ; - jdk.internal.loader.Resource::getByteBuffer@1
                      ; - java.net.URLClassLoader::defineClass@132
                      ; - java.net.URLClassLoader$1::run@43
                      ; - java.net.URLClassLoader$1::run@1
                      ;   {poll}
  0x00000210ee2095fc: 0041 8501 | 4585 d20f | 85c7 fcff | ff44 8984 | 249c 0000 | 004d 8b97 | b801 0000 | 4d8b da49 
  0x00000210ee20961c: 83c3 2090 | 4d3b 9fc8 | 0100 000f | 839c 3200 | 004d 899f | b801 0000 | 410f 0d8b | c000 0000 
  0x00000210ee20963c: 49c7 0201 

  0x00000210ee209640: ;   {metadata('java/lang/ThreadLocal$ThreadLocalMap$Entry')}
  0x00000210ee209640: 0000 0041 | c742 085e | 0600 204d | 8962 104d 

  0x00000210ee209650: ;   {oop(a 'java/lang/ThreadLocal'{0x0000000080a9bb60})}
  0x00000210ee209650: 8962 1841 | c742 0c60 | bba9 8049 | 8bda 6690 | 4180 7f40 | 000f 85e4 | 2a00 004c 

  0x00000210ee20966c: ;   {oop(a 'java/lang/ref/ReferenceQueue$Null'{0x000000008078ac20})}
  0x00000210ee20966c: 8bd3 41c7 | 4210 20ac 

  0x00000210ee209674: ;   {oop(a 'java/lang/ref/ReferenceQueue$Null'{0x000000008078ac20})}
  0x00000210ee209674: 7880 49ba | 20ac 7880 | 0000 0000 | 4c8b db4d | 33d3 49c1 | ea14 4d85 | d274 1a49 | c1eb 0948 
  0x00000210ee209694: b900 0093 | f510 0200 | 0049 03cb | 8039 020f | 8516 2b00 | 00f0 8344 | 24c0 0041 | 807f 4000 
  0x00000210ee2096b4: 0f85 562a | 0000 4c8b | d344 8b9c | 24b0 0000 | 0045 895a | 1c4c 8b54 | 2478 4c8b | db4d 33d3 
  0x00000210ee2096d4: 49c1 ea14 | 4d85 d274 | 1a49 c1eb | 0948 b900 | 0093 f510 | 0200 0049 | 03cb 8039 | 020f 8519 
  0x00000210ee2096f4: 2b00 0044 | 8b9c 249c | 0000 0090 | 443b 9c24 | 9800 0000 | 0f83 823a | 0000 448b | 9424 9400 
  0x00000210ee209714: 0000 4b8d | 7c9a 100f | 1f44 0000 | 4180 7f40 | 000f 855a | 2a00 004c | 8bd7 4c8b | db44 891f 
  0x00000210ee209734: 4c8b db4d | 33da 49c1 | eb14 6690 | 4d85 db74 | 1a49 c1ea | 0948 b900 | 0093 f510 | 0200 0049 
  0x00000210ee209754: 03ca 8039 | 020f 8506 | 2b00 0044 | 8b94 2490 | 0000 0045 | 8b52 1445 | 8bda 448b | 8424 9000 
  0x00000210ee209774: ;   {no_reloc}
  0x00000210ee209774: 0000 458b | 400c 458b | d041 ffc2 | 448b 8c24 | 9000 0000 | 4589 510c 

  0x00000210ee20978c: ; implicit exception: dispatches to 0x00000210ee20e4f4
  0x00000210ee20978c: 458b 430c | 458b c849 | 8bd3 418b | da8b 8c24 | 9c00 0000 | ffc1 413b | c90f 8d02 | 1b00 0041 
  0x00000210ee2097ac: 3bc9 0f83 | 8931 0000 | 418b 7c8b | 100f 1f80 | 0000 0000 | 85ff 0f84 | 38f4 ffff | 8b7f 0c85 
  0x00000210ee2097cc: ff0f 852d | f4ff ff33 | ed85 ff40 | 0f94 c5ba | 45ff ffff | 4c8b 8424 | a800 0000 | 4c89 4424 
  0x00000210ee2097ec: 288b 5c24 | 4089 5c24 | 3c44 8b44 | 2444 4489 | 4424 4044 | 8b44 245c | 4489 4424 | 444c 8b44 
  0x00000210ee20980c: 2478 4c89 | 4424 588b | 9c24 9000 | 0000 4489 | 5424 7c44 | 8bd3 4489 | 9424 8800 | 0000 898c 
  0x00000210ee20982c: 248c 0000 | 0044 899c | 2490 0000 | 0044 898c | 2494 0000 | 0066 6690 

  0x00000210ee209844: ;   {runtime_call UncommonTrapBlob}
  0x00000210ee209844: c5f8 77e8 

  0x00000210ee209848: ; ImmutableOopMap {[32]=Oop [40]=Oop [56]=NarrowOop [60]=NarrowOop [64]=NarrowOop [68]=NarrowOop [88]=Oop [104]=Oop [112]=Oop [136]=NarrowOop [144]=NarrowOop }
                      ;*ifeq {reexecute=1 rethrow=0 return_oop=0}
                      ; - (reexecute) java.lang.ThreadLocal$ThreadLocalMap::cleanSomeSlots@37
                      ; - java.lang.ThreadLocal$ThreadLocalMap::set@113
                      ; - java.lang.ThreadLocal::set@13
                      ; - java.lang.ThreadLocal::set@5
                      ; - com.jetbrains.internal.IoOverNio$RecursionGuard::create@62
                      ; - java.io.FileInputStream::<init>@92
                      ; - jdk.internal.loader.URLClassPath$FileLoader$1::getInputStream@8
                      ; - jdk.internal.loader.Resource::cachedInputStream@9
                      ; - jdk.internal.loader.Resource::getByteBuffer@1
                      ; - java.net.URLClassLoader::defineClass@132
                      ; - java.net.URLClassLoader$1::run@43
                      ; - java.net.URLClassLoader$1::run@1
  0x00000210ee209848: b4aa 66ff 

  0x00000210ee20984c: ;   {other}
  0x00000210ee20984c: 0f1f 8400 | bc37 002b | 4d8b 5f58 | 498b 5748 | f083 4424 | c000 8039 | 000f 84fe | e3ff ff44 
  0x00000210ee20986c: 8821 4885 | d20f 8564 | 0000 0089 | 7c24 6848 | 895c 2460 | 4c89 4c24 | 5844 8944 | 243c 4c89 
  0x00000210ee20988c: 7424 504c | 896c 2448 | 4489 5424 | 3849 8bd7 | c5f8 7749 | bae0 292c | 7dff 7f00 | 0041 ffd2 
  0x00000210ee2098ac: ;   {other}
  0x00000210ee2098ac: 0f1f 8400 | 0000 0000 | 448b 5424 | 384c 8b6c | 2448 4c8b | 7424 5044 | 8b44 243c | 4c8b 4c24 
  0x00000210ee2098cc: 5848 8b5c | 2460 8b7c | 2468 e98e | e3ff ff49 | 894c 13f8 | 4883 c2f8 | 4989 5748 | e97c e3ff 
  0x00000210ee2098ec: ff49 8bdb | 4d8b 5748 | 4d8b 5f58 | f083 4424 | c000 6690 | 8039 0074 | 3244 8821 | 4d85 d274 
  0x00000210ee20990c: 0f4b 894c | 13f8 4983 | c2f8 4d89 | 5748 eb1b | 498b d7c5 | f877 49ba | e029 2c7d | ff7f 0000 
  0x00000210ee20992c: ;   {other}
  0x00000210ee20992c: 41ff d20f | 1f84 0000 | 0000 004c | 8bdb e92a | e5ff ff4d | 8b57 484d | 8b5f 58f0 | 8344 24c0 
  0x00000210ee20994c: 0080 3900 | 0f84 d3e4 | ffff 4488 | 214d 85d2 | 7520 498b | d7c5 f877 | 49ba e029 | 2c7d ff7f 
  0x00000210ee20996c: 0000 41ff 

  0x00000210ee209970: ;   {other}
  0x00000210ee209970: d20f 1f84 | 0000 0000 | 00e9 abe4 | ffff 4b89 | 4c13 f849 | 83c2 f84d | 8957 48e9 | 99e4 ffff 
  0x00000210ee209990: 4d8b 5748 | 4d8b 5f58 | f083 4424 | c000 6690 | 8039 000f | 842b e4ff | ff44 8821 | 4d85 d275 
  0x00000210ee2099b0: 2049 8bd7 | c5f8 7749 | bae0 292c | 7dff 7f00 | 0041 ffd2 

  0x00000210ee2099c4: ;   {other}
  0x00000210ee2099c4: 0f1f 8400 | 0000 0000 | e903 e4ff | ff4b 894c | 13f8 4983 | c2f8 4d89 | 5748 6690 | e9ef e3ff 
  0x00000210ee2099e4: ff4d 8b57 | 484d 8b5f | 58f0 8344 | 24c0 0080 | 3900 0f84 | 8fe8 ffff | 4488 2190 | 4d85 d275 
  0x00000210ee209a04: 2049 8bd7 | c5f8 7749 | bae0 292c | 7dff 7f00 | 0041 ffd2 

  0x00000210ee209a18: ;   {other}
  0x00000210ee209a18: 0f1f 8400 | 0000 0000 | e966 e8ff | ff4b 894c | 13f8 4983 | c2f8 4d89 | 5748 e954 | e8ff ff44 
  0x00000210ee209a38: 8b5c 245c | 458b 5b14 | 4585 db0f | 84ab e7ff | ff4d 8b57 | 2849 8bcb | 4d85 d20f | 8437 2b00 
  0x00000210ee209a58: 004d 8b5f | 384b 894c | 13f8 4983 | c2f8 4d89 | 5728 e985 | e7ff ff4d | 8b57 484d | 8b5f 58f0 
  0x00000210ee209a78: 8344 24c0 | 0066 6690 | 8039 000f | 84b0 e7ff | ff44 8821 | 4d85 d275 | 2049 8bd7 | c5f8 7749 
  0x00000210ee209a98: bae0 292c | 7dff 7f00 | 0041 ffd2 

  0x00000210ee209aa4: ;   {other}
  0x00000210ee209aa4: 0f1f 8400 | 0000 0000 | e988 e7ff | ff4b 894c | 13f8 4983 | c2f8 4d89 | 5748 6690 | e974 e7ff 
  0x00000210ee209ac4: ff66 6666 | 0f1f 8400 | 0000 0000 | 498b 8f58 | 0400 0041 | 8bd9 d1eb 

  0x00000210ee209adc: ; ImmutableOopMap {r8=NarrowOop rdi=Oop rbp=Oop [32]=Oop [40]=Oop [56]=NarrowOop [64]=NarrowOop [68]=NarrowOop [72]=Oop [80]=Oop [92]=NarrowOop [104]=Oop [112]=Oop [120]=Oop [128]=Oop [136]=Oop [144]=NarrowOop [148]=NarrowOop [152]=NarrowOop [168]=Oop }
                      ;*ifne {reexecute=1 rethrow=0 return_oop=0}
                      ; - (reexecute) java.lang.ThreadLocal$ThreadLocalMap::cleanSomeSlots@56
                      ; - java.lang.ThreadLocal$ThreadLocalMap::set@113
                      ; - java.lang.ThreadLocal::set@13
                      ; - java.lang.ThreadLocal::set@5
                      ; - com.jetbrains.internal.IoOverNio$ParentForFileChannelImplHolder::set@7
                      ; - java.io.IoOverNioFileSystem::initializeStreamUsingNio@1
                      ; - java.io.FileInputStream::<init>@151
                      ; - jdk.internal.loader.URLClassPath$FileLoader$1::getInputStream@8
                      ; - jdk.internal.loader.Resource::cachedInputStream@9
                      ; - jdk.internal.loader.Resource::getByteBuffer@1
                      ; - java.net.URLClassLoader::defineClass@132
                      ; - java.net.URLClassLoader$1::run@43
                      ; - java.net.URLClassLoader$1::run@1
                      ;   {poll}
  0x00000210ee209adc: 448b cb85 | 0145 85c9 | 0f85 100a | 0000 448b | 8424 9800 | 0000 458b | 4010 458b | d30f 1f80 
  0x00000210ee209afc: 0000 0000 | 453b d00f | 8dc4 1a00 | 0044 8b94 | 2490 0000 | 0045 85d2 | 0f84 2233 | 0000 660f 
  0x00000210ee209b1c: 1f44 0000 | 453b 620c | 0f84 6633 | 0000 4c8b | 8c24 8800 | 0000 418b | 6914 6666 | 0f1f 8400 
  0x00000210ee209b3c: 0000 0000 

  0x00000210ee209b40: ;   {oop(a 'sun/nio/fs/WindowsPathType'{0x000000008078acc8})}
  0x00000210ee209b40: 81fd c8ac | 7880 0f85 | e017 0000 | 4489 9424 | 8800 0000 | 4c89 4c24 | 6045 8b51 | 1c44 8994 
  0x00000210ee209b60: 248c 0000 | 0045 8b52 | 1445 8b5a | 0c44 8b84 | 248c 0000 | 0045 0fbe | 5010 c4c2 | 2af7 eb90 
  0x00000210ee209b80: 81fd f700 | 0000 0f8f | 853b 0000 

  0x00000210ee209b8c: ;   {oop(a 'sun/nio/fs/WindowsSecurityDescriptor'{0x0000000080c7c2b8})}
  0x00000210ee209b8c: 49ba b8c2 | c780 0000 | 0000 418b | 6a14 660f | 1f44 0000 | 85ed 0f85 | e439 0000 | 498b 87b8 
  0x00000210ee209bac: 0100 004c | 8bd0 4983 | c220 448b | 9c24 8800 | 0000 4c89 | 9c24 9800 | 0000 4d8b | d84c 899c 
  0x00000210ee209bcc: 24a0 0000 | 004d 3b97 | c801 0000 | 0f83 7b2b | 0000 4d89 | 97b8 0100 | 0041 0f0d | 8ac0 0000 
  0x00000210ee209bec: 0048 c700 | 0100 0000 

  0x00000210ee209bf4: ;   {metadata('sun/nio/fs/WindowsChannelFactory$Flags')}
  0x00000210ee209bf4: c740 08b1 | 4d01 2044 | 8960 0c4c | 8960 1048 | c740 1801 | 0101 004c | 8bd0 4c89 | 9424 b000 
  0x00000210ee209c14: 0000 4c8b | 9424 b000 | 0000 450f | b65a 0e44 | 8b54 2458 | 4585 d20f | 8e94 0c00 | 0041 83fa 
  0x00000210ee209c34: 010f 852d 

  0x00000210ee209c38: ;   {oop([I{0x0000000080c7c0e8})}
  0x00000210ee209c38: 3600 0049 | bae8 c0c7 | 8000 0000 | 0041 8b6a | 1083 fd01 | 0f85 2a0c | 0000 4c8b | 9424 b000 
  0x00000210ee209c58: 0000 41c6 | 420c 0190 | 4585 db0f | 851f 3c00 | 0045 85db | 0f85 f23a | 0000 33ff | 488b 9424 
  0x00000210ee209c78: a000 0000 | 4c8b c24c | 8b8c 24b0 | 0000 0090 

  0x00000210ee209c88: ;   {static_call}
  0x00000210ee209c88: c5f8 77e8 

  0x00000210ee209c8c: ; ImmutableOopMap {[32]=Oop [40]=Oop [56]=NarrowOop [64]=NarrowOop [68]=NarrowOop [72]=Oop [80]=Oop [92]=NarrowOop [96]=Oop [104]=Oop [112]=Oop [120]=Oop [128]=Oop [136]=NarrowOop [140]=NarrowOop [148]=NarrowOop [152]=Oop [160]=Oop [168]=Oop [176]=Oop }
                      ;*invokestatic open {reexecute=0 rethrow=0 return_oop=1}
                      ; - sun.nio.fs.WindowsChannelFactory::newFileChannel@102
                      ; - sun.nio.fs.WindowsFileSystemProvider::newFileChannel@55
                      ; - java.io.IoOverNioFileSystem::initializeStreamsUsingNio0@14
                      ; - java.io.IoOverNioFileSystem::initializeStreamUsingNio@12
                      ; - java.io.FileInputStream::<init>@151
                      ; - jdk.internal.loader.URLClassPath$FileLoader$1::getInputStream@8
                      ; - jdk.internal.loader.Resource::cachedInputStream@9
                      ; - jdk.internal.loader.Resource::getByteBuffer@1
                      ; - java.net.URLClassLoader::defineClass@132
                      ; - java.net.URLClassLoader$1::run@43
                      ; - java.net.URLClassLoader$1::run@1
  0x00000210ee209c8c: 5009 36f8 

  0x00000210ee209c90: ;   {other}
  0x00000210ee209c90: 0f1f 8400 | 003c 002d | 4889 8424 | b800 0000 | 4c8b 9424 | b000 0000 | 450f b652 | 1744 8954 
  0x00000210ee209cb0: 2458 498b | 87b8 0100 | 004c 8b94 | 24b0 0000 | 0045 0fb6 | 5a0c 4489 | 9c24 9000 | 0000 4c8b 
  0x00000210ee209cd0: d049 83c2 | 404c 8b9c | 24b0 0000 | 0045 0fb6 | 5b0d 4489 | 9c24 0801 | 0000 4d3b | 97c8 0100 
  0x00000210ee209cf0: 000f 8356 | 2b00 004d | 8997 b801 | 0000 410f | 0d8a c000 | 0000 48c7 | 0001 0000 

  0x00000210ee209d0c: ;   {metadata('sun/nio/ch/FileChannelImpl')}
  0x00000210ee209d0c: 00c7 4008 | 4651 0120 | 4489 600c | 4c89 6010 | 4c89 6018 | 4c89 6020 | 4c89 6028 | 4c89 6030 
  0x00000210ee209d2c: 4c89 6038 | 4c8b d04c | 8994 24b0 | 0000 0049 | 8b87 b801 | 0000 4c8b | d049 83c2 | 104d 3b97 
  0x00000210ee209d4c: c801 0000 | 0f83 d72a | 0000 4d89 | 97b8 0100 | 0041 0f0d | 8ac0 0000 | 0048 c700 | 0100 0000 
  0x00000210ee209d6c: ;   {metadata('java/lang/Object')}
  0x00000210ee209d6c: c740 086d | 8200 2044 | 8960 0c4c | 8b94 24b8 | 0000 0049 | 8bea 4c8b | d04c 8b9c | 24b0 0000 
  0x00000210ee209d8c: 0045 8953 | 104c 8bd0 | 4d33 d349 | c1ea 140f | 1f44 0000 | 4d85 d274 | 1a49 c1eb | 0948 b900 
  0x00000210ee209dac: 0093 f510 | 0200 0049 | 03cb 8039 | 020f 85da | 1f00 004d | 8b97 b801 | 0000 4d8b | da49 83c3 
  0x00000210ee209dcc: 184d 3b9f | c801 0000 | 0f83 9f29 | 0000 4d89 | 9fb8 0100 | 0041 0f0d | 8bc0 0000 | 0049 c702 
  0x00000210ee209dec: 0100 0000 

  0x00000210ee209df0: ;   {metadata('sun/nio/ch/NativeThreadSet')}
  0x00000210ee209df0: 41c7 4208 | 4253 0120 | 4589 620c | 4d89 6210 | 4c89 9424 | c000 0000 | 498b 87b8 | 0100 004c 
  0x00000210ee209e10: 8bd0 4983 | c220 6666 | 0f1f 8400 | 0000 0000 | 4d3b 97c8 | 0100 000f | 83ab 2900 | 004d 8997 
  0x00000210ee209e30: b801 0000 | 410f 0d8a | c000 0000 | 48c7 0001 | 0000 0041 | 0f0d 8a00 

  0x00000210ee209e48: ;   {metadata({type array long})}
  0x00000210ee209e48: 0100 00c7 | 4008 2882 | 0020 410f | 0d8a 4001 | 0000 c740 | 0c02 0000 | 0041 0f0d | 8a80 0100 
  0x00000210ee209e68: 004c 8960 | 104c 8960 | 184c 8b94 | 24c0 0000 | 0049 8bda | 4c8b d845 | 895a 144c | 8bd0 4c8b 
  0x00000210ee209e88: 9c24 c000 | 0000 4d33 | d349 c1ea | 144d 85d2 | 741a 49c1 | eb09 48b9 | 0000 93f5 | 1002 0000 
  0x00000210ee209ea8: 4903 cb80 | 3902 0f85 | 431e 0000 | 4180 7f40 | 000f 856b | 1b00 004c | 8b94 24b0 | 0000 0041 
  0x00000210ee209ec8: 895a 304c | 8b94 24c0 | 0000 004c | 8b9c 24b0 | 0000 004d | 33d3 49c1 | ea14 4d85 | d274 2249 
  0x00000210ee209ee8: c1eb 0948 | b900 0093 | f510 0200 | 0049 03cb | 0f1f 8400 | 0000 0000 | 8039 020f | 859c 1d00 
  0x00000210ee209f08: 004d 8b97 | b801 0000 | 4d8b da49 | 83c3 1066 | 0f1f 8400 | 0000 0000 | 4d3b 9fc8 | 0100 000f 
  0x00000210ee209f28: 8387 2800 | 004d 899f | b801 0000 | 410f 0d8b | c000 0000 | 49c7 0201 

  0x00000210ee209f40: ;   {metadata('java/lang/Object')}
  0x00000210ee209f40: 0000 0041 | c742 086d | 8200 2045 | 8962 0c49 | 8bda 4180 | 7f40 000f | 8548 1b00 | 004c 8bd3 
  0x00000210ee209f60: 4d8b da4c | 8b94 24b0 | 0000 0045 | 895a 344c | 8bdb 4d33 | da49 c1eb | 144d 85db | 741a 49c1 
  0x00000210ee209f80: ea09 48b9 | 0000 93f5 | 1002 0000 | 4903 ca80 | 3902 0f85 | b01d 0000 | 0f1f 8400 | 0000 0000 
  0x00000210ee209fa0: 4180 7f40 | 000f 85ba | 1a00 004c | 8b94 24b0 | 0000 0041 | 896a 244c | 8b94 24b8 | 0000 004c 
  0x00000210ee209fc0: 8b9c 24b0 | 0000 004d | 33d3 49c1 | ea14 4d85 | d274 2c4c | 8b94 24b8 | 0000 000f | 1f44 0000 
  0x00000210ee209fe0: 4d85 d274 | 1a49 c1eb | 0948 b900 | 0093 f510 | 0200 0049 | 03cb 8039 | 020f 85eb | 1d00 0090 
  0x00000210ee20a000: 4180 7f40 | 000f 85da | 1a00 004c | 8b94 24b0 | 0000 0044 | 8b84 248c | 0000 0045 | 8942 2c4c 
  0x00000210ee20a020: 8b94 24a0 | 0000 004c | 8b9c 24b0 | 0000 004d | 33d3 49c1 | ea14 4d85 | d274 1a49 | c1eb 0948 
  0x00000210ee20a040: ;   {no_reloc}
  0x00000210ee20a040: b900 0093 | f510 0200 | 0049 03cb | 8039 020f | 85fa 1b00 | 004c 8b94 | 24b0 0000 | 0044 8b5c 
  0x00000210ee20a060: 2458 4588 | 5a20 448b | 8424 0801 | 0000 4588 | 420d 448b | 8424 9000 | 0000 4588 | 420e 6690 
  0x00000210ee20a080: ;   {static_call}
  0x00000210ee20a080: c5f8 77e8 

  0x00000210ee20a084: ; ImmutableOopMap {[32]=Oop [40]=Oop [56]=NarrowOop [64]=NarrowOop [68]=NarrowOop [72]=Oop [80]=Oop [92]=NarrowOop [96]=Oop [104]=Oop [112]=Oop [120]=Oop [128]=Oop [136]=NarrowOop [140]=NarrowOop [148]=NarrowOop [152]=Oop [160]=Oop [168]=Oop [176]=Oop [184]=Oop }
                      ;*invokestatic get {reexecute=0 rethrow=0 return_oop=1}
                      ; - sun.nio.ch.FileChannelImpl::<init>@59
                      ; - sun.nio.ch.FileChannelImpl::open@12
                      ; - sun.nio.fs.WindowsChannelFactory::newFileChannel@126
                      ; - sun.nio.fs.WindowsFileSystemProvider::newFileChannel@55
                      ; - java.io.IoOverNioFileSystem::initializeStreamsUsingNio0@14
                      ; - java.io.IoOverNioFileSystem::initializeStreamUsingNio@12
                      ; - java.io.FileInputStream::<init>@151
                      ; - jdk.internal.loader.URLClassPath$FileLoader$1::getInputStream@8
                      ; - jdk.internal.loader.Resource::cachedInputStream@9
                      ; - jdk.internal.loader.Resource::getByteBuffer@1
                      ; - java.net.URLClassLoader::defineClass@132
                      ; - java.net.URLClassLoader$1::run@43
                      ; - java.net.URLClassLoader$1::run@1
  0x00000210ee20a084: e952 0000 

  0x00000210ee20a088: ;   {other}
  0x00000210ee20a088: 0f1f 8400 | f83f 002e | 488b d841 | 807f 4000 | 0f85 871a | 0000 4c8b | d34c 8b9c | 24b0 0000 
  0x00000210ee20a0a8: 0045 8953 | 284d 8bd3 | 4c8b db4d | 33da 49c1 | eb14 4d85 | db74 2090 | 4885 db74 | 1a49 c1ea 
  0x00000210ee20a0c8: 0948 b900 | 0093 f510 | 0200 0049 | 03ca 8039 | 020f 8566 | 1d00 0044 | 8b54 2458 | 4585 d20f 
  0x00000210ee20a0e8: 85d7 3600 | 004c 8b94 | 24b0 0000 | 0041 c742 | 1cff ffff | ff66 6690 | 4885 db0f | 85a4 0000 
  0x00000210ee20a108: 0049 8b87 | b801 0000 | 4c8b d049 | 83c2 1066 | 0f1f 8400 | 0000 0000 | 4d3b 97c8 | 0100 000f 
  0x00000210ee20a128: 83ef 2700 | 004d 8997 | b801 0000 | 410f 0d8a | c000 0000 | 48c7 0001 

  0x00000210ee20a140: ;   {metadata('sun/nio/ch/FileChannelImpl$Closer')}
  0x00000210ee20a140: 0000 00c7 | 4008 009d | 0220 4489 | 600c 4c8b | d049 8bea | 498b d24c | 8b84 24b8 | 0000 004c 
  0x00000210ee20a160: 8b94 24a8 | 0000 004c | 8994 24a0 | 0000 0090 

  0x00000210ee20a170: ;   {optimized virtual_call}
  0x00000210ee20a170: c5f8 77e8 

  0x00000210ee20a174: ; ImmutableOopMap {rbp=Oop [32]=Oop [40]=Oop [56]=NarrowOop [64]=NarrowOop [68]=NarrowOop [72]=Oop [80]=Oop [92]=NarrowOop [96]=Oop [104]=Oop [112]=Oop [120]=Oop [128]=Oop [136]=NarrowOop [148]=NarrowOop [152]=Oop [160]=Oop [168]=Oop [176]=Oop }
                      ;*invokespecial <init> {reexecute=0 rethrow=0 return_oop=0}
                      ; - sun.nio.ch.FileChannelImpl::<init>@132
                      ; - sun.nio.ch.FileChannelImpl::open@12
                      ; - sun.nio.fs.WindowsChannelFactory::newFileChannel@126
                      ; - sun.nio.fs.WindowsFileSystemProvider::newFileChannel@55
                      ; - java.io.IoOverNioFileSystem::initializeStreamsUsingNio0@14
                      ; - java.io.IoOverNioFileSystem::initializeStreamUsingNio@12
                      ; - java.io.FileInputStream::<init>@151
                      ; - jdk.internal.loader.URLClassPath$FileLoader$1::getInputStream@8
                      ; - jdk.internal.loader.Resource::cachedInputStream@9
                      ; - jdk.internal.loader.Resource::getByteBuffer@1
                      ; - java.net.URLClassLoader::defineClass@132
                      ; - java.net.URLClassLoader$1::run@43
                      ; - java.net.URLClassLoader$1::run@1
  0x00000210ee20a174: 0849 66ff 

  0x00000210ee20a178: ;   {other}
  0x00000210ee20a178: 0f1f 8400 | e840 002f 

  0x00000210ee20a180: ;   {oop(a 'java/lang/ref/Cleaner'{0x0000000080a32740})}
  0x00000210ee20a180: 48ba 4027 | a380 0000 | 0000 4c8b | 8424 b000 | 0000 4c8b | cd66 6690 

  0x00000210ee20a198: ;   {optimized virtual_call}
  0x00000210ee20a198: c5f8 77e8 

  0x00000210ee20a19c: ; ImmutableOopMap {[32]=Oop [40]=Oop [56]=NarrowOop [64]=NarrowOop [68]=NarrowOop [72]=Oop [80]=Oop [92]=NarrowOop [96]=Oop [104]=Oop [112]=Oop [120]=Oop [128]=Oop [136]=NarrowOop [148]=NarrowOop [152]=Oop [160]=Oop [168]=Oop [176]=Oop }
                      ;*invokevirtual register {reexecute=0 rethrow=0 return_oop=1}
                      ; - sun.nio.ch.FileChannelImpl::<init>@135
                      ; - sun.nio.ch.FileChannelImpl::open@12
                      ; - sun.nio.fs.WindowsChannelFactory::newFileChannel@126
                      ; - sun.nio.fs.WindowsFileSystemProvider::newFileChannel@55
                      ; - java.io.IoOverNioFileSystem::initializeStreamsUsingNio0@14
                      ; - java.io.IoOverNioFileSystem::initializeStreamUsingNio@12
                      ; - java.io.FileInputStream::<init>@151
                      ; - jdk.internal.loader.URLClassPath$FileLoader$1::getInputStream@8
                      ; - jdk.internal.loader.Resource::cachedInputStream@9
                      ; - jdk.internal.loader.Resource::getByteBuffer@1
                      ; - java.net.URLClassLoader::defineClass@132
                      ; - java.net.URLClassLoader$1::run@43
                      ; - java.net.URLClassLoader$1::run@1
  0x00000210ee20a19c: e048 66ff 

  0x00000210ee20a1a0: ;   {other}
  0x00000210ee20a1a0: 0f1f 8400 | 1041 0030 | 488b d8eb | 0645 33d2 | 498b da41 | 807f 4000 | 0f85 a719 | 0000 4c8b 
  0x00000210ee20a1c0: db4c 8b94 | 24b0 0000 | 0045 895a | 384c 8bd3 | 4c8b 9c24 | b000 0000 | 4d33 d349 | c1ea 1490 
  0x00000210ee20a1e0: 4d85 d274 | 2448 85db | 741f 49c1 | eb09 48b9 | 0000 93f5 | 1002 0000 | 4903 cb0f | 1f44 0000 
  0x00000210ee20a200: 8039 020f | 858e 1c00 

  0x00000210ee20a208: ;   {oop(a 'sun/nio/fs/WindowsSecurityDescriptor'{0x0000000080c7c2b8})}
  0x00000210ee20a208: 0048 bab8 | c2c7 8000 | 0000 004c | 8b94 24a8 | 0000 004c | 8954 2460 

  0x00000210ee20a220: ;   {optimized virtual_call}
  0x00000210ee20a220: c5f8 77e8 

  0x00000210ee20a224: ; ImmutableOopMap {[32]=Oop [40]=Oop [56]=NarrowOop [64]=NarrowOop [68]=NarrowOop [72]=Oop [80]=Oop [92]=NarrowOop [96]=Oop [104]=Oop [112]=Oop [120]=Oop [128]=Oop [136]=NarrowOop [148]=NarrowOop [152]=Oop [168]=Oop [176]=Oop }
                      ;*invokevirtual release {reexecute=0 rethrow=0 return_oop=0}
                      ; - sun.nio.fs.WindowsFileSystemProvider::newFileChannel@67
                      ; - java.io.IoOverNioFileSystem::initializeStreamsUsingNio0@14
                      ; - java.io.IoOverNioFileSystem::initializeStreamUsingNio@12
                      ; - java.io.FileInputStream::<init>@151
                      ; - jdk.internal.loader.URLClassPath$FileLoader$1::getInputStream@8
                      ; - jdk.internal.loader.Resource::cachedInputStream@9
                      ; - jdk.internal.loader.Resource::getByteBuffer@1
                      ; - java.net.URLClassLoader::defineClass@132
                      ; - java.net.URLClassLoader$1::run@43
                      ; - java.net.URLClassLoader$1::run@1
  0x00000210ee20a224: b8d3 35f8 

  0x00000210ee20a228: ;   {other}
  0x00000210ee20a228: 0f1f 8400 | 9841 0031 | 4c8b 9424 | b000 0000 | 4c89 9424 | f000 0000 | 498b 87b8 | 0100 004c 
  0x00000210ee20a248: 8bd0 4983 | c218 4d3b | 97c8 0100 | 000f 8312 | 2600 004d | 8997 b801 | 0000 410f | 0d8a c000 
  0x00000210ee20a268: 0000 48c7 | 0001 0000 

  0x00000210ee20a270: ;   {metadata('java/io/IoOverNioFileSystem$StreamInitializationBundle')}
  0x00000210ee20a270: 00c7 4008 | 8d53 0120 | 4489 600c | 4c89 6010 | 4c8b d049 | 8bea 448b | 9c24 9400 | 0000 4d8b 
  0x00000210ee20a290: d34c 8954 | 2460 488b | 5424 704c | 8b84 24f0 | 0000 004d | 8bca 4c8b | 9424 a800 | 0000 4c89 
  0x00000210ee20a2b0: 9424 a000 | 0000 6690 

  0x00000210ee20a2b8: ;   {static_call}
  0x00000210ee20a2b8: c5f8 77e8 

  0x00000210ee20a2bc: ; ImmutableOopMap {rbp=Oop [32]=Oop [40]=Oop [56]=NarrowOop [64]=NarrowOop [68]=NarrowOop [72]=Oop [80]=Oop [92]=NarrowOop [96]=Oop [104]=Oop [112]=Oop [120]=Oop [128]=Oop [136]=NarrowOop [148]=NarrowOop [152]=Oop [160]=Oop [168]=Oop [240]=Oop }
                      ;*invokestatic initializeFdUsingNio {reexecute=0 rethrow=0 return_oop=1}
                      ; - java.io.IoOverNioFileSystem::initializeStreamsUsingNio0@28
                      ; - java.io.IoOverNioFileSystem::initializeStreamUsingNio@12
                      ; - java.io.FileInputStream::<init>@151
                      ; - jdk.internal.loader.URLClassPath$FileLoader$1::getInputStream@8
                      ; - jdk.internal.loader.Resource::cachedInputStream@9
                      ; - jdk.internal.loader.Resource::getByteBuffer@1
                      ; - java.net.URLClassLoader::defineClass@132
                      ; - java.net.URLClassLoader$1::run@43
                      ; - java.net.URLClassLoader$1::run@1
  0x00000210ee20a2bc: c0f0 35f8 

  0x00000210ee20a2c0: ;   {other}
  0x00000210ee20a2c0: 0f1f 8400 | 3042 0032 | 4889 8424 | a000 0000 | 498b 87b8 | 0100 004c | 8bd0 4983 | c220 6690 
  0x00000210ee20a2e0: 4d3b 97c8 | 0100 000f | 83ac 2500 | 004d 8997 | b801 0000 | 410f 0d8a | c000 0000 | 48c7 0001 
  0x00000210ee20a300: ;   {metadata('java/io/ExternalChannelHolder')}
  0x00000210ee20a300: 0000 00c7 | 4008 d553 | 0120 4489 | 600c 4c89 | 6010 4c89 | 6018 4c8b | d04c 8994 | 2490 0000 
  0x00000210ee20a320: 0049 8bd2 | 4c8b 4424 | 704c 8b8c | 24f0 0000 | 0048 8b7c | 2460 6690 

  0x00000210ee20a338: ;   {optimized virtual_call}
  0x00000210ee20a338: c5f8 77e8 

  0x00000210ee20a33c: ; ImmutableOopMap {rbp=Oop [32]=Oop [40]=Oop [56]=NarrowOop [64]=NarrowOop [68]=NarrowOop [72]=Oop [80]=Oop [92]=NarrowOop [104]=Oop [112]=Oop [120]=Oop [128]=Oop [136]=NarrowOop [144]=Oop [152]=Oop [160]=Oop [168]=Oop [240]=Oop }
                      ;*invokespecial <init> {reexecute=0 rethrow=0 return_oop=0}
                      ; - java.io.IoOverNioFileSystem::initializeStreamsUsingNio0@42
                      ; - java.io.IoOverNioFileSystem::initializeStreamUsingNio@12
                      ; - java.io.FileInputStream::<init>@151
                      ; - jdk.internal.loader.URLClassPath$FileLoader$1::getInputStream@8
                      ; - jdk.internal.loader.Resource::cachedInputStream@9
                      ; - jdk.internal.loader.Resource::getByteBuffer@1
                      ; - java.net.URLClassLoader::defineClass@132
                      ; - java.net.URLClassLoader$1::run@43
                      ; - java.net.URLClassLoader$1::run@1
  0x00000210ee20a33c: d74f 0000 

  0x00000210ee20a340: ;   {other}
  0x00000210ee20a340: 0f1f 8400 | b042 0033 | 488b d54c | 8b84 24a0 | 0000 004c | 8b8c 24f0 | 0000 0048 | 8bbc 2490 
  0x00000210ee20a360: 0000 004c | 8b94 24a8 | 0000 004c | 8994 24a0 | 0000 0090 

  0x00000210ee20a374: ;   {optimized virtual_call}
  0x00000210ee20a374: c5f8 77e8 

  0x00000210ee20a378: ; ImmutableOopMap {rbp=Oop [32]=Oop [40]=Oop [56]=NarrowOop [64]=NarrowOop [68]=NarrowOop [72]=Oop [80]=Oop [92]=NarrowOop [104]=Oop [112]=Oop [120]=Oop [128]=Oop [136]=NarrowOop [152]=Oop [160]=Oop [168]=Oop [240]=Oop }
                      ;*invokespecial <init> {reexecute=0 rethrow=0 return_oop=0}
                      ; - java.io.IoOverNioFileSystem::initializeStreamsUsingNio0@45
                      ; - java.io.IoOverNioFileSystem::initializeStreamUsingNio@12
                      ; - java.io.FileInputStream::<init>@151
                      ; - jdk.internal.loader.URLClassPath$FileLoader$1::getInputStream@8
                      ; - jdk.internal.loader.Resource::cachedInputStream@9
                      ; - jdk.internal.loader.Resource::getByteBuffer@1
                      ; - java.net.URLClassLoader::defineClass@132
                      ; - java.net.URLClassLoader$1::run@43
                      ; - java.net.URLClassLoader$1::run@1
  0x00000210ee20a378: aa4f 0000 

  0x00000210ee20a37c: ;   {other}
  0x00000210ee20a37c: 0f1f 8400 | ec42 0034 | 4c8b 9424 | a000 0000 | 4c89 9424 | 9000 0000 

  0x00000210ee20a394: ;   {static_call}
  0x00000210ee20a394: c5f8 77e8 

  0x00000210ee20a398: ; ImmutableOopMap {rbp=Oop [32]=Oop [40]=Oop [56]=NarrowOop [64]=NarrowOop [68]=NarrowOop [72]=Oop [80]=Oop [92]=NarrowOop [104]=Oop [112]=Oop [120]=Oop [128]=Oop [144]=Oop [168]=Oop }
                      ;*invokestatic remove {reexecute=0 rethrow=0 return_oop=0}
                      ; - java.io.IoOverNioFileSystem::initializeStreamUsingNio@17
                      ; - java.io.FileInputStream::<init>@151
                      ; - jdk.internal.loader.URLClassPath$FileLoader$1::getInputStream@8
                      ; - jdk.internal.loader.Resource::cachedInputStream@9
                      ; - jdk.internal.loader.Resource::getByteBuffer@1
                      ; - java.net.URLClassLoader::defineClass@132
                      ; - java.net.URLClassLoader$1::run@43
                      ; - java.net.URLClassLoader$1::run@1
  0x00000210ee20a398: 5d4f 0000 

  0x00000210ee20a39c: ;   {other}
  0x00000210ee20a39c: 0f1f 8400 | 0c43 0035 | 4180 7f40 | 000f 8563 | 1800 004c | 8b4c 2470 | 488b dd44 | 8b53 1045 
  0x00000210ee20a3bc: 8951 184d | 8bd9 4d8b | c24d 33c3 | 49c1 e814 | 4d85 c074 | 1f45 85d2 | 741a 49c1 | eb09 48b9 
  0x00000210ee20a3dc: 0000 93f5 | 1002 0000 | 4903 cb80 | 3902 0f85 | 551b 0000 | f083 4424 | c000 6666 | 0f1f 8400 
  0x00000210ee20a3fc: 0000 0000 | 4180 7f40 | 000f 859a | 1700 0044 | 8b53 0c45 | 8951 104d | 8bd9 4d8b | c24d 33c3 
  0x00000210ee20a41c: 49c1 e814 | 4d85 c074 | 2445 85d2 | 741f 49c1 | eb09 48b9 | 0000 93f5 | 1002 0000 | 4903 cb0f 
  0x00000210ee20a43c: 1f44 0000 | 8039 020f | 859f 1a00 | 0041 807f | 4000 0f85 | 8b17 0000 | 448b 5b14 | 4589 5928 
  0x00000210ee20a45c: 4d8b d14d | 8bc3 4d33 | c249 c1e8 | 144d 85c0 | 741f 4585 | db74 1a49 | c1ea 0948 | b900 0093 
  0x00000210ee20a47c: f510 0200 | 0049 03ca | 8039 020f | 8518 1b00 | 004c 894c 

  0x00000210ee20a490: ;   {oop(a 'com/jetbrains/internal/IoOverNio$Debug'{0x0000000080c85238})}
  0x00000210ee20a490: 2470 48ba | 3852 c880 | 0000 0000 | 4c8b 9424 | 9000 0000 | 4c89 5424 | 6066 6690 

  0x00000210ee20a4ac: ;   {optimized virtual_call}
  0x00000210ee20a4ac: c5f8 77e8 

  0x00000210ee20a4b0: ; ImmutableOopMap {[32]=Oop [40]=Oop [56]=NarrowOop [64]=NarrowOop [68]=NarrowOop [72]=Oop [80]=Oop [92]=NarrowOop [96]=Oop [104]=Oop [112]=Oop [120]=Oop [128]=Oop [168]=Oop }
                      ;*invokevirtual writeTraces {reexecute=0 rethrow=0 return_oop=0}
                      ; - java.io.FileInputStream::<init>@228
                      ; - jdk.internal.loader.URLClassPath$FileLoader$1::getInputStream@8
                      ; - jdk.internal.loader.Resource::cachedInputStream@9
                      ; - jdk.internal.loader.Resource::getByteBuffer@1
                      ; - java.net.URLClassLoader::defineClass@132
                      ; - java.net.URLClassLoader$1::run@43
                      ; - java.net.URLClassLoader$1::run@1
  0x00000210ee20a4b0: ecc6 14f8 

  0x00000210ee20a4b4: ;   {other}
  0x00000210ee20a4b4: 0f1f 8400 | 2444 0036 | 0f1f 4000 | 85c0 0f85 | 6033 0000 | 488b 5424 | 784c 8b54 | 2460 4c89 
  0x00000210ee20a4d4: 5424 7890 

  0x00000210ee20a4d8: ;   {optimized virtual_call}
  0x00000210ee20a4d8: c5f8 77e8 

  0x00000210ee20a4dc: ; ImmutableOopMap {[32]=Oop [40]=Oop [56]=NarrowOop [64]=NarrowOop [68]=NarrowOop [72]=Oop [80]=Oop [104]=Oop [112]=Oop [120]=Oop [168]=Oop }
                      ;*invokevirtual close {reexecute=0 rethrow=0 return_oop=0}
                      ; - java.io.FileInputStream::<init>@258
                      ; - jdk.internal.loader.URLClassPath$FileLoader$1::getInputStream@8
                      ; - jdk.internal.loader.Resource::cachedInputStream@9
                      ; - jdk.internal.loader.Resource::getByteBuffer@1
                      ; - java.net.URLClassLoader::defineClass@132
                      ; - java.net.URLClassLoader$1::run@43
                      ; - java.net.URLClassLoader$1::run@1
  0x00000210ee20a4dc: 4016 34f8 

  0x00000210ee20a4e0: ;   {other}
  0x00000210ee20a4e0: 0f1f 8400 | 5044 0037 | 488b 5c24 | 704c 8b8c | 2418 0100 | 00e9 d3d1 | ffff 8994 | 249c 0000 
  0x00000210ee20a500: 00e9 f801 | 0000 6666 | 0f1f 8400 | 0000 0000 | 498b d944 | 8984 249c | 0000 0044 | 8b53 0c90 
  0x00000210ee20a520: ;   {oop(a 'java/lang/ThreadLocal'{0x0000000080c7c2d0})}
  0x00000210ee20a520: 4181 fad0 | c2c7 800f | 84ae 0700 | 0044 8b53 | 0c45 85d2 | 0f84 ea2b | 0000 448b | 9c24 9c00 
  0x00000210ee20a540: 0000 41ff | c344 3b5c | 2464 0f8d | 580e 0000 | 458b c344 | 3b44 2464 | 0f83 7a25 | 0000 448b 
  0x00000210ee20a560: 5c24 6047 | 8b4c 8310 | 4d8b 9758 

  0x00000210ee20a56c: ; ImmutableOopMap {r9=NarrowOop rbp=Oop [32]=Oop [40]=Oop [56]=NarrowOop [64]=NarrowOop [68]=NarrowOop [72]=Oop [80]=Oop [92]=NarrowOop [96]=NarrowOop [104]=Oop [112]=Oop [120]=Oop [128]=Oop [136]=Oop [144]=NarrowOop [148]=NarrowOop [152]=NarrowOop [160]=NarrowOop [168]=Oop [176]=Oop }
                      ;*goto {reexecute=1 rethrow=0 return_oop=0}
                      ; - (reexecute) java.lang.ThreadLocal$ThreadLocalMap::set@79
                      ; - java.lang.ThreadLocal::set@13
                      ; - java.lang.ThreadLocal::set@5
                      ; - com.jetbrains.internal.IoOverNio$ParentForFileChannelImplHolder::set@7
                      ; - java.io.IoOverNioFileSystem::initializeStreamUsingNio@1
                      ; - java.io.FileInputStream::<init>@151
                      ; - jdk.internal.loader.URLClassPath$FileLoader$1::getInputStream@8
                      ; - jdk.internal.loader.Resource::cachedInputStream@9
                      ; - jdk.internal.loader.Resource::getByteBuffer@1
                      ; - java.net.URLClassLoader::defineClass@132
                      ; - java.net.URLClassLoader$1::run@43
                      ; - java.net.URLClassLoader$1::run@1
                      ;   {poll}
  0x00000210ee20a56c: 0400 0041 | 8502 4585 | c975 9944 | 8984 249c | 0000 004d | 8b97 b801 | 0000 4d8b | da49 83c3 
  0x00000210ee20a58c: 204d 3b9f | c801 0000 | 0f83 5e23 | 0000 4d89 | 9fb8 0100 | 0041 0f0d | 8bc0 0000 | 0049 c702 
  0x00000210ee20a5ac: 0100 0000 

  0x00000210ee20a5b0: ;   {metadata('java/lang/ThreadLocal$ThreadLocalMap$Entry')}
  0x00000210ee20a5b0: 41c7 4208 | 5e06 0020 | 4d89 6210 | 4d89 6218 

  0x00000210ee20a5c0: ;   {oop(a 'java/lang/ThreadLocal'{0x0000000080c7c2d0})}
  0x00000210ee20a5c0: 41c7 420c | d0c2 c780 | 498b da41 | 807f 4000 | 0f85 191d | 0000 4c8b 

  0x00000210ee20a5d8: ;   {oop(a 'java/lang/ref/ReferenceQueue$Null'{0x000000008078ac20})}
  0x00000210ee20a5d8: d341 c742 | 1020 ac78 

  0x00000210ee20a5e0: ;   {oop(a 'java/lang/ref/ReferenceQueue$Null'{0x000000008078ac20})}
  0x00000210ee20a5e0: 8049 ba20 | ac78 8000 | 0000 004c | 8bdb 4d33 | d349 c1ea | 144d 85d2 | 741a 49c1 | eb09 48b9 
  0x00000210ee20a600: 0000 93f5 | 1002 0000 | 4903 cb80 | 3902 0f85 | 4b1d 0000 | f083 4424 | c000 660f | 1f44 0000 
  0x00000210ee20a620: 4180 7f40 | 000f 858c | 1c00 004c | 8bd3 448b | 9c24 a000 | 0000 4589 | 5a1c 4c8b | 5424 704c 
  0x00000210ee20a640: 8bdb 4d33 | d349 c1ea | 144d 85d2 | 741b 49c1 | eb09 48b9 | 0000 93f5 | 1002 0000 | 4903 cb90 
  0x00000210ee20a660: 8039 020f | 8547 1d00 | 0044 8b9c | 249c 0000 | 0044 3b5c | 2464 0f83 | 7c2b 0000 | 448b 5424 
  0x00000210ee20a680: 604b 8d7c | 9a10 4180 | 7f40 000f | 8594 1c00 | 004c 8bd7 | 4c8b c344 | 8907 4c8b | db4d 33da 
  0x00000210ee20a6a0: 49c1 eb14 | 4d85 db74 | 2049 c1ea | 0948 b900 | 0093 f510 | 0200 0049 | 03ca 660f | 1f44 0000 
  0x00000210ee20a6c0: 8039 020f | 853c 1d00 | 0044 8b94 | 2498 0000 | 0045 8b5a | 1445 8bc3 | 458b da45 | 8b53 0c41 
  0x00000210ee20a6e0: ;   {no_reloc}
  0x00000210ee20a6e0: ffc2 458b | da44 8b8c | 2498 0000 | 0045 8951 | 0c45 8b48 | 0c45 8bd1 | 498b f845 | 8bcb 8b9c 
  0x00000210ee20a700: 249c 0000 | 00ff c341 | 3bda 0f8d | a40b 0000 | 8bd3 413b | d20f 83b5 | 2200 0041 | 8b4c 9010 
  0x00000210ee20a720: 85c9 0f84 | a8f3 ffff | 8b49 0c85 | c90f 859d | f3ff ff44 | 8bca 33ed | 85c9 400f | 94c5 ba45 
  0x00000210ee20a740: ffff ff48 | 8b8c 24a8 | 0000 0048 | 894c 2428 | 8b5c 2440 | 895c 243c | 8b4c 2444 | 894c 2440 
  0x00000210ee20a760: 8b8c 2490 | 0000 0089 | 4c24 588b | 9c24 9400 | 0000 899c | 2490 0000 | 0044 899c | 249c 0000 
  0x00000210ee20a780: 0044 898c | 24a8 0000 | 0044 8984 | 24ac 0000 | 0044 8994 | 24b0 0000 | 0066 6690 

  0x00000210ee20a79c: ;   {runtime_call UncommonTrapBlob}
  0x00000210ee20a79c: c5f8 77e8 

  0x00000210ee20a7a0: ; ImmutableOopMap {[32]=Oop [40]=Oop [56]=NarrowOop [60]=NarrowOop [64]=NarrowOop [88]=NarrowOop [92]=NarrowOop [104]=Oop [112]=Oop [120]=Oop [136]=Oop [144]=NarrowOop [152]=NarrowOop [172]=NarrowOop }
                      ;*ifeq {reexecute=1 rethrow=0 return_oop=0}
                      ; - (reexecute) java.lang.ThreadLocal$ThreadLocalMap::cleanSomeSlots@37
                      ; - java.lang.ThreadLocal$ThreadLocalMap::set@113
                      ; - java.lang.ThreadLocal::set@13
                      ; - java.lang.ThreadLocal::set@5
                      ; - com.jetbrains.internal.IoOverNio$ParentForFileChannelImplHolder::set@7
                      ; - java.io.IoOverNioFileSystem::initializeStreamUsingNio@1
                      ; - java.io.FileInputStream::<init>@151
                      ; - jdk.internal.loader.URLClassPath$FileLoader$1::getInputStream@8
                      ; - jdk.internal.loader.Resource::cachedInputStream@9
                      ; - jdk.internal.loader.Resource::getByteBuffer@1
                      ; - java.net.URLClassLoader::defineClass@132
                      ; - java.net.URLClassLoader$1::run@43
                      ; - java.net.URLClassLoader$1::run@1
  0x00000210ee20a7a0: 5c9b 66ff 

  0x00000210ee20a7a4: ;   {other}
  0x00000210ee20a7a4: 0f1f 8400 | 1447 0039 | baf6 ffff | ff48 8b6c | 2420 4889 | 4424 2090 

  0x00000210ee20a7bc: ;   {runtime_call UncommonTrapBlob}
  0x00000210ee20a7bc: c5f8 77e8 

  0x00000210ee20a7c0: ; ImmutableOopMap {rbp=Oop [32]=Oop }
                      ;*invokevirtual getResource {reexecute=0 rethrow=0 return_oop=0}
                      ; - java.net.URLClassLoader$1::run@26
                      ; - java.net.URLClassLoader$1::run@1
  0x00000210ee20a7c0: 3c9b 66ff 

  0x00000210ee20a7c4: ;   {other}
  0x00000210ee20a7c4: 0f1f 8400 | 3447 003a | ba76 ffff | ff48 8b6c | 2420 4489 | 4c24 2089 | 5c24 2889 | 4c24 2c90 
  0x00000210ee20a7e4: ;   {runtime_call UncommonTrapBlob}
  0x00000210ee20a7e4: c5f8 77e8 

  0x00000210ee20a7e8: ; ImmutableOopMap {rbp=Oop [32]=NarrowOop [44]=NarrowOop }
                      ;*if_icmpge {reexecute=1 rethrow=0 return_oop=0}
                      ; - (reexecute) java.lang.StringLatin1::replace@19
                      ; - java.lang.String::replace@18
                      ; - java.net.URLClassLoader$1::run@8
                      ; - java.net.URLClassLoader$1::run@1
  0x00000210ee20a7e8: 149b 66ff 

  0x00000210ee20a7ec: ;   {other}
  0x00000210ee20a7ec: 0f1f 8400 | 5c47 003b | 4863 d7e9 | d3c6 ffff | bacc ffff | ff48 8b6c | 2420 4c89 | 5c24 2048 
  0x00000210ee20a80c: 8974 2430 | 4889 5c24 | 3844 894c | 2440 6690 

  0x00000210ee20a81c: ;   {runtime_call UncommonTrapBlob}
  0x00000210ee20a81c: c5f8 77e8 

  0x00000210ee20a820: ; ImmutableOopMap {rbp=Oop [32]=Oop [56]=Oop }
                      ;*invokestatic arraycopy {reexecute=0 rethrow=0 return_oop=0}
                      ; - java.lang.String::getBytes@22
                      ; - java.lang.StringConcatHelper::prepend@21
                      ; - java.lang.StringConcatHelper::simpleConcat@71
                      ; - java.lang.String::concat@11
                      ; - java.net.URLClassLoader$1::run@13
                      ; - java.net.URLClassLoader$1::run@1
  0x00000210ee20a820: dc9a 66ff 

  0x00000210ee20a824: ;   {other}
  0x00000210ee20a824: 0f1f 8400 | 9447 003c | bacc ffff | ff48 8b6c | 2420 4c89 | 5424 2048 | 895c 2430 | 894c 2438 
  0x00000210ee20a844: ;   {runtime_call UncommonTrapBlob}
  0x00000210ee20a844: c5f8 77e8 

  0x00000210ee20a848: ; ImmutableOopMap {rbp=Oop [32]=Oop [48]=Oop }
                      ;*invokestatic arraycopy {reexecute=0 rethrow=0 return_oop=0}
                      ; - java.lang.String::getBytes@22
                      ; - java.lang.StringConcatHelper::prepend@21
                      ; - java.lang.StringConcatHelper::simpleConcat@81
                      ; - java.lang.String::concat@11
                      ; - java.net.URLClassLoader$1::run@13
                      ; - java.net.URLClassLoader$1::run@1
  0x00000210ee20a848: b49a 66ff 

  0x00000210ee20a84c: ;   {other}
  0x00000210ee20a84c: 0f1f 8400 | bc47 003d | ba76 ffff | ff44 894c | 2428 4c89 | 5424 3089 | 5c24 3c89 | 4c24 4090 
  0x00000210ee20a86c: ;   {runtime_call UncommonTrapBlob}
  0x00000210ee20a86c: c5f8 77e8 

  0x00000210ee20a870: ; ImmutableOopMap {[32]=Oop [40]=NarrowOop [48]=Oop [64]=NarrowOop }
                      ;*if_icmpge {reexecute=1 rethrow=0 return_oop=0}
                      ; - (reexecute) java.lang.StringLatin1::replace@82
                      ; - java.lang.String::replace@18
                      ; - java.net.URLClassLoader$1::run@8
                      ; - java.net.URLClassLoader$1::run@1
  0x00000210ee20a870: 8c9a 66ff 

  0x00000210ee20a874: ;   {other}
  0x00000210ee20a874: 0f1f 8400 | e447 003e | 0f1f 4000 | 83fd 020f | 84b7 0c00 | 0083 fd06 | 0f84 c70c | 0000 448d 
  0x00000210ee20a894: 55fb 6666 | 0f1f 8400 | 0000 0000 | 4183 fa01 | 0f86 c80c | 0000 448d | 45fc 4183 | f802 0f87 
  0x00000210ee20a8b4: dc32 0000 | 4c8b 9424 | b000 0000 | 41c6 420f | 014c 8b94 | 24b0 0000 | 0045 0fb6 | 420c 4585 
  0x00000210ee20a8d4: c00f 8584 | f3ff ff45 | 0fb6 420d | 4585 c00f | 8580 f3ff | ff45 85db | 0f85 b231 | 0000 4c8b 
  0x00000210ee20a8f4: 9424 b000 | 0000 41c6 | 420c 0190 | e95a f3ff | ffba f6ff | ffff 488b | 6c24 2048 | 8944 2430 
  0x00000210ee20a914: ;   {runtime_call UncommonTrapBlob}
  0x00000210ee20a914: c5f8 77e8 

  0x00000210ee20a918: ; ImmutableOopMap {rbp=Oop [48]=Oop [68]=NarrowOop [168]=Oop }
                      ;*invokevirtual defineClass {reexecute=0 rethrow=0 return_oop=0}
                      ; - java.net.URLClassLoader$1::run@43
                      ; - java.net.URLClassLoader$1::run@1
  0x00000210ee20a918: e499 66ff 

  0x00000210ee20a91c: ;   {other}
  0x00000210ee20a91c: 0f1f 8400 | 8c48 003f | ba76 ffff | ff48 8b6c | 2420 4489 | 4c24 2089 | 5c24 284c | 8b94 24a8 
  0x00000210ee20a93c: 0000 004c | 8954 2438 | 448b 5424 | 4044 8954 | 242c 6690 

  0x00000210ee20a950: ;   {runtime_call UncommonTrapBlob}
  0x00000210ee20a950: c5f8 77e8 

  0x00000210ee20a954: ; ImmutableOopMap {rbp=Oop [32]=NarrowOop [44]=NarrowOop [56]=Oop [68]=NarrowOop }
                      ;*iflt {reexecute=1 rethrow=0 return_oop=0}
                      ; - (reexecute) java.lang.StringLatin1::lastIndexOf@19
                      ; - java.lang.String::lastIndexOf@13
                      ; - java.lang.String::lastIndexOf@8
                      ; - java.net.URLClassLoader::defineClass@7
                      ; - java.net.URLClassLoader$1::run@43
                      ; - java.net.URLClassLoader$1::run@1
  0x00000210ee20a954: a899 66ff 

  0x00000210ee20a958: ;   {other}
  0x00000210ee20a958: 0f1f 8400 | c848 0040 | ba45 ffff | ff4c 8b9c | 24a8 0000 | 004c 895c | 2428 448b | 4424 4044 
  0x00000210ee20a978: 8944 2438 | 448b 5c24 | 4444 895c | 243c 4489 | 5424 4890 

  0x00000210ee20a98c: ;   {runtime_call UncommonTrapBlob}
  0x00000210ee20a98c: c5f8 77e8 

  0x00000210ee20a990: ; ImmutableOopMap {rbp=NarrowOop [32]=Oop [40]=Oop [56]=NarrowOop [60]=NarrowOop [72]=NarrowOop }
                      ;*ifeq {reexecute=1 rethrow=0 return_oop=0}
                      ; - (reexecute) jdk.internal.loader.Resource::getByteBuffer@9
                      ; - java.net.URLClassLoader::defineClass@132
                      ; - java.net.URLClassLoader$1::run@43
                      ; - java.net.URLClassLoader$1::run@1
  0x00000210ee20a990: 6c99 66ff 

  0x00000210ee20a994: ;   {other}
  0x00000210ee20a994: 0f1f 8400 | 0449 0041 | 33ed 4585 | d240 0f94 | c5ba 45ff | ffff 894c | 2428 6690 

  0x00000210ee20a9b0: ;   {runtime_call UncommonTrapBlob}
  0x00000210ee20a9b0: c5f8 77e8 

  0x00000210ee20a9b4: ; ImmutableOopMap {[32]=Oop [40]=NarrowOop }
                      ;*ifeq {reexecute=1 rethrow=0 return_oop=0}
                      ; - (reexecute) java.lang.String::replace@9
                      ; - java.net.URLClassLoader$1::run@8
                      ; - java.net.URLClassLoader$1::run@1
  0x00000210ee20a9b4: 4899 66ff 

  0x00000210ee20a9b8: ;   {other}
  0x00000210ee20a9b8: 0f1f 8400 | 2849 0042 | 4c89 7424 | 604c 896c | 2458 4489 | 5424 4c4c | 8b54 2428 | 4c89 5424 
  0x00000210ee20a9d8: 5044 8b5c | 2444 4489 | 5c24 4844 | 8b54 2440 | 4489 5424 | 2c4c 8944 | 2440 488b | 6c24 2049 
  0x00000210ee20a9f8: 8bd0 4c8d | 8424 2001 | 0000 6690 

  0x00000210ee20aa04: ;   {runtime_call _complete_monitor_locking_Java}
  0x00000210ee20aa04: c5f8 77e8 

  0x00000210ee20aa08: ; ImmutableOopMap {rbp=Oop [44]=NarrowOop [64]=Oop [72]=NarrowOop [76]=NarrowOop [80]=Oop [88]=Oop [96]=Oop [160]=Oop [168]=Oop }
                      ;*synchronization entry
                      ; - jdk.internal.loader.Resource::cachedInputStream@-1
                      ; - jdk.internal.loader.Resource::getByteBuffer@1
                      ; - java.net.URLClassLoader::defineClass@132
                      ; - java.net.URLClassLoader$1::run@43
                      ; - java.net.URLClassLoader$1::run@1
  0x00000210ee20aa08: f48c 72ff 

  0x00000210ee20aa0c: ;   {other}
  0x00000210ee20aa0c: 0f1f 8400 | 7c49 0043 | 4889 6c24 | 2044 8b5c | 242c 4489 | 5c24 4044 | 8b54 2448 | 4489 5424 
  0x00000210ee20aa2c: 444c 8b54 | 2450 4c89 | 5424 2844 | 8b54 244c | 4c8b 6c24 | 584c 8b74 | 2460 e907 | ccff ffba 
  0x00000210ee20aa4c: 6eff ffff | 488b 6c24 | 2044 894c | 2420 895c | 2428 4c8b | 9424 a800 | 0000 4c89 | 5424 3844 
  0x00000210ee20aa6c: 8b5c 2440 | 4489 5c24 | 2c66 6690 

  0x00000210ee20aa78: ;   {runtime_call UncommonTrapBlob}
  0x00000210ee20aa78: c5f8 77e8 

  0x00000210ee20aa7c: ; ImmutableOopMap {rbp=Oop [32]=NarrowOop [44]=NarrowOop [56]=Oop [68]=NarrowOop }
                      ;*iflt {reexecute=1 rethrow=0 return_oop=0}
                      ; - (reexecute) java.lang.StringLatin1::lastIndexOf@19
                      ; - java.lang.String::lastIndexOf@13
                      ; - java.lang.String::lastIndexOf@8
                      ; - java.net.URLClassLoader::defineClass@7
                      ; - java.net.URLClassLoader$1::run@43
                      ; - java.net.URLClassLoader$1::run@1
  0x00000210ee20aa7c: 8098 66ff 

  0x00000210ee20aa80: ;   {other}
  0x00000210ee20aa80: 0f1f 8400 | f049 0044 | 4489 4424 | 3c4c 8974 | 2450 4c89 | 6c24 4844 | 8954 2438 | 498b c948 
  0x00000210ee20aaa0: 8d94 2420 | 0100 004d | 8bc7 c5f8 | 7749 bab0 | d76d 7dff | 7f00 0041 

  0x00000210ee20aab8: ;   {other}
  0x00000210ee20aab8: ffd2 0f1f | 8400 0000 | 0000 448b | 5424 384c | 8b6c 2448 | 4c8b 7424 | 5044 8b44 | 243c e9fe 
  0x00000210ee20aad8: ccff ffba | 76ff ffff | 4489 4c24 | 2889 5c24 | 2c4c 8954 | 2430 894c | 243c 6690 

  0x00000210ee20aaf4: ;   {runtime_call UncommonTrapBlob}
  0x00000210ee20aaf4: c5f8 77e8 

  0x00000210ee20aaf8: ; ImmutableOopMap {[32]=Oop [40]=NarrowOop [48]=Oop [60]=NarrowOop }
                      ;*if_icmpge {reexecute=1 rethrow=0 return_oop=0}
                      ; - (reexecute) java.lang.StringLatin1::replace@61
                      ; - java.lang.String::replace@18
                      ; - java.net.URLClassLoader$1::run@8
                      ; - java.net.URLClassLoader$1::run@1
  0x00000210ee20aaf8: 0498 66ff 

  0x00000210ee20aafc: ;   {other}
  0x00000210ee20aafc: 0f1f 8400 | 6c4a 0045 | 41ba 0100 | 0000 e98c | c1ff ffba | 45ff ffff | 488b 6c24 | 204c 895c 
  0x00000210ee20ab1c: 2420 4489 | 4c24 2890 

  0x00000210ee20ab24: ;   {runtime_call UncommonTrapBlob}
  0x00000210ee20ab24: c5f8 77e8 

  0x00000210ee20ab28: ; ImmutableOopMap {rbp=Oop [32]=Oop }
                      ;*iflt {reexecute=1 rethrow=0 return_oop=0}
                      ; - (reexecute) java.lang.StringConcatHelper::checkOverflow@2
                      ; - java.lang.StringConcatHelper::mix@23
                      ; - java.lang.StringConcatHelper::simpleConcat@46
                      ; - java.lang.String::concat@11
                      ; - java.net.URLClassLoader$1::run@13
                      ; - java.net.URLClassLoader$1::run@1
  0x00000210ee20ab28: d497 66ff 

  0x00000210ee20ab2c: ;   {other}
  0x00000210ee20ab2c: 0f1f 8400 | 9c4a 0046 | ba45 ffff | ff4c 895c | 2428 6690 

  0x00000210ee20ab40: ;   {runtime_call UncommonTrapBlob}
  0x00000210ee20ab40: c5f8 77e8 

  0x00000210ee20ab44: ; ImmutableOopMap {[32]=Oop [40]=Oop }
                      ;*iflt {reexecute=1 rethrow=0 return_oop=0}
                      ; - (reexecute) java.lang.StringConcatHelper::checkOverflow@2
                      ; - java.lang.StringConcatHelper::mix@23
                      ; - java.lang.StringConcatHelper::simpleConcat@54
                      ; - java.lang.String::concat@11
                      ; - java.net.URLClassLoader$1::run@13
                      ; - java.net.URLClassLoader$1::run@1
  0x00000210ee20ab44: b897 66ff 

  0x00000210ee20ab48: ;   {other}
  0x00000210ee20ab48: 0f1f 8400 | b84a 0047 | ba45 ffff | ff48 8b6c | 2420 4c89 | 5c24 2848 | 895c 2430 | 4489 4424 
  0x00000210ee20ab68: 3866 6690 

  0x00000210ee20ab6c: ;   {runtime_call UncommonTrapBlob}
  0x00000210ee20ab6c: c5f8 77e8 

  0x00000210ee20ab70: ; ImmutableOopMap {rbp=Oop [40]=Oop [48]=Oop }
                      ;*if_icmpne {reexecute=1 rethrow=0 return_oop=0}
                      ; - (reexecute) java.lang.String::getBytes@5
                      ; - java.lang.StringConcatHelper::prepend@21
                      ; - java.lang.StringConcatHelper::simpleConcat@81
                      ; - java.lang.String::concat@11
                      ; - java.net.URLClassLoader$1::run@13
                      ; - java.net.URLClassLoader$1::run@1
  0x00000210ee20ab70: 8c97 66ff 

  0x00000210ee20ab74: ;   {other}
  0x00000210ee20ab74: 0f1f 8400 | e44a 0048 | ba45 ffff | ff48 8b6c | 2420 4c89 | 5c24 2048 | 8974 2428 | 4489 4424 
  0x00000210ee20ab94: 3066 6690 

  0x00000210ee20ab98: ;   {runtime_call UncommonTrapBlob}
  0x00000210ee20ab98: c5f8 77e8 

  0x00000210ee20ab9c: ; ImmutableOopMap {rbp=Oop [32]=Oop }
                      ;*if_icmpne {reexecute=1 rethrow=0 return_oop=0}
                      ; - (reexecute) java.lang.StringConcatHelper::mix@13
                      ; - java.lang.StringConcatHelper::simpleConcat@46
                      ; - java.lang.String::concat@11
                      ; - java.net.URLClassLoader$1::run@13
                      ; - java.net.URLClassLoader$1::run@1
  0x00000210ee20ab9c: 6097 66ff 

  0x00000210ee20aba0: ;   {other}
  0x00000210ee20aba0: 0f1f 8400 | 104b 0049 | ba45 ffff | ff48 8b6c | 2420 4c89 | 5c24 2048 | 8944 2428 | 897c 2430 
  0x00000210ee20abc0: ;   {runtime_call UncommonTrapBlob}
  0x00000210ee20abc0: c5f8 77e8 

  0x00000210ee20abc4: ; ImmutableOopMap {rbp=Oop [32]=Oop }
                      ;*ifge {reexecute=1 rethrow=0 return_oop=0}
                      ; - (reexecute) java.lang.StringConcatHelper::newArray@13
                      ; - java.lang.StringConcatHelper::simpleConcat@61
                      ; - java.lang.String::concat@11
                      ; - java.net.URLClassLoader$1::run@13
                      ; - java.net.URLClassLoader$1::run@1
  0x00000210ee20abc4: 3897 66ff 

  0x00000210ee20abc8: ;   {other}
  0x00000210ee20abc8: 0f1f 8400 | 384b 004a | 4180 7f40 | 000f 857d | 1a00 0044 | 8b9c 24b0 | 0000 0044 | 895b 1c4c 
  0x00000210ee20abe8: 8b54 2478 | 4c8b db4d | 33d3 49c1 | ea14 4d85 | d20f 8434 | e0ff ff49 | c1eb 0948 | b900 0093 
  0x00000210ee20ac08: f510 0200 | 0049 03cb | 8039 020f | 841a e0ff | ff4d 8b57 | 484d 8b5f | 58f0 8344 | 24c0 0080 
  0x00000210ee20ac28: 3900 0f84 | 03e0 ffff | 4488 214d | 85d2 7520 | 498b d7c5 | f877 49ba | e029 2c7d | ff7f 0000 
  0x00000210ee20ac48: ;   {other}
  0x00000210ee20ac48: 41ff d20f | 1f84 0000 | 0000 00e9 | dbdf ffff | 4b89 4c13 | f849 83c2 | f84d 8957 | 48e9 c9df 
  0x00000210ee20ac68: ffff 4963 | cbe9 3ec7 | ffff 4883 | c1fe 498b | f948 33c0 | 4883 f908 | 7f10 48ff | c978 4f48 
  0x00000210ee20ac88: 8904 cf48 | ffc9 7df7 | eb44 c5fd | efc0 e90d | 0000 00c5 | fe7f 07c5 | fe7f 4720 | 4883 c740 
  0x00000210ee20aca8: 4883 e908 | 7ded 4883 | c104 7c0c | c5fe 7f07 | 4883 c720 | 4883 e904 | 4883 c104 | 7e10 48ff 
  0x00000210ee20acc8: c9c5 f9d6 | 0748 83c7 | 0848 ffc9 | 7df3 e9c0 | c7ff ff0f | 1f44 0000 | 4180 7f40 | 000f 85a4 
  0x00000210ee20ace8: 1900 0044 | 8b9c 24a0 | 0000 0044 | 895b 1c4c | 8b54 2470 | 4c8b db4d | 33d3 49c1 | ea14 4d85 
  0x00000210ee20ad08: d20f 84fa | edff ff49 | c1eb 0948 | b900 0093 | f510 0200 | 0049 03cb | 8039 020f | 84e0 edff 
  0x00000210ee20ad28: ff4d 8b57 | 484d 8b5f | 58f0 8344 | 24c0 0066 | 0f1f 8400 | 0000 0000 | 8039 000f | 84c0 edff 
  0x00000210ee20ad48: ;   {no_reloc}
  0x00000210ee20ad48: ff44 8821 | 4d85 d275 | 2049 8bd7 | c5f8 7749 | bae0 292c | 7dff 7f00 | 0041 ffd2 

  0x00000210ee20ad64: ;   {other}
  0x00000210ee20ad64: 0f1f 8400 | 0000 0000 | e998 edff | ff4b 894c | 13f8 4983 | c2f8 4d89 | 5748 6690 | e984 edff 
  0x00000210ee20ad84: ffba ccff | ffff 488b | 6c24 2044 | 894c 2420 | 4489 5c24 | 284c 8b9c | 24a8 0000 | 004c 895c 
  0x00000210ee20ada4: 2438 448b | 4424 4044 | 8944 242c | 448b 5c24 | 4444 895c | 2440 4489 | 5424 4448 | 895c 2458 
  0x00000210ee20adc4: ;   {runtime_call UncommonTrapBlob}
  0x00000210ee20adc4: c5f8 77e8 

  0x00000210ee20adc8: ; ImmutableOopMap {rbp=Oop [32]=NarrowOop [44]=NarrowOop [56]=Oop [64]=NarrowOop [68]=NarrowOop [88]=Oop }
                      ;*newarray {reexecute=1 rethrow=0 return_oop=0}
                      ; - (reexecute) java.util.Arrays::copyOfRangeByte@10
                      ; - java.util.Arrays::copyOfRange@13
                      ; - java.lang.StringLatin1::newString@16
                      ; - java.lang.String::substring@41
                      ; - java.net.URLClassLoader::defineClass@28
                      ; - java.net.URLClassLoader$1::run@43
                      ; - java.net.URLClassLoader$1::run@1
  0x00000210ee20adc8: 3495 66ff 

  0x00000210ee20adcc: ;   {other}
  0x00000210ee20adcc: 0f1f 8400 | 3c4d 004b | baf6 ffff | ff4c 8b9c | 24a8 0000 | 004c 895c | 2428 448b | 4424 4044 
  0x00000210ee20adec: 8944 2438 | 448b 5c24 | 4444 895c | 243c 4489 | 5424 4848 | 894c 2450 

  0x00000210ee20ae04: ;   {runtime_call UncommonTrapBlob}
  0x00000210ee20ae04: c5f8 77e8 

  0x00000210ee20ae08: ; ImmutableOopMap {rbp=NarrowOop [32]=Oop [40]=Oop [56]=NarrowOop [60]=NarrowOop [72]=NarrowOop [80]=Oop }
                      ;*invokevirtual getInputStream {reexecute=0 rethrow=0 return_oop=0}
                      ; - jdk.internal.loader.URLClassPath$JarLoader$2::getInputStream@11
                      ; - jdk.internal.loader.Resource::cachedInputStream@9
                      ; - jdk.internal.loader.Resource::getByteBuffer@1
                      ; - java.net.URLClassLoader::defineClass@132
                      ; - java.net.URLClassLoader$1::run@43
                      ; - java.net.URLClassLoader$1::run@1
  0x00000210ee20ae08: f494 66ff 

  0x00000210ee20ae0c: ;   {other}
  0x00000210ee20ae0c: 0f1f 8400 | 7c4d 004c | 33ed 4585 | db40 0f94 | c5ba 45ff | ffff 4c8b | 9c24 a800 | 0000 4c89 
  0x00000210ee20ae2c: 5c24 2844 | 8b44 2440 | 4489 4424 | 3844 8b5c | 2444 4489 | 5c24 3c44 | 8954 2444 

  0x00000210ee20ae48: ;   {runtime_call UncommonTrapBlob}
  0x00000210ee20ae48: c5f8 77e8 

  0x00000210ee20ae4c: ; ImmutableOopMap {[32]=Oop [40]=Oop [56]=NarrowOop [60]=NarrowOop }
                      ;*ifeq {reexecute=1 rethrow=0 return_oop=0}
                      ; - (reexecute) java.lang.String::lastIndexOf@4
                      ; - java.lang.String::lastIndexOf@8
                      ; - java.net.URLClassLoader::defineClass@7
                      ; - java.net.URLClassLoader$1::run@43
                      ; - java.net.URLClassLoader$1::run@1
  0x00000210ee20ae4c: b094 66ff 

  0x00000210ee20ae50: ;   {other}
  0x00000210ee20ae50: 0f1f 8400 | c04d 004d | ba45 ffff | ff48 8b6c | 2420 4489 | 5c24 2444 | 895c 2428 | 4c8b 9c24 
  0x00000210ee20ae70: a800 0000 | 4c89 5c24 | 3844 8b44 | 2440 4489 | 4424 2c44 | 8954 2450 | 894c 2458 

  0x00000210ee20ae8c: ;   {runtime_call UncommonTrapBlob}
  0x00000210ee20ae8c: c5f8 77e8 

  0x00000210ee20ae90: ; ImmutableOopMap {rbp=Oop [44]=NarrowOop [56]=Oop [68]=NarrowOop [80]=NarrowOop }
                      ;*if_icmpgt {reexecute=1 rethrow=0 return_oop=0}
                      ; - (reexecute) jdk.internal.util.Preconditions::checkFromToIndex@6
                      ; - java.lang.String::checkBoundsBeginEnd@6
                      ; - java.lang.String::substring@8
                      ; - java.net.URLClassLoader::defineClass@28
                      ; - java.net.URLClassLoader$1::run@43
                      ; - java.net.URLClassLoader$1::run@1
  0x00000210ee20ae90: 6c94 66ff 

  0x00000210ee20ae94: ;   {other}
  0x00000210ee20ae94: 0f1f 8400 | 044e 004e | ba45 ffff | ff48 8b6c | 2420 4489 | 5c24 2444 | 895c 2428 | 4c8b 9c24 
  0x00000210ee20aeb4: a800 0000 | 4c89 5c24 | 3844 8b44 | 2440 4489 | 4424 2c44 | 8954 2450 | 894c 2458 | 894c 245c 
  0x00000210ee20aed4: ;   {runtime_call UncommonTrapBlob}
  0x00000210ee20aed4: c5f8 77e8 

  0x00000210ee20aed8: ; ImmutableOopMap {rbp=Oop [44]=NarrowOop [56]=Oop [68]=NarrowOop [80]=NarrowOop }
                      ;*if_icmple {reexecute=1 rethrow=0 return_oop=0}
                      ; - (reexecute) jdk.internal.util.Preconditions::checkFromToIndex@11
                      ; - java.lang.String::checkBoundsBeginEnd@6
                      ; - java.lang.String::substring@8
                      ; - java.net.URLClassLoader::defineClass@28
                      ; - java.net.URLClassLoader$1::run@43
                      ; - java.net.URLClassLoader$1::run@1
  0x00000210ee20aed8: 2494 66ff 

  0x00000210ee20aedc: ;   {other}
  0x00000210ee20aedc: 0f1f 8400 | 4c4e 004f | 4889 7424 | 6048 895c | 2458 4c89 | 7424 504c | 896c 2448 | 4489 5424 
  0x00000210ee20aefc: 3849 8bd7 | c5f8 7749 | ba00 2a2c | 7dff 7f00 | 0041 ffd2 

  0x00000210ee20af10: ;   {other}
  0x00000210ee20af10: 0f1f 8400 | 0000 0000 | 448b 5424 | 384c 8b6c | 2448 4c8b | 7424 5048 | 8b5c 2458 | 488b 7424 
  0x00000210ee20af30: 60e9 75c5 | ffff 33ed | 4585 d240 | 0f95 c5ba | 45ff ffff | 4c8b 9424 | a800 0000 | 448b 5c24 
  0x00000210ee20af50: 4444 895c | 243c 4c89 | 5424 5048 | 8944 2478 

  0x00000210ee20af60: ;   {runtime_call UncommonTrapBlob}
  0x00000210ee20af60: c5f8 77e8 

  0x00000210ee20af64: ; ImmutableOopMap {[32]=Oop [60]=NarrowOop [64]=NarrowOop [72]=NarrowOop [80]=Oop [88]=Oop [96]=Oop [120]=Oop [168]=Oop }
                      ;*ifne {reexecute=1 rethrow=0 return_oop=0}
                      ; - (reexecute) java.lang.Package::isSealed@7
                      ; - java.net.URLClassLoader::getAndVerifyPackage@14
                      ; - java.net.URLClassLoader::defineClass@46
                      ; - java.net.URLClassLoader$1::run@43
                      ; - java.net.URLClassLoader$1::run@1
  0x00000210ee20af64: 9893 66ff 

  0x00000210ee20af68: ;   {other}
  0x00000210ee20af68: 0f1f 8400 | d84e 0050 | ba45 ffff | ff4c 8b94 | 24a8 0000 | 004c 8954 | 2428 448b | 5424 4444 
  0x00000210ee20af88: 8954 243c | 4889 4424 | 7866 6690 

  0x00000210ee20af94: ;   {runtime_call UncommonTrapBlob}
  0x00000210ee20af94: c5f8 77e8 

  0x00000210ee20af98: ; ImmutableOopMap {rbp=NarrowOop [32]=Oop [40]=Oop [60]=NarrowOop [64]=NarrowOop [72]=NarrowOop [88]=Oop [96]=Oop [120]=Oop }
                      ;*ifnull {reexecute=1 rethrow=0 return_oop=0}
                      ; - (reexecute) java.lang.Package::isSealed@17
                      ; - java.net.URLClassLoader::getAndVerifyPackage@14
                      ; - java.net.URLClassLoader::defineClass@46
                      ; - java.net.URLClassLoader$1::run@43
                      ; - java.net.URLClassLoader$1::run@1
  0x00000210ee20af98: 6493 66ff 

  0x00000210ee20af9c: ;   {other}
  0x00000210ee20af9c: 0f1f 8400 | 0c4f 0051 | ba45 ffff | ff48 8b6c | 2420 4c8b | 9424 a800 | 0000 4c89 | 5424 2044 
  0x00000210ee20afbc: 8b5c 2440 | 4489 5c24 | 2844 8b54 | 2444 4489 | 5424 2c44 | 8b5c 2448 | 4489 5c24 | 4089 4424 
  0x00000210ee20afdc: 4466 6690 

  0x00000210ee20afe0: ;   {runtime_call UncommonTrapBlob}
  0x00000210ee20afe0: c5f8 77e8 

  0x00000210ee20afe4: ; ImmutableOopMap {rbp=Oop [32]=Oop [40]=NarrowOop [44]=NarrowOop [64]=NarrowOop [88]=Oop [96]=Oop }
                      ;*ifeq {reexecute=1 rethrow=0 return_oop=0}
                      ; - (reexecute) java.net.URLClassLoader::getAndVerifyPackage@71
                      ; - java.net.URLClassLoader::defineClass@46
                      ; - java.net.URLClassLoader$1::run@43
                      ; - java.net.URLClassLoader$1::run@1
  0x00000210ee20afe4: 1893 66ff 

  0x00000210ee20afe8: ;   {other}
  0x00000210ee20afe8: 0f1f 8400 | 584f 0052 | 4c89 4c24 | 6844 8944 | 2454 4c89 | 7424 604c | 896c 2458 | 4489 5424 
  0x00000210ee20b008: 504c 8b54 | 2428 4c89 | 5424 4844 | 8b5c 2444 | 4489 5c24 | 3c44 8b54 | 2440 4489 

  0x00000210ee20b024: ;   {metadata('java/io/FileInputStream')}
  0x00000210ee20b024: 5424 3848 | bad0 0d07 | 0001 0000 | 004c 8b94 | 24a8 0000 | 004c 8954 | 2470 6690 

  0x00000210ee20b040: ;   {runtime_call _new_instance_Java}
  0x00000210ee20b040: c5f8 77e8 

  0x00000210ee20b044: ; ImmutableOopMap {[32]=Oop [56]=NarrowOop [60]=NarrowOop [72]=Oop [80]=NarrowOop [88]=Oop [96]=Oop [104]=Oop [112]=Oop [160]=Oop [168]=Oop }
                      ;*new {reexecute=0 rethrow=0 return_oop=1}
                      ; - jdk.internal.loader.URLClassPath$FileLoader$1::getInputStream@0
                      ; - jdk.internal.loader.Resource::cachedInputStream@9
                      ; - jdk.internal.loader.Resource::getByteBuffer@1
                      ; - java.net.URLClassLoader::defineClass@132
                      ; - java.net.URLClassLoader$1::run@43
                      ; - java.net.URLClassLoader$1::run@1
  0x00000210ee20b044: b8fd 68ff 

  0x00000210ee20b048: ;   {other}
  0x00000210ee20b048: 0f1f 8400 | b84f 0053 | 448b 5c24 | 3844 895c | 2440 448b | 5c24 3c44 | 895c 2444 | 4c8b 5424 
  0x00000210ee20b068: 484c 8954 | 2428 448b | 5424 504c | 8b6c 2458 | 4c8b 7424 | 6044 8b44 | 2454 4c8b | 4c24 68e9 
  0x00000210ee20b088: 55cb ffff | 897c 2478 | 4889 5c24 | 704c 894c | 2468 4489 | 4424 544c | 8974 2460 | 4c89 6c24 
  0x00000210ee20b0a8: 5844 8954 | 2450 4c8b | 5424 284c | 8954 2448 | 448b 5424 | 4444 8954 | 243c 448b | 5424 4044 
  0x00000210ee20b0c8: 8954 2438 | 4c8b 9424 | a000 0000 | 4c89 5424 | 288b ac24 | 9800 0000 

  0x00000210ee20b0e0: ;   {metadata('java/lang/Object')}
  0x00000210ee20b0e0: 48ba 6813 | 0400 0100 | 0000 4c8b | 9424 a800 | 0000 4c89 | 9424 8000 | 0000 6690 

  0x00000210ee20b0fc: ;   {runtime_call _new_instance_Java}
  0x00000210ee20b0fc: c5f8 77e8 

  0x00000210ee20b100: ; ImmutableOopMap {[32]=Oop [40]=Oop [56]=NarrowOop [60]=NarrowOop [72]=Oop [80]=NarrowOop [88]=Oop [96]=Oop [104]=Oop [112]=Oop [120]=NarrowOop [128]=Oop [168]=Oop }
                      ;*new {reexecute=0 rethrow=0 return_oop=1}
                      ; - java.io.FileInputStream::<init>@5
                      ; - jdk.internal.loader.URLClassPath$FileLoader$1::getInputStream@8
                      ; - jdk.internal.loader.Resource::cachedInputStream@9
                      ; - jdk.internal.loader.Resource::getByteBuffer@1
                      ; - java.net.URLClassLoader::defineClass@132
                      ; - java.net.URLClassLoader$1::run@43
                      ; - java.net.URLClassLoader$1::run@1
  0x00000210ee20b100: fcfc 68ff 

  0x00000210ee20b104: ;   {other}
  0x00000210ee20b104: 0f1f 8400 | 7450 0054 | 89ac 2498 | 0000 004c | 8b54 2428 | 4c89 9424 | a000 0000 | 448b 5c24 
  0x00000210ee20b124: 3844 895c | 2440 448b | 5c24 3c44 | 895c 2444 | 4c8b 5424 | 484c 8954 | 2428 448b | 5424 504c 
  0x00000210ee20b144: 8b6c 2458 | 4c8b 7424 | 6044 8b44 | 2454 4c8b | 4c24 6848 | 8b5c 2470 | 8b7c 2478 | e9c9 caff 
  0x00000210ee20b164: ff89 7c24 | 5c48 8beb | 4c89 4c24 | 6844 8944 | 243c 4c89 | 7424 504c | 896c 2448 | 4489 5424 
  0x00000210ee20b184: 384c 8b94 | 24a0 0000 | 004c 8954 | 2460 448b | 9424 9800 | 0000 4489 

  0x00000210ee20b19c: ;   {metadata('java/io/NioChannelCleanable')}
  0x00000210ee20b19c: 5424 5848 | baf0 1c07 | 0001 0000 | 004c 8b94 | 24a8 0000 | 004c 8994 | 2480 0000 | 0066 6690 
  0x00000210ee20b1bc: ;   {runtime_call _new_instance_Java}
  0x00000210ee20b1bc: c5f8 77e8 

  0x00000210ee20b1c0: ; ImmutableOopMap {rbp=Oop [32]=Oop [40]=Oop [56]=NarrowOop [64]=NarrowOop [68]=NarrowOop [72]=Oop [80]=Oop [92]=NarrowOop [96]=Oop [104]=Oop [128]=Oop [168]=Oop }
                      ;*new {reexecute=0 rethrow=0 return_oop=1}
                      ; - java.io.FileInputStream::<init>@16
                      ; - jdk.internal.loader.URLClassPath$FileLoader$1::getInputStream@8
                      ; - jdk.internal.loader.Resource::cachedInputStream@9
                      ; - jdk.internal.loader.Resource::getByteBuffer@1
                      ; - java.net.URLClassLoader::defineClass@132
                      ; - java.net.URLClassLoader$1::run@43
                      ; - java.net.URLClassLoader$1::run@1
  0x00000210ee20b1c0: 3cfc 68ff 

  0x00000210ee20b1c4: ;   {other}
  0x00000210ee20b1c4: 0f1f 8400 | 3451 0055 | e927 cbff 

  0x00000210ee20b1d0: ;   {metadata('java/lang/ref/WeakReference')}
  0x00000210ee20b1d0: ff48 bad0 | 7304 0001 | 0000 0090 

  0x00000210ee20b1dc: ;   {runtime_call _new_instance_Java}
  0x00000210ee20b1dc: c5f8 77e8 

  0x00000210ee20b1e0: ; ImmutableOopMap {rbp=Oop [32]=Oop [40]=Oop [56]=NarrowOop [64]=NarrowOop [68]=NarrowOop [72]=Oop [80]=Oop [92]=NarrowOop [96]=Oop [104]=Oop [112]=Oop [136]=Oop [168]=Oop }
                      ;*new {reexecute=0 rethrow=0 return_oop=1}
                      ; - java.io.NioChannelCleanable::<init>@9
                      ; - java.io.FileInputStream::<init>@21
                      ; - jdk.internal.loader.URLClassPath$FileLoader$1::getInputStream@8
                      ; - jdk.internal.loader.Resource::cachedInputStream@9
                      ; - jdk.internal.loader.Resource::getByteBuffer@1
                      ; - java.net.URLClassLoader::defineClass@132
                      ; - java.net.URLClassLoader$1::run@43
                      ; - java.net.URLClassLoader$1::run@1
  0x00000210ee20b1e0: 1cfc 68ff 

  0x00000210ee20b1e4: ;   {other}
  0x00000210ee20b1e4: 0f1f 8400 | 5451 0056 | 4c8b c0e9 | 83cb ffff | 4183 f801 | 0f86 2e28 | 0000 6690 | 4180 7b11 
  0x00000210ee20b204: 5c0f 854b | deff ffba | 45ff ffff | 488b 6c24 | 204c 8b94 | 24a8 0000 | 004c 8954 | 2420 448b 
  0x00000210ee20b224: 5424 4044 | 8954 2428 | 448b 5c24 | 4444 895c | 242c 4c8b | 5424 684c | 8954 2450 | 4c89 5424 
  0x00000210ee20b244: 6044 8b5c | 245c 4489 | 5c24 3c4c | 8b54 2478 | 4c89 5424 | 584c 8b94 | 2488 0000 | 004c 8994 
  0x00000210ee20b264: 2480 0000 | 0066 6690 

  0x00000210ee20b26c: ;   {runtime_call UncommonTrapBlob}
  0x00000210ee20b26c: c5f8 77e8 

  0x00000210ee20b270: ; ImmutableOopMap {rbp=Oop [32]=Oop [40]=NarrowOop [44]=NarrowOop [56]=NarrowOop [60]=NarrowOop [80]=Oop [88]=Oop [96]=Oop [112]=Oop [128]=Oop [136]=Oop }
                      ;*ifeq {reexecute=1 rethrow=0 return_oop=0}
                      ; - (reexecute) java.io.IoOverNioFileSystem::isWindowsPipe@25
                      ; - java.io.IoOverNioFileSystem::getNioPath@43
                      ; - java.io.FileInputStream::<init>@104
                      ; - jdk.internal.loader.URLClassPath$FileLoader$1::getInputStream@8
                      ; - jdk.internal.loader.Resource::cachedInputStream@9
                      ; - jdk.internal.loader.Resource::getByteBuffer@1
                      ; - java.net.URLClassLoader::defineClass@132
                      ; - java.net.URLClassLoader$1::run@43
                      ; - java.net.URLClassLoader$1::run@1
  0x00000210ee20b270: 8c90 66ff 

  0x00000210ee20b274: ;   {other}
  0x00000210ee20b274: 0f1f 8400 | e451 0057 | 498b f149 | 8bd7 c5f8 | 7749 ba00 | 2a2c 7dff | 7f00 0041 

  0x00000210ee20b290: ;   {other}
  0x00000210ee20b290: ffd2 0f1f | 8400 0000 | 0000 4c8b | ce66 6690 | e933 c4ff | ff44 8bdb | e952 bfff | ff33 c9e9 
  0x00000210ee20b2b0: f7e4 ffff | 33d2 e957 | f4ff ff0f | 1f44 0000 

  0x00000210ee20b2c0: ;   {oop(a 'sun/nio/fs/WindowsPathType'{0x0000000080c7ddb8})}
  0x00000210ee20b2c0: 81fd b8dd | c780 0f84 | 3828 0000 | ba45 ffff | ff48 8b6c | 2420 4c8b | 9424 a800 | 0000 4c89 
  0x00000210ee20b2e0: 5424 2044 | 8b5c 2440 | 4489 5c24 | 2844 8b54 | 2444 4489 | 5424 2c4c | 8b54 2468 | 4c89 5424 
  0x00000210ee20b300: 504c 8954 | 2460 448b | 5424 5c44 | 8954 243c | 4c8b 5424 | 784c 8954 | 2458 6690 

  0x00000210ee20b31c: ;   {runtime_call UncommonTrapBlob}
  0x00000210ee20b31c: c5f8 77e8 

  0x00000210ee20b320: ; ImmutableOopMap {rbp=Oop [32]=Oop [40]=NarrowOop [44]=NarrowOop [56]=NarrowOop [60]=NarrowOop [80]=Oop [88]=Oop [96]=Oop [112]=Oop [136]=Oop }
                      ;*ifeq {reexecute=1 rethrow=0 return_oop=0}
                      ; - (reexecute) java.io.IoOverNioFileSystem::isWindowsPipe@6
                      ; - java.io.IoOverNioFileSystem::getNioPath@43
                      ; - java.io.FileInputStream::<init>@104
                      ; - jdk.internal.loader.URLClassPath$FileLoader$1::getInputStream@8
                      ; - jdk.internal.loader.Resource::cachedInputStream@9
                      ; - jdk.internal.loader.Resource::getByteBuffer@1
                      ; - java.net.URLClassLoader::defineClass@132
                      ; - java.net.URLClassLoader$1::run@43
                      ; - java.net.URLClassLoader$1::run@1
  0x00000210ee20b320: dc8f 66ff 

  0x00000210ee20b324: ;   {other}
  0x00000210ee20b324: 0f1f 8400 | 9452 0058 

  0x00000210ee20b32c: ;   {oop(a 'sun/nio/fs/WindowsPathType'{0x0000000080c7ddb8})}
  0x00000210ee20b32c: 81fd b8dd | c780 0f84 | 1828 0000 | ba45 ffff | ff48 8b6c | 2420 4c8b | 9c24 a800 | 0000 4c89 
  0x00000210ee20b34c: 5c24 2044 | 8b5c 2440 | 4489 5c24 | 2844 8b44 | 2444 4489 | 4424 2c4c | 8b5c 2468 | 4c89 5c24 
  0x00000210ee20b36c: 504c 895c | 2460 4489 | 5424 5844 | 8b9c 2494 | 0000 0044 | 899c 2488 | 0000 004c | 898c 2498 
  0x00000210ee20b38c: 0000 0090 

  0x00000210ee20b390: ;   {runtime_call UncommonTrapBlob}
  0x00000210ee20b390: c5f8 77e8 

  0x00000210ee20b394: ; ImmutableOopMap {rbp=Oop [32]=Oop [40]=NarrowOop [44]=NarrowOop [56]=NarrowOop [80]=Oop [88]=NarrowOop [92]=NarrowOop [96]=Oop [112]=Oop [120]=Oop [136]=NarrowOop [152]=Oop }
                      ;*ifeq {reexecute=1 rethrow=0 return_oop=0}
                      ; - (reexecute) sun.nio.fs.WindowsPath::getPathForWin32Calls@8
                      ; - sun.nio.fs.WindowsPath::getPathForWin32Calls@2
                      ; - sun.nio.fs.WindowsFileSystemProvider::newFileChannel@41
                      ; - java.io.IoOverNioFileSystem::initializeStreamsUsingNio0@14
                      ; - java.io.IoOverNioFileSystem::initializeStreamUsingNio@12
                      ; - java.io.FileInputStream::<init>@151
                      ; - jdk.internal.loader.URLClassPath$FileLoader$1::getInputStream@8
                      ; - jdk.internal.loader.Resource::cachedInputStream@9
                      ; - jdk.internal.loader.Resource::getByteBuffer@1
                      ; - java.net.URLClassLoader::defineClass@132
                      ; - java.net.URLClassLoader$1::run@43
                      ; - java.net.URLClassLoader$1::run@1
  0x00000210ee20b394: 688f 66ff 

  0x00000210ee20b398: ;   {other}
  0x00000210ee20b398: 0f1f 8400 | 0853 0059 | 4533 c0e9 | 29e2 ffff | 4533 c0e9 | a3f1 ffff | 33ff e9d2 | dfff ff33 
  0x00000210ee20b3b8: ffe9 dbd8 | ffff 33ff | e903 deff 

  0x00000210ee20b3c4: ;   {oop(a 'java/lang/ThreadLocal'{0x0000000080a9bb60})}
  0x00000210ee20b3c4: ff48 ba60 | bba9 8000 | 0000 004c | 8b44 2460 

  0x00000210ee20b3d4: ;   {optimized virtual_call}
  0x00000210ee20b3d4: c5f8 77e8 

  0x00000210ee20b3d8: ; ImmutableOopMap {rbp=Oop [136]=Derived_oop_rbp [32]=Oop [40]=Oop [56]=NarrowOop [64]=NarrowOop [68]=NarrowOop [72]=Oop [80]=Oop [92]=NarrowOop [96]=Oop [104]=Oop [112]=Oop [120]=Oop [128]=Oop [144]=Oop [168]=Oop }
                      ;*invokevirtual setInitialValue {reexecute=0 rethrow=0 return_oop=1}
                      ; - java.lang.ThreadLocal::get@31
                      ; - java.lang.ThreadLocal::get@4
                      ; - com.jetbrains.internal.IoOverNio$RecursionGuard::create@46
                      ; - java.io.FileInputStream::<init>@92
                      ; - jdk.internal.loader.URLClassPath$FileLoader$1::getInputStream@8
                      ; - jdk.internal.loader.Resource::cachedInputStream@9
                      ; - jdk.internal.loader.Resource::getByteBuffer@1
                      ; - java.net.URLClassLoader::defineClass@132
                      ; - java.net.URLClassLoader$1::run@43
                      ; - java.net.URLClassLoader$1::run@1
  0x00000210ee20b3d8: a436 66ff 

  0x00000210ee20b3dc: ;   {other}
  0x00000210ee20b3dc: 0f1f 8400 | 4c53 005a | 4c8b c0e9 | eadf ffff 

  0x00000210ee20b3ec: ;   {oop(a 'java/lang/ThreadLocal'{0x0000000080a9bd08})}
  0x00000210ee20b3ec: 48ba 08bd | a980 0000 | 0000 4c8b | 4424 6090 

  0x00000210ee20b3fc: ;   {optimized virtual_call}
  0x00000210ee20b3fc: c5f8 77e8 

  0x00000210ee20b400: ; ImmutableOopMap {rbp=Oop [136]=Derived_oop_rbp [32]=Oop [40]=Oop [56]=NarrowOop [64]=NarrowOop [68]=NarrowOop [72]=Oop [80]=Oop [92]=NarrowOop [96]=Oop [104]=Oop [112]=Oop [120]=Oop [128]=Oop [144]=NarrowOop [152]=Oop [168]=Oop }
                      ;*invokevirtual setInitialValue {reexecute=0 rethrow=0 return_oop=1}
                      ; - java.lang.ThreadLocal::get@31
                      ; - java.lang.ThreadLocal::get@4
                      ; - com.jetbrains.internal.IoOverNio::isAllowedInThisThread@9
                      ; - java.io.IoOverNioFileSystem::acquireNioFs@16
                      ; - java.io.IoOverNioFileSystem::getNioPath@6
                      ; - java.io.FileInputStream::<init>@104
                      ; - jdk.internal.loader.URLClassPath$FileLoader$1::getInputStream@8
                      ; - jdk.internal.loader.Resource::cachedInputStream@9
                      ; - jdk.internal.loader.Resource::getByteBuffer@1
                      ; - java.net.URLClassLoader::defineClass@132
                      ; - java.net.URLClassLoader$1::run@43
                      ; - java.net.URLClassLoader$1::run@1
  0x00000210ee20b400: 7c36 66ff 

  0x00000210ee20b404: ;   {other}
  0x00000210ee20b404: 0f1f 8400 | 7453 005b | e9d6 d8ff 

  0x00000210ee20b410: ;   {oop(a 'java/lang/ThreadLocal'{0x0000000080a9bb60})}
  0x00000210ee20b410: ff48 ba60 | bba9 8000 | 0000 004c | 8b44 2460 

  0x00000210ee20b420: ;   {optimized virtual_call}
  0x00000210ee20b420: c5f8 77e8 

  0x00000210ee20b424: ; ImmutableOopMap {[32]=Oop [40]=Oop [56]=NarrowOop [64]=NarrowOop [68]=NarrowOop [72]=Oop [80]=Oop [92]=NarrowOop [96]=Oop [104]=Oop [112]=Oop [120]=Oop [128]=Oop [136]=Oop [144]=NarrowOop [148]=NarrowOop [152]=Oop [168]=Oop }
                      ;*invokevirtual setInitialValue {reexecute=0 rethrow=0 return_oop=1}
                      ; - java.lang.ThreadLocal::get@31
                      ; - java.lang.ThreadLocal::get@4
                      ; - com.jetbrains.internal.IoOverNio$RecursionGuard::ensureActive@3
                      ; - com.jetbrains.internal.IoOverNio$ParentForFileChannelImplHolder::set@0
                      ; - java.io.IoOverNioFileSystem::initializeStreamUsingNio@1
                      ; - java.io.FileInputStream::<init>@151
                      ; - jdk.internal.loader.URLClassPath$FileLoader$1::getInputStream@8
                      ; - jdk.internal.loader.Resource::cachedInputStream@9
                      ; - jdk.internal.loader.Resource::getByteBuffer@1
                      ; - java.net.URLClassLoader::defineClass@132
                      ; - java.net.URLClassLoader$1::run@43
                      ; - java.net.URLClassLoader$1::run@1
  0x00000210ee20b424: 5836 66ff 

  0x00000210ee20b428: ;   {other}
  0x00000210ee20b428: 0f1f 8400 | 9853 005c | 4c8b d0e9 | d8dd ffff 

  0x00000210ee20b438: ;   {oop(a 'java/lang/ThreadLocal'{0x0000000080a9bb60})}
  0x00000210ee20b438: 48ba 60bb | a980 0000 | 0000 4c8b | 4424 604c | 8b4c 2478 | 4c8b 9424 | a800 0000 | 4c89 9424 
  0x00000210ee20b458: a000 0000 

  0x00000210ee20b45c: ;   {oop([B{0x0000000080c851f0})}
  0x00000210ee20b45c: 48bd f051 | c880 0000 | 0000 6690 

  0x00000210ee20b468: ;   {optimized virtual_call}
  0x00000210ee20b468: c5f8 77e8 

  0x00000210ee20b46c: ; ImmutableOopMap {rbp=Oop [136]=Derived_oop_rbp [32]=Oop [40]=Oop [56]=NarrowOop [64]=NarrowOop [68]=NarrowOop [72]=Oop [80]=Oop [92]=NarrowOop [96]=Oop [104]=Oop [112]=Oop [120]=Oop [128]=Oop [160]=Oop [168]=Oop }
                      ;*invokevirtual createMap {reexecute=0 rethrow=0 return_oop=0}
                      ; - java.lang.ThreadLocal::set@22
                      ; - java.lang.ThreadLocal::set@5
                      ; - com.jetbrains.internal.IoOverNio$RecursionGuard::create@62
                      ; - java.io.FileInputStream::<init>@92
                      ; - jdk.internal.loader.URLClassPath$FileLoader$1::getInputStream@8
                      ; - jdk.internal.loader.Resource::cachedInputStream@9
                      ; - jdk.internal.loader.Resource::getByteBuffer@1
                      ; - java.net.URLClassLoader::defineClass@132
                      ; - java.net.URLClassLoader$1::run@43
                      ; - java.net.URLClassLoader$1::run@1
  0x00000210ee20b46c: 1036 66ff 

  0x00000210ee20b470: ;   {other}
  0x00000210ee20b470: 0f1f 8400 | e053 005d | 49ba 0000 | 93f5 1002 | 0000 4c89 | 9424 1801 | 0000 e9a4 

  0x00000210ee20b48c: ;   {oop(a 'java/lang/ThreadLocal'{0x0000000080c7c2d0})}
  0x00000210ee20b48c: d7ff ff48 | bad0 c2c7 | 8000 0000 | 004c 8b44 | 2460 4c8b | 4c24 704c | 8b94 24a8 | 0000 004c 
  0x00000210ee20b4ac: 8994 24a0 | 0000 0090 

  0x00000210ee20b4b4: ;   {optimized virtual_call}
  0x00000210ee20b4b4: c5f8 77e8 

  0x00000210ee20b4b8: ; ImmutableOopMap {[32]=Oop [40]=Oop [56]=NarrowOop [64]=NarrowOop [68]=NarrowOop [72]=Oop [80]=Oop [92]=NarrowOop [104]=Oop [112]=Oop [120]=Oop [128]=Oop [136]=Oop [144]=NarrowOop [148]=NarrowOop [160]=Oop [168]=Oop }
                      ;*invokevirtual createMap {reexecute=0 rethrow=0 return_oop=0}
                      ; - java.lang.ThreadLocal::set@22
                      ; - java.lang.ThreadLocal::set@5
                      ; - com.jetbrains.internal.IoOverNio$ParentForFileChannelImplHolder::set@7
                      ; - java.io.IoOverNioFileSystem::initializeStreamUsingNio@1
                      ; - java.io.FileInputStream::<init>@151
                      ; - jdk.internal.loader.URLClassPath$FileLoader$1::getInputStream@8
                      ; - jdk.internal.loader.Resource::cachedInputStream@9
                      ; - jdk.internal.loader.Resource::getByteBuffer@1
                      ; - java.net.URLClassLoader::defineClass@132
                      ; - java.net.URLClassLoader$1::run@43
                      ; - java.net.URLClassLoader$1::run@1
  0x00000210ee20b4b8: c435 66ff 

  0x00000210ee20b4bc: ;   {other}
  0x00000210ee20b4bc: 0f1f 8400 | 2c54 005e | e940 e6ff | ffba c6ff | ffff 488b | 6c24 2044 | 895c 2420 | 4c8b 9424 
  0x00000210ee20b4dc: a800 0000 | 4c89 5424 | 2844 8b5c | 2440 4489 | 5c24 2444 | 8b54 2444 | 4489 5424 | 3866 6690 
  0x00000210ee20b4fc: ;   {runtime_call UncommonTrapBlob}
  0x00000210ee20b4fc: c5f8 77e8 

  0x00000210ee20b500: ; ImmutableOopMap {rbp=Oop [36]=NarrowOop [40]=Oop [56]=NarrowOop }
                      ;*invokevirtual getCodeSourceURL {reexecute=0 rethrow=0 return_oop=0}
                      ; - java.net.URLClassLoader::defineClass@13
                      ; - java.net.URLClassLoader$1::run@43
                      ; - java.net.URLClassLoader$1::run@1
  0x00000210ee20b500: fc8d 66ff 

  0x00000210ee20b504: ;   {other}
  0x00000210ee20b504: 0f1f 8400 | 7454 005f | bac6 ffff | ff48 8b6c | 2420 448b | 5424 4044 | 8954 2428 | 448b 4424 
  0x00000210ee20b524: 4444 8944 | 242c 4c89 | 5c24 4890 

  0x00000210ee20b530: ;   {runtime_call UncommonTrapBlob}
  0x00000210ee20b530: c5f8 77e8 

  0x00000210ee20b534: ; ImmutableOopMap {rbp=Oop [40]=NarrowOop [44]=NarrowOop [56]=NarrowOop [72]=Oop [88]=Oop [168]=Oop }
                      ;*invokevirtual getCodeSigners {reexecute=0 rethrow=0 return_oop=0}
                      ; - java.net.URLClassLoader::defineClass@185
                      ; - java.net.URLClassLoader$1::run@43
                      ; - java.net.URLClassLoader$1::run@1
  0x00000210ee20b534: c88d 66ff 

  0x00000210ee20b538: ;   {other}
  0x00000210ee20b538: 0f1f 8400 | a854 0060 | 4c8b 9424 | b000 0000 | 41c6 420d | 014d 8b97 

  0x00000210ee20b550: ; ImmutableOopMap {[32]=Oop [40]=Oop [56]=NarrowOop [64]=NarrowOop [68]=NarrowOop [72]=Oop [80]=Oop [92]=NarrowOop [96]=Oop [104]=Oop [112]=Oop [120]=Oop [128]=Oop [136]=NarrowOop [140]=NarrowOop [148]=NarrowOop [152]=Oop [160]=Oop [168]=Oop [176]=Oop }
                      ;*goto {reexecute=1 rethrow=0 return_oop=0}
                      ; - (reexecute) sun.nio.fs.WindowsChannelFactory$Flags::toFlags@121
                      ; - sun.nio.fs.WindowsChannelFactory::newFileChannel@1
                      ; - sun.nio.fs.WindowsFileSystemProvider::newFileChannel@55
                      ; - java.io.IoOverNioFileSystem::initializeStreamsUsingNio0@14
                      ; - java.io.IoOverNioFileSystem::initializeStreamUsingNio@12
                      ; - java.io.FileInputStream::<init>@151
                      ; - jdk.internal.loader.URLClassPath$FileLoader$1::getInputStream@8
                      ; - jdk.internal.loader.Resource::cachedInputStream@9
                      ; - jdk.internal.loader.Resource::getByteBuffer@1
                      ; - java.net.URLClassLoader::defineClass@132
                      ; - java.net.URLClassLoader$1::run@43
                      ; - java.net.URLClassLoader$1::run@1
  0x00000210ee20b550: 5804 0000 

  0x00000210ee20b554: ;   {poll}
  0x00000210ee20b554: 4185 02eb | 304c 8b94 | 24b0 0000 | 0041 c642 | 1101 4d8b | 9758 0400 

  0x00000210ee20b56c: ; ImmutableOopMap {[32]=Oop [40]=Oop [56]=NarrowOop [64]=NarrowOop [68]=NarrowOop [72]=Oop [80]=Oop [92]=NarrowOop [96]=Oop [104]=Oop [112]=Oop [120]=Oop [128]=Oop [136]=NarrowOop [140]=NarrowOop [148]=NarrowOop [152]=Oop [160]=Oop [168]=Oop [176]=Oop }
                      ;*goto {reexecute=1 rethrow=0 return_oop=0}
                      ; - (reexecute) sun.nio.fs.WindowsChannelFactory$Flags::toFlags@153
                      ; - sun.nio.fs.WindowsChannelFactory::newFileChannel@1
                      ; - sun.nio.fs.WindowsFileSystemProvider::newFileChannel@55
                      ; - java.io.IoOverNioFileSystem::initializeStreamsUsingNio0@14
                      ; - java.io.IoOverNioFileSystem::initializeStreamUsingNio@12
                      ; - java.io.FileInputStream::<init>@151
                      ; - jdk.internal.loader.URLClassPath$FileLoader$1::getInputStream@8
                      ; - jdk.internal.loader.Resource::cachedInputStream@9
                      ; - jdk.internal.loader.Resource::getByteBuffer@1
                      ; - java.net.URLClassLoader::defineClass@132
                      ; - java.net.URLClassLoader$1::run@43
                      ; - java.net.URLClassLoader$1::run@1
                      ;   {poll}
  0x00000210ee20b56c: 0041 8502 | eb17 4c8b | 9424 b000 | 0000 41c6 | 4210 014d | 8b97 5804 

  0x00000210ee20b584: ; ImmutableOopMap {[32]=Oop [40]=Oop [56]=NarrowOop [64]=NarrowOop [68]=NarrowOop [72]=Oop [80]=Oop [92]=NarrowOop [96]=Oop [104]=Oop [112]=Oop [120]=Oop [128]=Oop [136]=NarrowOop [140]=NarrowOop [148]=NarrowOop [152]=Oop [160]=Oop [168]=Oop [176]=Oop }
                      ;*goto {reexecute=1 rethrow=0 return_oop=0}
                      ; - (reexecute) sun.nio.fs.WindowsChannelFactory$Flags::toFlags@145
                      ; - sun.nio.fs.WindowsChannelFactory::newFileChannel@1
                      ; - sun.nio.fs.WindowsFileSystemProvider::newFileChannel@55
                      ; - java.io.IoOverNioFileSystem::initializeStreamsUsingNio0@14
                      ; - java.io.IoOverNioFileSystem::initializeStreamUsingNio@12
                      ; - java.io.FileInputStream::<init>@151
                      ; - jdk.internal.loader.URLClassPath$FileLoader$1::getInputStream@8
                      ; - jdk.internal.loader.Resource::cachedInputStream@9
                      ; - jdk.internal.loader.Resource::getByteBuffer@1
                      ; - java.net.URLClassLoader::defineClass@132
                      ; - java.net.URLClassLoader$1::run@43
                      ; - java.net.URLClassLoader$1::run@1
                      ;   {poll}
  0x00000210ee20b584: 0000 4185 | 0245 33db | 4489 5c24 | 58e9 80e6 | ffff 488b | 9424 a000 | 0000 4c8b | 9424 a800 
  0x00000210ee20b5a4: 0000 4c89 | 9424 9000 

  0x00000210ee20b5ac: ;   {oop([B{0x0000000080c851f0})}
  0x00000210ee20b5ac: 0000 48bd | f051 c880 | 0000 0000 

  0x00000210ee20b5b8: ;   {optimized virtual_call}
  0x00000210ee20b5b8: c5f8 77e8 

  0x00000210ee20b5bc: ; ImmutableOopMap {rbp=Oop [136]=Derived_oop_rbp [32]=Oop [40]=Oop [56]=NarrowOop [64]=NarrowOop [68]=NarrowOop [72]=Oop [80]=Oop [92]=NarrowOop [96]=Oop [104]=Oop [112]=Oop [120]=Oop [128]=Oop [144]=Oop [168]=Oop }
                      ;*invokevirtual rehash {reexecute=0 rethrow=0 return_oop=0}
                      ; - java.lang.ThreadLocal$ThreadLocalMap::set@129
                      ; - java.lang.ThreadLocal::set@13
                      ; - java.lang.ThreadLocal::set@5
                      ; - com.jetbrains.internal.IoOverNio$RecursionGuard::create@62
                      ; - java.io.FileInputStream::<init>@92
                      ; - jdk.internal.loader.URLClassPath$FileLoader$1::getInputStream@8
                      ; - jdk.internal.loader.Resource::cachedInputStream@9
                      ; - jdk.internal.loader.Resource::getByteBuffer@1
                      ; - java.net.URLClassLoader::defineClass@132
                      ; - java.net.URLClassLoader$1::run@43
                      ; - java.net.URLClassLoader$1::run@1
  0x00000210ee20b5bc: c034 66ff 

  0x00000210ee20b5c0: ;   {other}
  0x00000210ee20b5c0: 0f1f 8400 | 3055 0064 | e966 d6ff | ff48 8bd5 | 4c8b 9424 | a800 0000 | 4c89 5424 | 6066 6690 
  0x00000210ee20b5e0: ;   {optimized virtual_call}
  0x00000210ee20b5e0: c5f8 77e8 

  0x00000210ee20b5e4: ; ImmutableOopMap {[32]=Oop [40]=Oop [56]=NarrowOop [64]=NarrowOop [68]=NarrowOop [72]=Oop [80]=Oop [92]=NarrowOop [96]=Oop [104]=Oop [112]=Oop [120]=Oop [128]=Oop [136]=Oop [144]=NarrowOop [148]=NarrowOop [168]=Oop }
                      ;*invokevirtual rehash {reexecute=0 rethrow=0 return_oop=0}
                      ; - java.lang.ThreadLocal$ThreadLocalMap::set@129
                      ; - java.lang.ThreadLocal::set@13
                      ; - java.lang.ThreadLocal::set@5
                      ; - com.jetbrains.internal.IoOverNio$ParentForFileChannelImplHolder::set@7
                      ; - java.io.IoOverNioFileSystem::initializeStreamUsingNio@1
                      ; - java.io.FileInputStream::<init>@151
                      ; - jdk.internal.loader.URLClassPath$FileLoader$1::getInputStream@8
                      ; - jdk.internal.loader.Resource::cachedInputStream@9
                      ; - jdk.internal.loader.Resource::getByteBuffer@1
                      ; - java.net.URLClassLoader::defineClass@132
                      ; - java.net.URLClassLoader$1::run@43
                      ; - java.net.URLClassLoader$1::run@1
  0x00000210ee20b5e4: 9834 66ff 

  0x00000210ee20b5e8: ;   {other}
  0x00000210ee20b5e8: 0f1f 8400 | 5855 0065 | e914 e5ff | ffba c6ff | ffff 488b | 6c24 204c | 895c 2420 | 448b 4424 
  0x00000210ee20b608: 4044 8944 | 2428 4489 | 5424 4090 

  0x00000210ee20b614: ;   {runtime_call UncommonTrapBlob}
  0x00000210ee20b614: c5f8 77e8 

  0x00000210ee20b618: ; ImmutableOopMap {rbp=Oop [32]=Oop [40]=NarrowOop [64]=NarrowOop [68]=NarrowOop }
                      ;*invokevirtual getInputStream {reexecute=0 rethrow=0 return_oop=0}
                      ; - jdk.internal.loader.Resource::cachedInputStream@9
                      ; - jdk.internal.loader.Resource::getByteBuffer@1
                      ; - java.net.URLClassLoader::defineClass@132
                      ; - java.net.URLClassLoader$1::run@43
                      ; - java.net.URLClassLoader$1::run@1
  0x00000210ee20b618: e48c 66ff 

  0x00000210ee20b61c: ;   {other}
  0x00000210ee20b61c: 0f1f 8400 | 8c55 0066 | bae4 ffff | ff4c 8b94 | 24a8 0000 | 004c 8954 | 2428 448b | 4424 4044 
  0x00000210ee20b63c: 8944 243c | 448b 5424 | 4444 8954 | 2440 448b | 5424 5c44 | 8954 2444 | 4c8b 5424 | 604c 8954 
  0x00000210ee20b65c: 2458 4489 | 5c24 6044 | 898c 2488 | 0000 0090 

  0x00000210ee20b66c: ;   {runtime_call UncommonTrapBlob}
  0x00000210ee20b66c: c5f8 77e8 

  0x00000210ee20b670: ; ImmutableOopMap {rbp=NarrowOop [32]=Oop [40]=Oop [56]=NarrowOop [60]=NarrowOop [64]=NarrowOop [68]=NarrowOop [88]=Oop [96]=NarrowOop [104]=Oop [112]=Oop }
                      ;*aaload {reexecute=0 rethrow=0 return_oop=0}
                      ; - java.lang.ThreadLocal$ThreadLocalMap::getEntry@18
                      ; - java.lang.ThreadLocal::get@12
                      ; - java.lang.ThreadLocal::get@4
                      ; - com.jetbrains.internal.IoOverNio$RecursionGuard::create@5
                      ; - java.io.FileInputStream::<init>@92
                      ; - jdk.internal.loader.URLClassPath$FileLoader$1::getInputStream@8
                      ; - jdk.internal.loader.Resource::cachedInputStream@9
                      ; - jdk.internal.loader.Resource::getByteBuffer@1
                      ; - java.net.URLClassLoader::defineClass@132
                      ; - java.net.URLClassLoader$1::run@43
                      ; - java.net.URLClassLoader$1::run@1
  0x00000210ee20b670: 8c8c 66ff 

  0x00000210ee20b674: ;   {other}
  0x00000210ee20b674: 0f1f 8400 | e455 0067 | 4533 d249 | 8bda e96f | ddff ff4c | 8b54 2478 | 458b 5214 | 4585 d20f 
  0x00000210ee20b694: 8412 deff | ff4d 8b5f | 2849 8bca | 4d85 db0f | 84bf 1c00 | 004d 8b57 | 384b 894c | 1af8 4983 
  0x00000210ee20b6b4: c3f8 4d89 | 5f28 e9ec | ddff ff4c | 8b54 2478 | 458b 5a0c | 4585 db0f | 843a ddff | ff4d 8b57 
  0x00000210ee20b6d4: 2849 8bcb | 0f1f 8400 | 0000 0000 | 4d85 d20f | 84bf 1c00 | 004d 8b5f | 384b 894c | 13f8 4983 
  0x00000210ee20b6f4: c2f8 4d89 | 5728 e90c | ddff ff4c | 8b54 2478 | 458b 5210 | 4585 d20f | 844e ddff | ff4d 8b5f 
  0x00000210ee20b714: 2849 8bca | 0f1f 8400 | 0000 0000 | 4d85 db0f | 845f 1c00 | 004d 8b57 | 384b 894c | 1af8 4983 
  0x00000210ee20b734: c3f8 4d89 | 5f28 e920 | ddff ff4c | 8b94 2488 | 0000 0045 | 8b5a 1445 | 85db 0f84 | c0d7 ffff 
  0x00000210ee20b754: 4d8b 5728 | 498b cb0f | 1f44 0000 | 4d85 d20f | 84eb 1c00 | 004d 8b5f | 384b 894c 

  0x00000210ee20b770: ;   {no_reloc}
  0x00000210ee20b770: 13f8 4983 | c2f8 4d89 | 5728 e995 | d7ff ff4c | 8b94 2488 | 0000 0045 | 8b5a 1845 | 85db 0f84 
  0x00000210ee20b790: d7d7 ffff | 4d8b 5728 | 498b cb0f | 1f44 0000 | 4d85 d20f | 848b 1c00 | 004d 8b5f | 384b 894c 
  0x00000210ee20b7b0: 13f8 4983 | c2f8 4d89 | 5728 e9ac | d7ff ff4c | 8b94 2488 | 0000 0045 | 8b52 1c45 | 85d2 0f84 
  0x00000210ee20b7d0: e3d7 ffff | 4d8b 5f28 | 498b ca0f | 1f44 0000 | 4d85 db0f | 842b 1c00 | 004d 8b57 | 384b 894c 
  0x00000210ee20b7f0: 1af8 4983 | c3f8 4d89 | 5f28 e9b8 | d7ff ffba | deff ffff | 4c8b 9424 | a800 0000 | 4c89 5424 
  0x00000210ee20b810: 2844 8b5c | 2440 4489 | 5c24 3c44 | 8b54 2444 | 4489 5424 | 4066 6690 

  0x00000210ee20b828: ;   {runtime_call UncommonTrapBlob}
  0x00000210ee20b828: c5f8 77e8 

  0x00000210ee20b82c: ; ImmutableOopMap {rbp=Oop [32]=Oop [40]=Oop [56]=NarrowOop [60]=NarrowOop [64]=NarrowOop [92]=NarrowOop [104]=Oop [112]=Oop }
                      ;*checkcast {reexecute=0 rethrow=0 return_oop=0}
                      ; - com.jetbrains.internal.IoOverNio$RecursionGuard::create@8
                      ; - java.io.FileInputStream::<init>@92
                      ; - jdk.internal.loader.URLClassPath$FileLoader$1::getInputStream@8
                      ; - jdk.internal.loader.Resource::cachedInputStream@9
                      ; - jdk.internal.loader.Resource::getByteBuffer@1
                      ; - java.net.URLClassLoader::defineClass@132
                      ; - java.net.URLClassLoader$1::run@43
                      ; - java.net.URLClassLoader$1::run@1
  0x00000210ee20b82c: d08a 66ff 

  0x00000210ee20b830: ;   {other}
  0x00000210ee20b830: 0f1f 8400 | a057 0068 | 4d8b 5748 | 4d8b 5f58 | f083 4424 | c000 8039 | 000f 8450 | dcff ff44 
  0x00000210ee20b850: 8821 4d85 | d275 2049 | 8bd7 c5f8 | 7749 bae0 | 292c 7dff | 7f00 0041 

  0x00000210ee20b868: ;   {other}
  0x00000210ee20b868: ffd2 0f1f | 8400 0000 | 0000 e928 | dcff ff4b | 894c 13f8 | 4983 c2f8 | 4d89 5748 | e916 dcff 
  0x00000210ee20b888: ff4d 8b57 | 584d 8b5f | 48f0 8344 | 24c0 0066 | 0f1f 8400 | 0000 0000 | 8039 000f | 8460 d6ff 
  0x00000210ee20b8a8: ff44 8821 | 4d85 db75 | 2049 8bd7 | c5f8 7749 | bae0 292c | 7dff 7f00 | 0041 ffd2 

  0x00000210ee20b8c4: ;   {other}
  0x00000210ee20b8c4: 0f1f 8400 | 0000 0000 | e938 d6ff | ff4b 894c | 1af8 4983 | c3f8 4d89 | 5f48 6690 | e924 d6ff 
  0x00000210ee20b8e4: ff4d 8b57 | 484d 8b5f | 58f0 8344 | 24c0 0080 | 3900 0f84 | 58db ffff | 4488 2190 | 4d85 d275 
  0x00000210ee20b904: 2049 8bd7 | c5f8 7749 | bae0 292c | 7dff 7f00 | 0041 ffd2 

  0x00000210ee20b918: ;   {other}
  0x00000210ee20b918: 0f1f 8400 | 0000 0000 | e92f dbff | ff4b 894c | 13f8 4983 | c2f8 4d89 | 5748 e91d | dbff ff4d 
  0x00000210ee20b938: 8b57 584d | 8b5f 48f0 | 8344 24c0 | 0080 3900 | 0f84 aad6 | ffff 4488 | 214d 85db | 7520 498b 
  0x00000210ee20b958: d7c5 f877 | 49ba e029 | 2c7d ff7f | 0000 41ff 

  0x00000210ee20b968: ;   {other}
  0x00000210ee20b968: d20f 1f84 | 0000 0000 | 00e9 82d6 | ffff 4b89 | 4c1a f849 | 83c3 f84d | 895f 48e9 | 70d6 ffff 
  0x00000210ee20b988: 4d8b 5758 | 4d8b 5f48 | f083 4424 | c000 8039 | 000f 84b6 | d5ff ff44 | 8821 4d85 | db75 2049 
  0x00000210ee20b9a8: 8bd7 c5f8 | 7749 bae0 | 292c 7dff | 7f00 0041 

  0x00000210ee20b9b8: ;   {other}
  0x00000210ee20b9b8: ffd2 0f1f | 8400 0000 | 0000 e98e | d5ff ff4b | 894c 1af8 | 4983 c3f8 | 4d89 5f48 | e97c d5ff 
  0x00000210ee20b9d8: ff4d 8b57 | 584d 8b5f | 48f0 8344 | 24c0 0080 | 3900 0f84 | bcd5 ffff | 4488 214d | 85db 7520 
  0x00000210ee20b9f8: 498b d7c5 | f877 49ba | e029 2c7d | ff7f 0000 

  0x00000210ee20ba08: ;   {other}
  0x00000210ee20ba08: 41ff d20f | 1f84 0000 | 0000 00e9 | 94d5 ffff | 4b89 4c1a | f849 83c3 | f84d 895f | 48e9 82d5 
  0x00000210ee20ba28: ffff 4c8b | 9424 b000 | 0000 458b | 5a30 4585 | db0f 8480 | e4ff ff4d | 8b57 2849 | 8bcb 4d85 
  0x00000210ee20ba48: d20f 8481 | 1b00 004d | 8b5f 384b | 894c 13f8 | 4983 c2f8 | 4d89 5728 | e95a e4ff | ff4c 8b94 
  0x00000210ee20ba68: 24b0 0000 | 0045 8b52 | 2445 85d2 | 0f84 31e5 | ffff 4d8b | 5f28 498b | ca4d 85db | 0f84 861b 
  0x00000210ee20ba88: 0000 4d8b | 5738 4b89 | 4c1a f849 | 83c3 f84d | 895f 280f | 1f44 0000 | e906 e5ff | ff4c 8b94 
  0x00000210ee20baa8: 24b0 0000 | 0045 8b52 | 3445 85d2 | 0f84 a3e4 | ffff 4d8b | 5f28 498b | ca4d 85db | 0f84 661b 
  0x00000210ee20bac8: 0000 4d8b | 5738 4b89 | 4c1a f849 | 83c3 f84d | 895f 280f | 1f44 0000 | e978 e4ff | ff4c 8b94 
  0x00000210ee20bae8: 24b0 0000 | 0045 8b5a | 2c45 85db | 0f84 11e5 | ffff 4d8b | 5728 498b | cb4d 85d2 | 0f84 e61a 
  0x00000210ee20bb08: ;   {no_reloc}
  0x00000210ee20bb08: 0000 4d8b | 5f38 4b89 | 4c13 f849 | 83c2 f84d | 8957 280f | 1f44 0000 | e9e6 e4ff | ff4c 8b94 
  0x00000210ee20bb28: 24b0 0000 | 0045 8b5a | 2845 85db | 0f84 64e5 | ffff 4d8b | 5728 498b | cb4d 85d2 | 0f84 061b 
  0x00000210ee20bb48: 0000 4d8b | 5f38 4b89 | 4c13 f849 | 83c2 f84d | 8957 280f | 1f44 0000 | e939 e5ff | ff4c 8b94 
  0x00000210ee20bb68: 24b0 0000 | 0045 8b52 | 3845 85d2 | 0f84 44e6 | ffff 4d8b | 5f28 498b | ca4d 85db | 0f84 e61a 
  0x00000210ee20bb88: 0000 4d8b | 5738 4b89 | 4c1a f849 | 83c3 f84d | 895f 280f | 1f44 0000 | e919 e6ff | ff45 8b59 
  0x00000210ee20bba8: 1045 85db | 0f84 59e8 | ffff 4d8b | 5728 498b | cb0f 1f80 | 0000 0000 | 4d85 d20f | 841c 1b00 
  0x00000210ee20bbc8: 004d 8b5f | 384b 894c | 13f8 4983 | c2f8 4d89 | 5728 e92c | e8ff ff45 | 8b51 2845 | 85d2 0f84 
  0x00000210ee20bbe8: 68e8 ffff | 4d8b 5f28 | 498b ca4d | 85db 0f84 | 941a 0000 | 4d8b 5738 | 4b89 4c1a | f849 83c3 
  0x00000210ee20bc08: ;   {no_reloc}
  0x00000210ee20bc08: f84d 895f | 28e9 42e8 | ffff 4c8b | 4c24 7045 | 8b59 180f | 1f44 0000 | 4585 db0f | 848b e7ff 
  0x00000210ee20bc28: ff4d 8b57 | 2849 8bcb | 4d85 d20f | 8483 1a00 | 004d 8b5f | 384b 894c | 13f8 4983 | c2f8 4d89 
  0x00000210ee20bc48: 5728 e965 | e7ff ff4d | 8b57 484d | 8b5f 58f0 | 8344 24c0 | 0066 6690 | 8039 000f | 84ec e3ff 
  0x00000210ee20bc68: ff44 8821 | 4d85 d275 | 2049 8bd7 | c5f8 7749 | bae0 292c | 7dff 7f00 | 0041 ffd2 

  0x00000210ee20bc84: ;   {other}
  0x00000210ee20bc84: 0f1f 8400 | 0000 0000 | e9c4 e3ff | ff4b 894c | 13f8 4983 | c2f8 4d89 | 5748 6690 | e9b0 e3ff 
  0x00000210ee20bca4: ff4d 8b57 | 484d 8b5f | 58f0 8344 | 24c0 0080 | 3900 0f84 | 4de2 ffff | 4488 2190 | 4d85 d275 
  0x00000210ee20bcc4: 2049 8bd7 | c5f8 7749 | bae0 292c | 7dff 7f00 | 0041 ffd2 

  0x00000210ee20bcd8: ;   {other}
  0x00000210ee20bcd8: 0f1f 8400 | 0000 0000 | e924 e2ff | ff4b 894c | 13f8 4983 | c2f8 4d89 | 5748 e912 | e2ff ff4d 
  0x00000210ee20bcf8: 8b57 584d | 8b5f 48f0 | 8344 24c0 | 0080 3900 | 0f84 a6e1 | ffff 4488 | 214d 85db | 7520 498b 
  0x00000210ee20bd18: d7c5 f877 | 49ba e029 | 2c7d ff7f | 0000 41ff 

  0x00000210ee20bd28: ;   {other}
  0x00000210ee20bd28: d20f 1f84 | 0000 0000 | 00e9 7ee1 | ffff 4b89 | 4c1a f849 | 83c3 f84d | 895f 48e9 | 6ce1 ffff 
  0x00000210ee20bd48: 4d8b 5758 | 4d8b 5f48 | f083 4424 | c000 8039 | 000f 8439 | e2ff ff44 | 8821 4d85 | db75 2049 
  0x00000210ee20bd68: 8bd7 c5f8 | 7749 bae0 | 292c 7dff | 7f00 0041 

  0x00000210ee20bd78: ;   {other}
  0x00000210ee20bd78: ffd2 0f1f | 8400 0000 | 0000 e911 | e2ff ff4b | 894c 1af8 | 4983 c3f8 | 4d89 5f48 | e9ff e1ff 
  0x00000210ee20bd98: ff4d 8b57 | 584d 8b5f | 48f0 8344 | 24c0 0080 | 3900 0f84 | 0fe0 ffff | 4488 214d | 85db 7520 
  0x00000210ee20bdb8: 498b d7c5 | f877 49ba | e029 2c7d | ff7f 0000 

  0x00000210ee20bdc8: ;   {other}
  0x00000210ee20bdc8: 41ff d20f | 1f84 0000 | 0000 00e9 | e7df ffff | 4b89 4c1a | f849 83c3 | f84d 895f | 48e9 d5df 
  0x00000210ee20bde8: ffff 4d8b | 5748 4d8b | 5f58 f083 | 4424 c000 | 0f1f 8400 | 0000 0000 | 8039 000f | 84f6 e1ff 
  0x00000210ee20be08: ff44 8821 | 4d85 d275 | 2049 8bd7 | c5f8 7749 | bae0 292c | 7dff 7f00 | 0041 ffd2 

  0x00000210ee20be24: ;   {other}
  0x00000210ee20be24: 0f1f 8400 | 0000 0000 | e9ce e1ff | ff4b 894c | 13f8 4983 | c2f8 4d89 | 5748 6690 | e9ba e1ff 
  0x00000210ee20be44: ff4d 8b57 | 584d 8b5f | 48f0 8344 | 24c0 0080 | 3900 0f84 | 83e2 ffff | 4488 2190 | 4d85 db75 
  0x00000210ee20be64: 2049 8bd7 | c5f8 7749 | bae0 292c | 7dff 7f00 | 0041 ffd2 

  0x00000210ee20be78: ;   {other}
  0x00000210ee20be78: 0f1f 8400 | 0000 0000 | e95a e2ff | ff4b 894c | 1af8 4983 | c3f8 4d89 | 5f48 e948 | e2ff ff4d 
  0x00000210ee20be98: 8b57 584d | 8b5f 48f0 | 8344 24c0 | 0080 3900 | 0f84 5be3 | ffff 4488 | 214d 85db | 7520 498b 
  0x00000210ee20beb8: d7c5 f877 | 49ba e029 | 2c7d ff7f | 0000 41ff 

  0x00000210ee20bec8: ;   {other}
  0x00000210ee20bec8: d20f 1f84 | 0000 0000 | 00e9 33e3 | ffff 4b89 | 4c1a f849 | 83c3 f84d | 895f 48e9 | 21e3 ffff 
  0x00000210ee20bee8: 4d8b 5748 | 4d8b 5f58 | f083 4424 | c000 8039 | 000f 844a | e5ff ff44 | 8821 4d85 | d275 2c48 
  0x00000210ee20bf08: 8bfb 498b | d949 8bd7 | c5f8 7749 | bae0 292c | 7dff 7f00 | 0041 ffd2 

  0x00000210ee20bf20: ;   {other}
  0x00000210ee20bf20: 0f1f 8400 | 0000 0000 | 4c8b cb48 | 8bdf e916 | e5ff ff4b | 894c 13f8 | 4983 c2f8 | 4d89 5748 
  0x00000210ee20bf40: e904 e5ff | ff4d 8b57 | 484d 8b5f | 58f0 8344 | 24c0 0080 | 3900 0f84 | 94e4 ffff | 4488 2190 
  0x00000210ee20bf60: 4d85 d275 | 2949 8bd9 | 498b d7c5 | f877 49ba | e029 2c7d | ff7f 0000 

  0x00000210ee20bf78: ;   {other}
  0x00000210ee20bf78: 41ff d20f | 1f84 0000 | 0000 004c | 8bcb 488b | dde9 62e4 | ffff 4b89 | 4c13 f849 | 83c2 f84d 
  0x00000210ee20bf98: 8957 480f | 1f44 0000 | e94b e4ff | ff4d 8b57 | 484d 8b5f | 58f0 8344 | 24c0 0080 | 3900 0f84 
  0x00000210ee20bfb8: d1e4 ffff | 4488 2190 | 4d85 d275 | 2649 8bd9 | 498b d7c5 | f877 49ba | e029 2c7d | ff7f 0000 
  0x00000210ee20bfd8: ;   {other}
  0x00000210ee20bfd8: 41ff d20f | 1f84 0000 | 0000 004c | 8bcb e9a2 | e4ff ff4b | 894c 13f8 | 4983 c2f8 | 4d89 5748 
  0x00000210ee20bff8: e990 e4ff | ffba 45ff | ffff 488b | 6c24 204c | 8b94 24a8 | 0000 004c | 8954 2420 | 448b 5424 
  0x00000210ee20c018: 4044 8954 | 2428 448b | 5c24 4444 | 895c 242c | 4c8b 5424 | 684c 8954 | 2450 4c89 | 5424 6090 
  0x00000210ee20c038: ;   {runtime_call UncommonTrapBlob}
  0x00000210ee20c038: c5f8 77e8 

  0x00000210ee20c03c: ; ImmutableOopMap {rbp=Oop [32]=Oop [40]=NarrowOop [44]=NarrowOop [56]=NarrowOop [80]=Oop [92]=NarrowOop [96]=Oop [112]=Oop }
                      ;*ifeq {reexecute=1 rethrow=0 return_oop=0}
                      ; - (reexecute) java.io.IoOverNioFileSystem::acquireNioFs@46
                      ; - java.io.IoOverNioFileSystem::isInvalid@4
                      ; - java.io.File::isInvalid@13
                      ; - java.io.FileInputStream::<init>@66
                      ; - jdk.internal.loader.URLClassPath$FileLoader$1::getInputStream@8
                      ; - jdk.internal.loader.Resource::cachedInputStream@9
                      ; - jdk.internal.loader.Resource::getByteBuffer@1
                      ; - java.net.URLClassLoader::defineClass@132
                      ; - java.net.URLClassLoader$1::run@43
                      ; - java.net.URLClassLoader$1::run@1
  0x00000210ee20c03c: c082 66ff 

  0x00000210ee20c040: ;   {other}
  0x00000210ee20c040: 0f1f 8400 | b05f 0069 | bd01 0000 | 00eb 028b | e8ba 45ff | ffff 4c8b | 9424 a800 | 0000 4c89 
  0x00000210ee20c060: 5424 2844 | 8b54 2440 | 4489 5424 | 3c44 8b5c | 2444 4489 | 5c24 4090 

  0x00000210ee20c078: ;   {runtime_call UncommonTrapBlob}
  0x00000210ee20c078: c5f8 77e8 

  0x00000210ee20c07c: ; ImmutableOopMap {[32]=Oop [40]=Oop [56]=NarrowOop [60]=NarrowOop [64]=NarrowOop [92]=NarrowOop [104]=Oop [112]=Oop }
                      ;*ifeq {reexecute=1 rethrow=0 return_oop=0}
                      ; - (reexecute) java.io.IoOverNioFileSystem::isInvalid@33
                      ; - java.io.File::isInvalid@13
                      ; - java.io.FileInputStream::<init>@66
                      ; - jdk.internal.loader.URLClassPath$FileLoader$1::getInputStream@8
                      ; - jdk.internal.loader.Resource::cachedInputStream@9
                      ; - jdk.internal.loader.Resource::getByteBuffer@1
                      ; - java.net.URLClassLoader::defineClass@132
                      ; - java.net.URLClassLoader$1::run@43
                      ; - java.net.URLClassLoader$1::run@1
  0x00000210ee20c07c: 8082 66ff 

  0x00000210ee20c080: ;   {other}
  0x00000210ee20c080: 0f1f 8400 | f05f 006a | baf6 ffff | ff48 8b6c | 2420 4c8b | 9424 9800 | 0000 4c89 | 5424 2044 
  0x00000210ee20c0a0: 8b54 2440 | 4489 5424 | 2844 8b5c | 2444 4489 | 5c24 2c4c | 8b54 2468 | 4c89 5424 | 504c 8954 
  0x00000210ee20c0c0: 2460 6690 

  0x00000210ee20c0c4: ;   {runtime_call UncommonTrapBlob}
  0x00000210ee20c0c4: c5f8 77e8 

  0x00000210ee20c0c8: ; ImmutableOopMap {rbp=Oop [32]=Oop [40]=NarrowOop [44]=NarrowOop [56]=NarrowOop [80]=Oop [92]=NarrowOop [96]=Oop [112]=Oop }
                      ;*invokevirtual type {reexecute=0 rethrow=0 return_oop=0}
                      ; - sun.nio.fs.WindowsPath::parse@11
                      ; - sun.nio.fs.WindowsFileSystem::getPath@102
                      ; - java.io.IoOverNioFileSystem::isInvalid@47
                      ; - java.io.File::isInvalid@13
                      ; - java.io.FileInputStream::<init>@66
                      ; - jdk.internal.loader.URLClassPath$FileLoader$1::getInputStream@8
                      ; - jdk.internal.loader.Resource::cachedInputStream@9
                      ; - jdk.internal.loader.Resource::getByteBuffer@1
                      ; - java.net.URLClassLoader::defineClass@132
                      ; - java.net.URLClassLoader$1::run@43
                      ; - java.net.URLClassLoader$1::run@1
  0x00000210ee20c0c8: 3482 66ff 

  0x00000210ee20c0cc: ;   {other}
  0x00000210ee20c0cc: 0f1f 8400 | 3c60 006b | bae4 ffff | ff4c 8b94 | 24a8 0000 | 004c 8954 | 2428 448b | 5c24 4044 
  0x00000210ee20c0ec: 895c 243c | 448b 5424 | 4444 8954 | 2440 4489 | 4424 7c90 

  0x00000210ee20c100: ;   {runtime_call UncommonTrapBlob}
  0x00000210ee20c100: c5f8 77e8 

  0x00000210ee20c104: ; ImmutableOopMap {rbp=NarrowOop [32]=Oop [40]=Oop [56]=NarrowOop [60]=NarrowOop [64]=NarrowOop [92]=NarrowOop [96]=Oop [104]=Oop [112]=Oop [120]=NarrowOop [124]=NarrowOop }
                      ;*aaload {reexecute=0 rethrow=0 return_oop=0}
                      ; - java.lang.ThreadLocal$ThreadLocalMap::getEntry@18
                      ; - java.lang.ThreadLocal::get@12
                      ; - java.lang.ThreadLocal::get@4
                      ; - com.jetbrains.internal.IoOverNio::isAllowedInThisThread@9
                      ; - java.io.IoOverNioFileSystem::acquireNioFs@16
                      ; - java.io.IoOverNioFileSystem::isInvalid@4
                      ; - java.io.File::isInvalid@13
                      ; - java.io.FileInputStream::<init>@66
                      ; - jdk.internal.loader.URLClassPath$FileLoader$1::getInputStream@8
                      ; - jdk.internal.loader.Resource::cachedInputStream@9
                      ; - jdk.internal.loader.Resource::getByteBuffer@1
                      ; - java.net.URLClassLoader::defineClass@132
                      ; - java.net.URLClassLoader$1::run@43
                      ; - java.net.URLClassLoader$1::run@1
  0x00000210ee20c104: f881 66ff 

  0x00000210ee20c108: ;   {other}
  0x00000210ee20c108: 0f1f 8400 | 7860 006c | 4c8b d345 | 8b5a 1c66 | 0f1f 8400 | 0000 0000 | 4585 db0f | 8491 d5ff 
  0x00000210ee20c128: ff4d 8b57 | 2849 8bcb | 4d85 d20f | 8413 1800 | 004d 8b5f | 384b 894c | 13f8 4983 | c2f8 4d89 
  0x00000210ee20c148: 5728 e96b | d5ff ff45 | 8b52 1045 | 85d2 0f84 | 0fd5 ffff | 4d8b 5f28 | 498b ca4d | 85db 0f84 
  0x00000210ee20c168: c017 0000 | 4d8b 5738 | 4b89 4c1a | f849 83c3 | f84d 895f | 2866 6690 | e9e6 d4ff | ff44 8b1f 
  0x00000210ee20c188: 4585 db0f | 849a d5ff | ff4d 8b57 | 2849 8bcb | 0f1f 8400 | 0000 0000 | 4d85 d20f | 84c3 1700 
  0x00000210ee20c1a8: 004d 8b5f | 384b 894c | 13f8 4983 | c2f8 4d89 | 5728 e96c | d5ff ff4d | 8b57 484d | 8b5f 58f0 
  0x00000210ee20c1c8: 8344 24c0 | 0080 3900 | 0f84 d3d4 | ffff 4488 | 214d 85d2 | 7520 498b | d7c5 f877 | 49ba e029 
  0x00000210ee20c1e8: 2c7d ff7f | 0000 41ff 

  0x00000210ee20c1f0: ;   {other}
  0x00000210ee20c1f0: d20f 1f84 | 0000 0000 | 00e9 abd4 | ffff 4b89 | 4c13 f849 | 83c2 f84d | 8957 48e9 | 99d4 ffff 
  0x00000210ee20c210: 4d8b 5748 | 4d8b 5f58 | f083 4424 | c000 6690 | 8039 000f | 84ce d4ff | ff44 8821 | 4d85 d275 
  0x00000210ee20c230: 2049 8bd7 | c5f8 7749 | bae0 292c | 7dff 7f00 | 0041 ffd2 

  0x00000210ee20c244: ;   {other}
  0x00000210ee20c244: 0f1f 8400 | 0000 0000 | e9a6 d4ff | ff4b 894c | 13f8 4983 | c2f8 4d89 | 5748 6690 | e992 d4ff 
  0x00000210ee20c264: ff4d 8b57 | 484d 8b5f | 58f0 8344 | 24c0 0080 | 3900 0f84 | e3d4 ffff | 4488 2190 | 4d85 d275 
  0x00000210ee20c284: 2049 8bd7 | c5f8 7749 | bae0 292c | 7dff 7f00 | 0041 ffd2 

  0x00000210ee20c298: ;   {other}
  0x00000210ee20c298: 0f1f 8400 | 0000 0000 | e9ba d4ff | ff4b 894c | 13f8 4983 | c2f8 4d89 | 5748 e9a8 | d4ff ff4c 
  0x00000210ee20c2b8: 8bd3 458b | 5a1c 6690 | 4585 db0f | 8462 e3ff | ff4d 8b57 | 2849 8bcb | 4d85 d20f | 84d3 1600 
  0x00000210ee20c2d8: 004d 8b5f | 384b 894c | 13f8 4983 | c2f8 4d89 | 5728 e93c | e3ff ff45 | 8b52 1045 | 85d2 0f84 
  0x00000210ee20c2f8: dae2 ffff | 4d8b 5f28 | 498b ca4d | 85db 0f84 | 8016 0000 | 4d8b 5738 | 4b89 4c1a | f849 83c3 
  0x00000210ee20c318: f84d 895f | 2866 6690 | e9b1 e2ff | ff44 8b17 | 4585 d20f | 8460 e3ff | ff4d 8b5f | 2849 8bca 
  0x00000210ee20c338: 0f1f 8400 | 0000 0000 | 4d85 db0f | 8483 1600 | 004d 8b57 | 384b 894c | 1af8 4983 | c3f8 4d89 
  0x00000210ee20c358: 5f28 e932 | e3ff ff4d | 8b57 484d | 8b5f 58f0 | 8344 24c0 | 0080 3900 | 0f84 9ee2 | ffff 4488 
  0x00000210ee20c378: 214d 85d2 | 7520 498b | d7c5 f877 | 49ba e029 | 2c7d ff7f | 0000 41ff 

  0x00000210ee20c390: ;   {other}
  0x00000210ee20c390: d20f 1f84 | 0000 0000 | 00e9 76e2 | ffff 4b89 | 4c13 f849 | 83c2 f84d | 8957 48e9 | 64e2 ffff 
  0x00000210ee20c3b0: 4d8b 5748 | 4d8b 5f58 | f083 4424 | c000 6690 | 8039 000f | 84a0 e2ff | ff44 8821 | 4d85 d275 
  0x00000210ee20c3d0: 2049 8bd7 | c5f8 7749 | bae0 292c | 7dff 7f00 | 0041 ffd2 

  0x00000210ee20c3e4: ;   {other}
  0x00000210ee20c3e4: 0f1f 8400 | 0000 0000 | e978 e2ff | ff4b 894c | 13f8 4983 | c2f8 4d89 | 5748 6690 | e964 e2ff 
  0x00000210ee20c404: ff4d 8b57 | 484d 8b5f | 58f0 8344 | 24c0 0080 | 3900 0f84 | ade2 ffff | 4488 2190 | 4d85 d275 
  0x00000210ee20c424: 2049 8bd7 | c5f8 7749 | bae0 292c | 7dff 7f00 | 0041 ffd2 

  0x00000210ee20c438: ;   {other}
  0x00000210ee20c438: 0f1f 8400 | 0000 0000 | e984 e2ff | ff4b 894c | 13f8 4983 | c2f8 4d89 | 5748 e972 | e2ff ffba 
  0x00000210ee20c458: c6ff ffff | 488b 6c24 | 204c 8b9c | 24a8 0000 | 004c 895c | 2420 448b | 4424 4044 | 8944 2428 
  0x00000210ee20c478: 4489 5424 | 4066 6690 

  0x00000210ee20c480: ;   {runtime_call UncommonTrapBlob}
  0x00000210ee20c480: c5f8 77e8 

  0x00000210ee20c484: ; ImmutableOopMap {rbp=Oop [32]=Oop [40]=NarrowOop [64]=NarrowOop [68]=NarrowOop [88]=Oop }
                      ;*invokevirtual getManifest {reexecute=0 rethrow=0 return_oop=0}
                      ; - java.net.URLClassLoader::defineClass@34
                      ; - java.net.URLClassLoader$1::run@43
                      ; - java.net.URLClassLoader$1::run@1
  0x00000210ee20c484: 787e 66ff 

  0x00000210ee20c488: ;   {other}
  0x00000210ee20c488: 0f1f 8400 | f863 006d | 498b d7c5 | f877 49ba | 002a 2c7d | ff7f 0000 

  0x00000210ee20c4a0: ;   {other}
  0x00000210ee20c4a0: 41ff d20f | 1f84 0000 | 0000 00e9 | 8ac6 ffff | 498b d7c5 | f877 49ba | 002a 2c7d | ff7f 0000 
  0x00000210ee20c4c0: ;   {other}
  0x00000210ee20c4c0: 41ff d20f | 1f84 0000 | 0000 00e9 | 1bb9 ffff | 498b d849 | 8bd7 c5f8 | 7749 ba00 | 2a2c 7dff 
  0x00000210ee20c4e0: 7f00 0041 

  0x00000210ee20c4e4: ;   {other}
  0x00000210ee20c4e4: ffd2 0f1f | 8400 0000 | 0000 e98a | c6ff ff49 | 8bd7 c5f8 | 7749 ba00 | 2a2c 7dff | 7f00 0041 
  0x00000210ee20c504: ;   {other}
  0x00000210ee20c504: ffd2 0f1f | 8400 0000 | 0000 e938 | bdff ffba | 45ff ffff | 488b 6c24 | 204c 8b84 | 2488 0000 
  0x00000210ee20c524: 004c 8944 | 2420 448b | 4c24 4044 | 894c 2428 | 448b 4424 | 4444 8944 | 242c 4c89 | 5c24 6044 
  0x00000210ee20c544: 8954 243c 

  0x00000210ee20c548: ;   {runtime_call UncommonTrapBlob}
  0x00000210ee20c548: c5f8 77e8 

  0x00000210ee20c54c: ; ImmutableOopMap {rbp=Oop [32]=Oop [40]=NarrowOop [44]=NarrowOop [56]=NarrowOop [60]=NarrowOop [96]=Oop [104]=Oop }
                      ;*ifnonnull {reexecute=1 rethrow=0 return_oop=0}
                      ; - (reexecute) java.io.FileInputStream::<init>@54
                      ; - jdk.internal.loader.URLClassPath$FileLoader$1::getInputStream@8
                      ; - jdk.internal.loader.Resource::cachedInputStream@9
                      ; - jdk.internal.loader.Resource::getByteBuffer@1
                      ; - java.net.URLClassLoader::defineClass@132
                      ; - java.net.URLClassLoader$1::run@43
                      ; - java.net.URLClassLoader$1::run@1
  0x00000210ee20c54c: b07d 66ff 

  0x00000210ee20c550: ;   {other}
  0x00000210ee20c550: 0f1f 8400 | c064 006e | ba45 ffff | ff4c 8b94 | 24a8 0000 | 004c 8954 | 2428 448b | 5c24 4044 
  0x00000210ee20c570: 895c 243c | 448b 5424 | 4444 8954 | 2440 6690 

  0x00000210ee20c580: ;   {runtime_call UncommonTrapBlob}
  0x00000210ee20c580: c5f8 77e8 

  0x00000210ee20c584: ; ImmutableOopMap {[32]=Oop [40]=Oop [56]=NarrowOop [60]=NarrowOop [64]=NarrowOop [92]=NarrowOop [104]=Oop [112]=Oop [120]=NarrowOop }
                      ;*if_icmplt {reexecute=1 rethrow=0 return_oop=0}
                      ; - (reexecute) jdk.internal.misc.VM::isBooted@4
                      ; - java.io.IoOverNioFileSystem::acquireNioFs@0
                      ; - java.io.IoOverNioFileSystem::isInvalid@4
                      ; - java.io.File::isInvalid@13
                      ; - java.io.FileInputStream::<init>@66
                      ; - jdk.internal.loader.URLClassPath$FileLoader$1::getInputStream@8
                      ; - jdk.internal.loader.Resource::cachedInputStream@9
                      ; - jdk.internal.loader.Resource::getByteBuffer@1
                      ; - java.net.URLClassLoader::defineClass@132
                      ; - java.net.URLClassLoader$1::run@43
                      ; - java.net.URLClassLoader$1::run@1
  0x00000210ee20c584: 787d 66ff 

  0x00000210ee20c588: ;   {other}
  0x00000210ee20c588: 0f1f 8400 | f864 006f | 498b d7c5 | f877 49ba | 002a 2c7d | ff7f 0000 

  0x00000210ee20c5a0: ;   {other}
  0x00000210ee20c5a0: 41ff d20f | 1f84 0000 | 0000 00e9 | 44bc ffff | ba45 ffff | ff4c 8b94 | 24a8 0000 | 004c 8954 
  0x00000210ee20c5c0: 2428 448b | 5424 4044 | 8954 243c | 448b 5c24 | 4444 895c | 2440 6690 

  0x00000210ee20c5d8: ;   {runtime_call UncommonTrapBlob}
  0x00000210ee20c5d8: c5f8 77e8 

  0x00000210ee20c5dc: ; ImmutableOopMap {[32]=Oop [40]=Oop [56]=NarrowOop [60]=NarrowOop [64]=NarrowOop [92]=NarrowOop [104]=Oop [112]=Oop [120]=NarrowOop }
                      ;*if_icmplt {reexecute=1 rethrow=0 return_oop=0}
                      ; - (reexecute) jdk.internal.misc.VM::isModuleSystemInited@4
                      ; - java.nio.file.FileSystems::getDefault@0
                      ; - java.io.IoOverNioFileSystem::acquireNioFs@24
                      ; - java.io.IoOverNioFileSystem::isInvalid@4
                      ; - java.io.File::isInvalid@13
                      ; - java.io.FileInputStream::<init>@66
                      ; - jdk.internal.loader.URLClassPath$FileLoader$1::getInputStream@8
                      ; - jdk.internal.loader.Resource::cachedInputStream@9
                      ; - jdk.internal.loader.Resource::getByteBuffer@1
                      ; - java.net.URLClassLoader::defineClass@132
                      ; - java.net.URLClassLoader$1::run@43
                      ; - java.net.URLClassLoader$1::run@1
  0x00000210ee20c5dc: 207d 66ff 

  0x00000210ee20c5e0: ;   {other}
  0x00000210ee20c5e0: 0f1f 8400 | 5065 0070 | ba45 ffff | ff4c 8b94 | 24a8 0000 | 004c 8954 | 2428 448b | 5424 4044 
  0x00000210ee20c600: 8954 243c | 448b 5c24 | 4444 895c | 2440 6690 

  0x00000210ee20c610: ;   {runtime_call UncommonTrapBlob}
  0x00000210ee20c610: c5f8 77e8 

  0x00000210ee20c614: ; ImmutableOopMap {[32]=Oop [40]=Oop [56]=NarrowOop [60]=NarrowOop [64]=NarrowOop [92]=NarrowOop [104]=Oop [112]=Oop }
                      ;*if_icmpne {reexecute=1 rethrow=0 return_oop=0}
                      ; - (reexecute) java.lang.String::equals@33
                      ; - java.util.Objects::equals@11
                      ; - java.io.IoOverNioFileSystem::acquireNioFs@43
                      ; - java.io.IoOverNioFileSystem::isInvalid@4
                      ; - java.io.File::isInvalid@13
                      ; - java.io.FileInputStream::<init>@66
                      ; - jdk.internal.loader.URLClassPath$FileLoader$1::getInputStream@8
                      ; - jdk.internal.loader.Resource::cachedInputStream@9
                      ; - jdk.internal.loader.Resource::getByteBuffer@1
                      ; - java.net.URLClassLoader::defineClass@132
                      ; - java.net.URLClassLoader$1::run@43
                      ; - java.net.URLClassLoader$1::run@1
  0x00000210ee20c614: e87c 66ff 

  0x00000210ee20c618: ;   {other}
  0x00000210ee20c618: 0f1f 8400 | 8865 0071 | ba45 ffff | ff4c 8b94 | 24a8 0000 | 004c 8954 | 2428 448b | 5424 4044 
  0x00000210ee20c638: 8954 243c | 448b 5c24 | 4444 895c | 2440 6690 

  0x00000210ee20c648: ;   {runtime_call UncommonTrapBlob}
  0x00000210ee20c648: c5f8 77e8 

  0x00000210ee20c64c: ; ImmutableOopMap {[32]=Oop [40]=Oop [56]=NarrowOop [60]=NarrowOop [64]=NarrowOop [92]=NarrowOop [104]=Oop [112]=Oop }
                      ;*if_icmpne {reexecute=1 rethrow=0 return_oop=0}
                      ; - (reexecute) java.lang.String::equals@33
                      ; - java.io.IoOverNioFileSystem::isInvalid@30
                      ; - java.io.File::isInvalid@13
                      ; - java.io.FileInputStream::<init>@66
                      ; - jdk.internal.loader.URLClassPath$FileLoader$1::getInputStream@8
                      ; - jdk.internal.loader.Resource::cachedInputStream@9
                      ; - jdk.internal.loader.Resource::getByteBuffer@1
                      ; - java.net.URLClassLoader::defineClass@132
                      ; - java.net.URLClassLoader$1::run@43
                      ; - java.net.URLClassLoader$1::run@1
  0x00000210ee20c64c: b07c 66ff 

  0x00000210ee20c650: ;   {other}
  0x00000210ee20c650: 0f1f 8400 | c065 0072 | 448b 5b1c | 0f1f 4000 | 4585 db0f | 8472 e5ff | ff4d 8b57 | 2849 8bcb 
  0x00000210ee20c670: 4d85 d20f | 8473 1300 | 004d 8b5f | 384b 894c | 13f8 4983 | c2f8 4d89 | 5728 e94c | e5ff ff44 
  0x00000210ee20c690: 8b53 1c45 | 85d2 0f84 | 4fe6 ffff | 4d8b 5f28 | 498b ca4d | 85db 0f84 | 6013 0000 | 4d8b 5738 
  0x00000210ee20c6b0: 4b89 4c1a | f849 83c3 | f84d 895f | 2866 6690 | e926 e6ff 

  0x00000210ee20c6c4: ;   {metadata('com/jetbrains/internal/IoOverNio$RecursionGuard')}
  0x00000210ee20c6c4: ff48 ba50 | 0a09 0001 | 0000 004c | 8b94 24a8 | 0000 004c | 8994 2498 

  0x00000210ee20c6dc: ;   {oop([B{0x0000000080c851f0})}
  0x00000210ee20c6dc: 0000 0048 | bdf0 51c8 | 8000 0000 | 0066 6690 

  0x00000210ee20c6ec: ;   {runtime_call _new_instance_Java}
  0x00000210ee20c6ec: c5f8 77e8 

  0x00000210ee20c6f0: ; ImmutableOopMap {rbp=Oop [136]=Derived_oop_rbp [32]=Oop [40]=Oop [56]=NarrowOop [64]=NarrowOop [68]=NarrowOop [72]=Oop [80]=Oop [92]=NarrowOop [96]=Oop [104]=Oop [112]=Oop [128]=Oop [152]=Oop [168]=Oop }
                      ;*new {reexecute=0 rethrow=0 return_oop=1}
                      ; - com.jetbrains.internal.IoOverNio$RecursionGuard::create@39
                      ; - java.io.FileInputStream::<init>@92
                      ; - jdk.internal.loader.URLClassPath$FileLoader$1::getInputStream@8
                      ; - jdk.internal.loader.Resource::cachedInputStream@9
                      ; - jdk.internal.loader.Resource::getByteBuffer@1
                      ; - java.net.URLClassLoader::defineClass@132
                      ; - java.net.URLClassLoader$1::run@43
                      ; - java.net.URLClassLoader$1::run@1
  0x00000210ee20c6f0: 0ce7 68ff 

  0x00000210ee20c6f4: ;   {other}
  0x00000210ee20c6f4: 0f1f 8400 | 6466 0073 | 0f1f 4000 | e92d ccff 

  0x00000210ee20c704: ;   {metadata('sun/nio/fs/WindowsPath')}
  0x00000210ee20c704: ff48 ba18 | 1a08 0001 | 0000 0090 

  0x00000210ee20c710: ;   {runtime_call _new_instance_Java}
  0x00000210ee20c710: c5f8 77e8 

  0x00000210ee20c714: ; ImmutableOopMap {rbp=Oop [32]=Oop [40]=Oop [56]=NarrowOop [64]=NarrowOop [68]=NarrowOop [72]=Oop [80]=Oop [92]=NarrowOop [96]=Oop [104]=Oop [112]=Oop [120]=Oop [128]=Oop [136]=Oop [168]=Oop }
                      ;*new {reexecute=0 rethrow=0 return_oop=1}
                      ; - sun.nio.fs.WindowsPath::parse@5
                      ; - sun.nio.fs.WindowsFileSystem::getPath@102
                      ; - java.io.IoOverNioFileSystem::getNioPath@22
                      ; - java.io.FileInputStream::<init>@104
                      ; - jdk.internal.loader.URLClassPath$FileLoader$1::getInputStream@8
                      ; - jdk.internal.loader.Resource::cachedInputStream@9
                      ; - jdk.internal.loader.Resource::getByteBuffer@1
                      ; - java.net.URLClassLoader::defineClass@132
                      ; - java.net.URLClassLoader$1::run@43
                      ; - java.net.URLClassLoader$1::run@1
  0x00000210ee20c714: e8e6 68ff 

  0x00000210ee20c718: ;   {other}
  0x00000210ee20c718: 0f1f 8400 | 8866 0074 | e97e c7ff 

  0x00000210ee20c724: ;   {metadata('java/nio/file/LinkOption'[])}
  0x00000210ee20c724: ff48 ba30 | 3d08 0001 | 0000 0044 | 8b44 2458 | 4c8b 9424 | a800 0000 | 4c89 9424 | 9000 0000 
  0x00000210ee20c744: ;   {runtime_call _new_array_Java}
  0x00000210ee20c744: c5f8 77e8 

  0x00000210ee20c748: ; ImmutableOopMap {[32]=Oop [40]=Oop [56]=NarrowOop [64]=NarrowOop [68]=NarrowOop [72]=Oop [80]=Oop [92]=NarrowOop [96]=Oop [104]=Oop [112]=Oop [120]=Oop [128]=Oop [136]=Oop [144]=Oop [168]=Oop }
                      ;*anewarray {reexecute=0 rethrow=0 return_oop=1}
                      ; - java.io.IoOverNioFileSystem::getNioPath@57
                      ; - java.io.FileInputStream::<init>@104
                      ; - jdk.internal.loader.URLClassPath$FileLoader$1::getInputStream@8
                      ; - jdk.internal.loader.Resource::cachedInputStream@9
                      ; - jdk.internal.loader.Resource::getByteBuffer@1
                      ; - java.net.URLClassLoader::defineClass@132
                      ; - java.net.URLClassLoader$1::run@43
                      ; - java.net.URLClassLoader$1::run@1
  0x00000210ee20c748: b4e9 68ff 

  0x00000210ee20c74c: ;   {other}
  0x00000210ee20c74c: 0f1f 8400 | bc66 0075 | e958 c9ff 

  0x00000210ee20c758: ;   {metadata('sun/nio/fs/WindowsChannelFactory$Flags')}
  0x00000210ee20c758: ff48 ba88 | 6d0a 0001 | 0000 0090 

  0x00000210ee20c764: ;   {runtime_call _new_instance_Java}
  0x00000210ee20c764: c5f8 77e8 

  0x00000210ee20c768: ; ImmutableOopMap {[32]=Oop [40]=Oop [56]=NarrowOop [64]=NarrowOop [68]=NarrowOop [72]=Oop [80]=Oop [92]=NarrowOop [96]=Oop [104]=Oop [112]=Oop [120]=Oop [128]=Oop [136]=NarrowOop [140]=NarrowOop [148]=NarrowOop [152]=Oop [160]=Oop [168]=Oop }
                      ;*new {reexecute=0 rethrow=0 return_oop=1}
                      ; - sun.nio.fs.WindowsChannelFactory$Flags::toFlags@0
                      ; - sun.nio.fs.WindowsChannelFactory::newFileChannel@1
                      ; - sun.nio.fs.WindowsFileSystemProvider::newFileChannel@55
                      ; - java.io.IoOverNioFileSystem::initializeStreamsUsingNio0@14
                      ; - java.io.IoOverNioFileSystem::initializeStreamUsingNio@12
                      ; - java.io.FileInputStream::<init>@151
                      ; - jdk.internal.loader.URLClassPath$FileLoader$1::getInputStream@8
                      ; - jdk.internal.loader.Resource::cachedInputStream@9
                      ; - jdk.internal.loader.Resource::getByteBuffer@1
                      ; - java.net.URLClassLoader::defineClass@132
                      ; - java.net.URLClassLoader$1::run@43
                      ; - java.net.URLClassLoader$1::run@1
  0x00000210ee20c768: 94e6 68ff 

  0x00000210ee20c76c: ;   {other}
  0x00000210ee20c76c: 0f1f 8400 | dc66 0076 | e98a d4ff | ff48 8944 | 24f8 8b84 | 2408 0100 | 0089 8424 | c400 0000 
  0x00000210ee20c78c: 488b 4424 

  0x00000210ee20c790: ;   {metadata('sun/nio/ch/NativeThreadSet')}
  0x00000210ee20c790: f848 ba10 | 9a0a 0001 | 0000 0090 

  0x00000210ee20c79c: ;   {runtime_call _new_instance_Java}
  0x00000210ee20c79c: c5f8 77e8 

  0x00000210ee20c7a0: ; ImmutableOopMap {rbp=NarrowOop [32]=Oop [40]=Oop [56]=NarrowOop [64]=NarrowOop [68]=NarrowOop [72]=Oop [80]=Oop [92]=NarrowOop [96]=Oop [104]=Oop [112]=Oop [120]=Oop [128]=Oop [136]=NarrowOop [140]=NarrowOop [148]=NarrowOop [152]=Oop [160]=Oop [168]=Oop [176]=Oop [184]=Oop }
                      ;*new {reexecute=0 rethrow=0 return_oop=1}
                      ; - sun.nio.ch.FileChannelImpl::<init>@5
                      ; - sun.nio.ch.FileChannelImpl::open@12
                      ; - sun.nio.fs.WindowsChannelFactory::newFileChannel@126
                      ; - sun.nio.fs.WindowsFileSystemProvider::newFileChannel@55
                      ; - java.io.IoOverNioFileSystem::initializeStreamsUsingNio0@14
                      ; - java.io.IoOverNioFileSystem::initializeStreamUsingNio@12
                      ; - java.io.FileInputStream::<init>@151
                      ; - jdk.internal.loader.URLClassPath$FileLoader$1::getInputStream@8
                      ; - jdk.internal.loader.Resource::cachedInputStream@9
                      ; - jdk.internal.loader.Resource::getByteBuffer@1
                      ; - java.net.URLClassLoader::defineClass@132
                      ; - java.net.URLClassLoader$1::run@43
                      ; - java.net.URLClassLoader$1::run@1
  0x00000210ee20c7a0: 5ce6 68ff 

  0x00000210ee20c7a4: ;   {other}
  0x00000210ee20c7a4: 0f1f 8400 | 1467 0077 | 4c8b d0e9 | 4cd6 ffff 

  0x00000210ee20c7b4: ;   {metadata('java/lang/Object')}
  0x00000210ee20c7b4: 48ba 6813 | 0400 0100 | 0000 6690 

  0x00000210ee20c7c0: ;   {runtime_call _new_instance_Java}
  0x00000210ee20c7c0: c5f8 77e8 

  0x00000210ee20c7c4: ; ImmutableOopMap {rbp=NarrowOop [32]=Oop [40]=Oop [56]=NarrowOop [64]=NarrowOop [68]=NarrowOop [72]=Oop [80]=Oop [92]=NarrowOop [96]=Oop [104]=Oop [112]=Oop [120]=Oop [128]=Oop [136]=NarrowOop [140]=NarrowOop [148]=NarrowOop [152]=Oop [160]=Oop [168]=Oop [176]=Oop [184]=Oop }
                      ;*new {reexecute=0 rethrow=0 return_oop=1}
                      ; - sun.nio.ch.FileChannelImpl::<init>@17
                      ; - sun.nio.ch.FileChannelImpl::open@12
                      ; - sun.nio.fs.WindowsChannelFactory::newFileChannel@126
                      ; - sun.nio.fs.WindowsFileSystemProvider::newFileChannel@55
                      ; - java.io.IoOverNioFileSystem::initializeStreamsUsingNio0@14
                      ; - java.io.IoOverNioFileSystem::initializeStreamUsingNio@12
                      ; - java.io.FileInputStream::<init>@151
                      ; - jdk.internal.loader.URLClassPath$FileLoader$1::getInputStream@8
                      ; - jdk.internal.loader.Resource::cachedInputStream@9
                      ; - jdk.internal.loader.Resource::getByteBuffer@1
                      ; - java.net.URLClassLoader::defineClass@132
                      ; - java.net.URLClassLoader$1::run@43
                      ; - java.net.URLClassLoader$1::run@1
  0x00000210ee20c7c4: 38e6 68ff 

  0x00000210ee20c7c8: ;   {other}
  0x00000210ee20c7c8: 0f1f 8400 | 3867 0078 | 4c8b d0e9 | 77d7 ffff | 4889 4424 | f88b 8424 | 0801 0000 | 8984 24cc 
  0x00000210ee20c7e8: 0000 0048 | 8b44 24f8 

  0x00000210ee20c7f0: ;   {metadata({type array long})}
  0x00000210ee20c7f0: 48ba 4011 | 0400 0100 | 0000 41b8 | 0200 0000 

  0x00000210ee20c800: ;   {runtime_call _new_array_Java}
  0x00000210ee20c800: c5f8 77e8 

  0x00000210ee20c804: ; ImmutableOopMap {rbp=NarrowOop [32]=Oop [40]=Oop [56]=NarrowOop [64]=NarrowOop [68]=NarrowOop [72]=Oop [80]=Oop [92]=NarrowOop [96]=Oop [104]=Oop [112]=Oop [120]=Oop [128]=Oop [136]=NarrowOop [140]=NarrowOop [148]=NarrowOop [152]=Oop [160]=Oop [168]=Oop [176]=Oop [184]=Oop [192]=Oop }
                      ;*newarray {reexecute=0 rethrow=0 return_oop=1}
                      ; - sun.nio.ch.NativeThreadSet::<init>@11
                      ; - sun.nio.ch.FileChannelImpl::<init>@10
                      ; - sun.nio.ch.FileChannelImpl::open@12
                      ; - sun.nio.fs.WindowsChannelFactory::newFileChannel@126
                      ; - sun.nio.fs.WindowsFileSystemProvider::newFileChannel@55
                      ; - java.io.IoOverNioFileSystem::initializeStreamsUsingNio0@14
                      ; - java.io.IoOverNioFileSystem::initializeStreamUsingNio@12
                      ; - java.io.FileInputStream::<init>@151
                      ; - jdk.internal.loader.URLClassPath$FileLoader$1::getInputStream@8
                      ; - jdk.internal.loader.Resource::cachedInputStream@9
                      ; - jdk.internal.loader.Resource::getByteBuffer@1
                      ; - java.net.URLClassLoader::defineClass@132
                      ; - java.net.URLClassLoader$1::run@43
                      ; - java.net.URLClassLoader$1::run@1
  0x00000210ee20c804: f8e8 68ff 

  0x00000210ee20c808: ;   {other}
  0x00000210ee20c808: 0f1f 8400 | 7867 0079 | 4889 4424 | f88b 8424 | cc00 0000 | 8984 2408 | 0100 0048 | 8b44 24f8 
  0x00000210ee20c828: e944 d6ff 

  0x00000210ee20c82c: ;   {metadata('java/lang/Object')}
  0x00000210ee20c82c: ff48 ba68 | 1304 0001 | 0000 0090 

  0x00000210ee20c838: ;   {runtime_call _new_instance_Java}
  0x00000210ee20c838: c5f8 77e8 

  0x00000210ee20c83c: ; ImmutableOopMap {[32]=Oop [40]=Oop [56]=NarrowOop [64]=NarrowOop [68]=NarrowOop [72]=Oop [80]=Oop [92]=NarrowOop [96]=Oop [104]=Oop [112]=Oop [120]=Oop [128]=Oop [136]=NarrowOop [140]=NarrowOop [148]=NarrowOop [152]=Oop [160]=Oop [168]=Oop [176]=Oop [184]=Oop }
                      ;*new {reexecute=0 rethrow=0 return_oop=1}
                      ; - java.nio.channels.spi.AbstractInterruptibleChannel::<init>@5
                      ; - java.nio.channels.FileChannel::<init>@1
                      ; - sun.nio.ch.FileChannelImpl::<init>@1
                      ; - sun.nio.ch.FileChannelImpl::open@12
                      ; - sun.nio.fs.WindowsChannelFactory::newFileChannel@126
                      ; - sun.nio.fs.WindowsFileSystemProvider::newFileChannel@55
                      ; - java.io.IoOverNioFileSystem::initializeStreamsUsingNio0@14
                      ; - java.io.IoOverNioFileSystem::initializeStreamUsingNio@12
                      ; - java.io.FileInputStream::<init>@151
                      ; - jdk.internal.loader.URLClassPath$FileLoader$1::getInputStream@8
                      ; - jdk.internal.loader.Resource::cachedInputStream@9
                      ; - jdk.internal.loader.Resource::getByteBuffer@1
                      ; - java.net.URLClassLoader::defineClass@132
                      ; - java.net.URLClassLoader$1::run@43
                      ; - java.net.URLClassLoader$1::run@1
  0x00000210ee20c83c: c0e5 68ff 

  0x00000210ee20c840: ;   {other}
  0x00000210ee20c840: 0f1f 8400 | b067 007a | e92a d5ff 

  0x00000210ee20c84c: ;   {metadata('sun/nio/ch/FileChannelImpl')}
  0x00000210ee20c84c: ff48 ba30 | 8a0a 0001 | 0000 0090 

  0x00000210ee20c858: ;   {runtime_call _new_instance_Java}
  0x00000210ee20c858: c5f8 77e8 

  0x00000210ee20c85c: ; ImmutableOopMap {[32]=Oop [40]=Oop [56]=NarrowOop [64]=NarrowOop [68]=NarrowOop [72]=Oop [80]=Oop [92]=NarrowOop [96]=Oop [104]=Oop [112]=Oop [120]=Oop [128]=Oop [136]=NarrowOop [140]=NarrowOop [148]=NarrowOop [152]=Oop [160]=Oop [168]=Oop [184]=Oop }
                      ;*new {reexecute=0 rethrow=0 return_oop=1}
                      ; - sun.nio.ch.FileChannelImpl::open@0
                      ; - sun.nio.fs.WindowsChannelFactory::newFileChannel@126
                      ; - sun.nio.fs.WindowsFileSystemProvider::newFileChannel@55
                      ; - java.io.IoOverNioFileSystem::initializeStreamsUsingNio0@14
                      ; - java.io.IoOverNioFileSystem::initializeStreamUsingNio@12
                      ; - java.io.FileInputStream::<init>@151
                      ; - jdk.internal.loader.URLClassPath$FileLoader$1::getInputStream@8
                      ; - jdk.internal.loader.Resource::cachedInputStream@9
                      ; - jdk.internal.loader.Resource::getByteBuffer@1
                      ; - java.net.URLClassLoader::defineClass@132
                      ; - java.net.URLClassLoader$1::run@43
                      ; - java.net.URLClassLoader$1::run@1
  0x00000210ee20c85c: a0e5 68ff 

  0x00000210ee20c860: ;   {other}
  0x00000210ee20c860: 0f1f 8400 | d067 007b | e9c3 d4ff 

  0x00000210ee20c86c: ;   {metadata('java/io/IoOverNioFileSystem$StreamInitializationBundle')}
  0x00000210ee20c86c: ff48 ba68 | 9c0a 0001 | 0000 004c | 8b94 24a8 | 0000 004c | 8954 2460 

  0x00000210ee20c884: ;   {runtime_call _new_instance_Java}
  0x00000210ee20c884: c5f8 77e8 

  0x00000210ee20c888: ; ImmutableOopMap {[32]=Oop [40]=Oop [56]=NarrowOop [64]=NarrowOop [68]=NarrowOop [72]=Oop [80]=Oop [92]=NarrowOop [96]=Oop [104]=Oop [112]=Oop [120]=Oop [128]=Oop [136]=NarrowOop [148]=NarrowOop [152]=Oop [168]=Oop [240]=Oop }
                      ;*new {reexecute=0 rethrow=0 return_oop=1}
                      ; - java.io.IoOverNioFileSystem::initializeStreamsUsingNio0@19
                      ; - java.io.IoOverNioFileSystem::initializeStreamUsingNio@12
                      ; - java.io.FileInputStream::<init>@151
                      ; - jdk.internal.loader.URLClassPath$FileLoader$1::getInputStream@8
                      ; - jdk.internal.loader.Resource::cachedInputStream@9
                      ; - jdk.internal.loader.Resource::getByteBuffer@1
                      ; - java.net.URLClassLoader::defineClass@132
                      ; - java.net.URLClassLoader$1::run@43
                      ; - java.net.URLClassLoader$1::run@1
  0x00000210ee20c888: 74e5 68ff 

  0x00000210ee20c88c: ;   {other}
  0x00000210ee20c88c: 0f1f 8400 | fc67 007c | e9e7 d9ff 

  0x00000210ee20c898: ;   {metadata('java/io/ExternalChannelHolder')}
  0x00000210ee20c898: ff48 baa8 | 9e0a 0001 | 0000 0044 | 8b94 2494 | 0000 0044 | 8994 248c | 0000 0090 

  0x00000210ee20c8b4: ;   {runtime_call _new_instance_Java}
  0x00000210ee20c8b4: c5f8 77e8 

  0x00000210ee20c8b8: ; ImmutableOopMap {rbp=Oop [32]=Oop [40]=Oop [56]=NarrowOop [64]=NarrowOop [68]=NarrowOop [72]=Oop [80]=Oop [92]=NarrowOop [96]=Oop [104]=Oop [112]=Oop [120]=Oop [128]=Oop [136]=NarrowOop [140]=NarrowOop [152]=Oop [160]=Oop [168]=Oop [240]=Oop }
                      ;*new {reexecute=0 rethrow=0 return_oop=1}
                      ; - java.io.IoOverNioFileSystem::initializeStreamsUsingNio0@33
                      ; - java.io.IoOverNioFileSystem::initializeStreamUsingNio@12
                      ; - java.io.FileInputStream::<init>@151
                      ; - jdk.internal.loader.URLClassPath$FileLoader$1::getInputStream@8
                      ; - jdk.internal.loader.Resource::cachedInputStream@9
                      ; - jdk.internal.loader.Resource::getByteBuffer@1
                      ; - java.net.URLClassLoader::defineClass@132
                      ; - java.net.URLClassLoader$1::run@43
                      ; - java.net.URLClassLoader$1::run@1
  0x00000210ee20c8b8: 44e5 68ff 

  0x00000210ee20c8bc: ;   {other}
  0x00000210ee20c8bc: 0f1f 8400 | 2c68 007d | e94d daff 

  0x00000210ee20c8c8: ;   {metadata('java/lang/ThreadLocal$ThreadLocalMap$Entry')}
  0x00000210ee20c8c8: ff48 baf0 | 3200 0001 

  0x00000210ee20c8d0: ;   {oop([B{0x0000000080c851f0})}
  0x00000210ee20c8d0: 0000 0048 | bdf0 51c8 | 8000 0000 | 0066 6690 

  0x00000210ee20c8e0: ;   {runtime_call _new_instance_Java}
  0x00000210ee20c8e0: c5f8 77e8 

  0x00000210ee20c8e4: ; ImmutableOopMap {rbp=Oop [136]=Derived_oop_rbp [32]=Oop [40]=Oop [56]=NarrowOop [64]=NarrowOop [68]=NarrowOop [72]=Oop [80]=Oop [92]=NarrowOop [96]=Oop [104]=Oop [112]=Oop [120]=Oop [128]=Oop [144]=NarrowOop [148]=NarrowOop [160]=Oop [168]=Oop [176]=NarrowOop [184]=Oop }
                      ;*new {reexecute=0 rethrow=0 return_oop=1}
                      ; - java.lang.ThreadLocal$ThreadLocalMap::set@85
                      ; - java.lang.ThreadLocal::set@13
                      ; - java.lang.ThreadLocal::set@5
                      ; - com.jetbrains.internal.IoOverNio$RecursionGuard::create@62
                      ; - java.io.FileInputStream::<init>@92
                      ; - jdk.internal.loader.URLClassPath$FileLoader$1::getInputStream@8
                      ; - jdk.internal.loader.Resource::cachedInputStream@9
                      ; - jdk.internal.loader.Resource::getByteBuffer@1
                      ; - java.net.URLClassLoader::defineClass@132
                      ; - java.net.URLClassLoader$1::run@43
                      ; - java.net.URLClassLoader$1::run@1
  0x00000210ee20c8e4: 18e5 68ff 

  0x00000210ee20c8e8: ;   {other}
  0x00000210ee20c8e8: 0f1f 8400 | 5868 007e | 4c8b d0e9 | 5bcd ffff 

  0x00000210ee20c8f8: ;   {metadata('java/lang/ThreadLocal$ThreadLocalMap$Entry')}
  0x00000210ee20c8f8: 48ba f032 | 0000 0100 | 0000 6690 

  0x00000210ee20c904: ;   {runtime_call _new_instance_Java}
  0x00000210ee20c904: c5f8 77e8 

  0x00000210ee20c908: ; ImmutableOopMap {rbp=Oop [32]=Oop [40]=Oop [56]=NarrowOop [64]=NarrowOop [68]=NarrowOop [72]=Oop [80]=Oop [92]=NarrowOop [96]=NarrowOop [104]=Oop [112]=Oop [120]=Oop [128]=Oop [136]=Oop [144]=NarrowOop [148]=NarrowOop [152]=NarrowOop [160]=NarrowOop [168]=Oop [176]=Oop }
                      ;*new {reexecute=0 rethrow=0 return_oop=1}
                      ; - java.lang.ThreadLocal$ThreadLocalMap::set@85
                      ; - java.lang.ThreadLocal::set@13
                      ; - java.lang.ThreadLocal::set@5
                      ; - com.jetbrains.internal.IoOverNio$ParentForFileChannelImplHolder::set@7
                      ; - java.io.IoOverNioFileSystem::initializeStreamUsingNio@1
                      ; - java.io.FileInputStream::<init>@151
                      ; - jdk.internal.loader.URLClassPath$FileLoader$1::getInputStream@8
                      ; - jdk.internal.loader.Resource::cachedInputStream@9
                      ; - jdk.internal.loader.Resource::getByteBuffer@1
                      ; - java.net.URLClassLoader::defineClass@132
                      ; - java.net.URLClassLoader$1::run@43
                      ; - java.net.URLClassLoader$1::run@1
  0x00000210ee20c908: f4e4 68ff 

  0x00000210ee20c90c: ;   {other}
  0x00000210ee20c90c: 0f1f 8400 | 7c68 007f | 4c8b d0e9 | a4dc ffff 

  0x00000210ee20c91c: ;   {metadata('sun/nio/ch/FileChannelImpl$Closer')}
  0x00000210ee20c91c: 48ba 00e8 | 1400 0100 | 0000 6690 

  0x00000210ee20c928: ;   {runtime_call _new_instance_Java}
  0x00000210ee20c928: c5f8 77e8 

  0x00000210ee20c92c: ; ImmutableOopMap {[32]=Oop [40]=Oop [56]=NarrowOop [64]=NarrowOop [68]=NarrowOop [72]=Oop [80]=Oop [92]=NarrowOop [96]=Oop [104]=Oop [112]=Oop [120]=Oop [128]=Oop [136]=NarrowOop [148]=NarrowOop [152]=Oop [168]=Oop [176]=Oop [184]=Oop }
                      ;*new {reexecute=0 rethrow=0 return_oop=1}
                      ; - sun.nio.ch.FileChannelImpl::<init>@127
                      ; - sun.nio.ch.FileChannelImpl::open@12
                      ; - sun.nio.fs.WindowsChannelFactory::newFileChannel@126
                      ; - sun.nio.fs.WindowsFileSystemProvider::newFileChannel@55
                      ; - java.io.IoOverNioFileSystem::initializeStreamsUsingNio0@14
                      ; - java.io.IoOverNioFileSystem::initializeStreamUsingNio@12
                      ; - java.io.FileInputStream::<init>@151
                      ; - jdk.internal.loader.URLClassPath$FileLoader$1::getInputStream@8
                      ; - jdk.internal.loader.Resource::cachedInputStream@9
                      ; - jdk.internal.loader.Resource::getByteBuffer@1
                      ; - java.net.URLClassLoader::defineClass@132
                      ; - java.net.URLClassLoader$1::run@43
                      ; - java.net.URLClassLoader$1::run@1
  0x00000210ee20c92c: d0e4 68ff 

  0x00000210ee20c930: ;   {other}
  0x00000210ee20c930: 0f1f 8400 | a068 0080 | e911 d8ff | ffba e4ff | ffff 488b | 6c24 204c | 8b84 24a8 | 0000 004c 
  0x00000210ee20c950: 8944 2420 | 8b7c 2440 | 897c 2428 | 448b 4424 | 4444 8944 | 242c 4c8b | 4424 684c | 8944 2450 
  0x00000210ee20c970: 4c89 4424 | 608b 7c24 | 5c89 7c24 | 3c4c 8b44 | 2478 4c89 | 4424 5844 | 8b84 2490 | 0000 0044 
  0x00000210ee20c990: 8954 247c | 458b d044 | 8994 2480 | 0000 0089 | 9c24 8800 | 0000 4489 | 8c24 9000 | 0000 4489 
  0x00000210ee20c9b0: 9c24 9400 | 0000 898c | 2498 0000 | 0066 6690 

  0x00000210ee20c9c0: ;   {runtime_call UncommonTrapBlob}
  0x00000210ee20c9c0: c5f8 77e8 

  0x00000210ee20c9c4: ; ImmutableOopMap {rbp=Oop [32]=Oop [40]=NarrowOop [44]=NarrowOop [56]=NarrowOop [60]=NarrowOop [80]=Oop [88]=Oop [96]=Oop [112]=Oop [128]=NarrowOop [148]=NarrowOop }
                      ;*aaload {reexecute=0 rethrow=0 return_oop=0}
                      ; - java.lang.ThreadLocal$ThreadLocalMap::cleanSomeSlots@23
                      ; - java.lang.ThreadLocal$ThreadLocalMap::set@113
                      ; - java.lang.ThreadLocal::set@13
                      ; - java.lang.ThreadLocal::set@5
                      ; - com.jetbrains.internal.IoOverNio$RecursionGuard::create@62
                      ; - java.io.FileInputStream::<init>@92
                      ; - jdk.internal.loader.URLClassPath$FileLoader$1::getInputStream@8
                      ; - jdk.internal.loader.Resource::cachedInputStream@9
                      ; - jdk.internal.loader.Resource::getByteBuffer@1
                      ; - java.net.URLClassLoader::defineClass@132
                      ; - java.net.URLClassLoader$1::run@43
                      ; - java.net.URLClassLoader$1::run@1
  0x00000210ee20c9c4: 3879 66ff 

  0x00000210ee20c9c8: ;   {other}
  0x00000210ee20c9c8: 0f1f 8400 | 3869 0081 | 8bca bae4 | ffff ff48 | 8b6c 2420 | 488b 9c24 | a800 0000 | 4889 5c24 
  0x00000210ee20c9e8: 208b 7c24 | 4089 7c24 | 288b 5c24 | 4489 5c24 | 2c48 8b5c | 2468 4889 | 5c24 5048 | 895c 2460 
  0x00000210ee20ca08: 8bbc 2490 | 0000 0089 | 7c24 588b | 9c24 9400 | 0000 899c | 2490 0000 | 0044 899c | 249c 0000 
  0x00000210ee20ca28: 0044 898c | 24a4 0000 | 0044 8994 | 24ac 0000 | 0044 8984 | 24b0 0000 | 0089 8c24 | b400 0000 
  0x00000210ee20ca48: ;   {runtime_call UncommonTrapBlob}
  0x00000210ee20ca48: c5f8 77e8 

  0x00000210ee20ca4c: ; ImmutableOopMap {rbp=Oop [32]=Oop [40]=NarrowOop [44]=NarrowOop [56]=NarrowOop [80]=Oop [88]=NarrowOop [92]=NarrowOop [96]=Oop [112]=Oop [120]=Oop [136]=Oop [144]=NarrowOop [152]=NarrowOop [176]=NarrowOop }
                      ;*aaload {reexecute=0 rethrow=0 return_oop=0}
                      ; - java.lang.ThreadLocal$ThreadLocalMap::cleanSomeSlots@23
                      ; - java.lang.ThreadLocal$ThreadLocalMap::set@113
                      ; - java.lang.ThreadLocal::set@13
                      ; - java.lang.ThreadLocal::set@5
                      ; - com.jetbrains.internal.IoOverNio$ParentForFileChannelImplHolder::set@7
                      ; - java.io.IoOverNioFileSystem::initializeStreamUsingNio@1
                      ; - java.io.FileInputStream::<init>@151
                      ; - jdk.internal.loader.URLClassPath$FileLoader$1::getInputStream@8
                      ; - jdk.internal.loader.Resource::cachedInputStream@9
                      ; - jdk.internal.loader.Resource::getByteBuffer@1
                      ; - java.net.URLClassLoader::defineClass@132
                      ; - java.net.URLClassLoader$1::run@43
                      ; - java.net.URLClassLoader$1::run@1
  0x00000210ee20ca4c: b078 66ff 

  0x00000210ee20ca50: ;   {other}
  0x00000210ee20ca50: 0f1f 8400 | c069 0082 | bae4 ffff | ff48 8b6c | 2420 4c8b | 9424 a800 | 0000 4c89 | 5424 2044 
  0x00000210ee20ca70: 8b54 2440 | 4489 5424 | 2844 8b5c | 2444 4489 | 5c24 2c4c | 8b54 2468 | 4c89 5424 | 504c 8954 
  0x00000210ee20ca90: 2460 448b | 5c24 5c44 | 895c 243c | 448b 9424 | 9000 0000 | 4489 9424 | 8000 0000 | 448b 9424 
  0x00000210ee20cab0: 9400 0000 | 458b da44 | 899c 2490 | 0000 0044 | 8984 2494 | 0000 0090 

  0x00000210ee20cac8: ;   {runtime_call UncommonTrapBlob}
  0x00000210ee20cac8: c5f8 77e8 

  0x00000210ee20cacc: ; ImmutableOopMap {rbp=Oop [32]=Oop [40]=NarrowOop [44]=NarrowOop [56]=NarrowOop [60]=NarrowOop [80]=Oop [96]=Oop [112]=Oop [120]=Oop [128]=NarrowOop [144]=NarrowOop }
                      ;*aaload {reexecute=0 rethrow=0 return_oop=0}
                      ; - java.lang.ThreadLocal$ThreadLocalMap::set@76
                      ; - java.lang.ThreadLocal::set@13
                      ; - java.lang.ThreadLocal::set@5
                      ; - com.jetbrains.internal.IoOverNio$RecursionGuard::create@62
                      ; - java.io.FileInputStream::<init>@92
                      ; - jdk.internal.loader.URLClassPath$FileLoader$1::getInputStream@8
                      ; - jdk.internal.loader.Resource::cachedInputStream@9
                      ; - jdk.internal.loader.Resource::getByteBuffer@1
                      ; - java.net.URLClassLoader::defineClass@132
                      ; - java.net.URLClassLoader$1::run@43
                      ; - java.net.URLClassLoader$1::run@1
  0x00000210ee20cacc: 3078 66ff 

  0x00000210ee20cad0: ;   {other}
  0x00000210ee20cad0: 0f1f 8400 | 406a 0083 | bae4 ffff | ff48 8b6c | 2420 4c8b | 9424 a800 | 0000 4c89 | 5424 2044 
  0x00000210ee20caf0: 8b54 2440 | 4489 5424 | 2844 8b5c | 2444 4489 | 5c24 2c44 | 8b94 2490 | 0000 0044 | 8954 2458 
  0x00000210ee20cb10: 448b 9c24 | 9400 0000 | 4489 9c24 | 9000 0000 | 448b 9424 | 9800 0000 | 4489 9424 | 9400 0000 
  0x00000210ee20cb30: 4489 8424 | b000 0000 

  0x00000210ee20cb38: ;   {runtime_call UncommonTrapBlob}
  0x00000210ee20cb38: c5f8 77e8 

  0x00000210ee20cb3c: ; ImmutableOopMap {rbp=Oop [32]=Oop [40]=NarrowOop [44]=NarrowOop [56]=NarrowOop [88]=NarrowOop [92]=NarrowOop [96]=NarrowOop [104]=Oop [112]=Oop [120]=Oop [136]=Oop [144]=NarrowOop [148]=NarrowOop }
                      ;*aaload {reexecute=0 rethrow=0 return_oop=0}
                      ; - java.lang.ThreadLocal$ThreadLocalMap::set@76
                      ; - java.lang.ThreadLocal::set@13
                      ; - java.lang.ThreadLocal::set@5
                      ; - com.jetbrains.internal.IoOverNio$ParentForFileChannelImplHolder::set@7
                      ; - java.io.IoOverNioFileSystem::initializeStreamUsingNio@1
                      ; - java.io.FileInputStream::<init>@151
                      ; - jdk.internal.loader.URLClassPath$FileLoader$1::getInputStream@8
                      ; - jdk.internal.loader.Resource::cachedInputStream@9
                      ; - jdk.internal.loader.Resource::getByteBuffer@1
                      ; - java.net.URLClassLoader::defineClass@132
                      ; - java.net.URLClassLoader$1::run@43
                      ; - java.net.URLClassLoader$1::run@1
  0x00000210ee20cb3c: c077 66ff 

  0x00000210ee20cb40: ;   {other}
  0x00000210ee20cb40: 0f1f 8400 | b06a 0084 | bade ffff | ff4c 8b94 | 24a8 0000 | 004c 8954 | 2428 448b | 5c24 4044 
  0x00000210ee20cb60: 895c 243c | 448b 5424 | 4444 8954 | 2440 6690 

  0x00000210ee20cb70: ;   {runtime_call UncommonTrapBlob}
  0x00000210ee20cb70: c5f8 77e8 

  0x00000210ee20cb74: ; ImmutableOopMap {rbp=NarrowOop [32]=Oop [40]=Oop [56]=NarrowOop [60]=NarrowOop [64]=NarrowOop [92]=NarrowOop [104]=Oop [112]=Oop }
                      ;*invokevirtual isInvalid {reexecute=0 rethrow=0 return_oop=0}
                      ; - java.io.IoOverNioFileSystem::isInvalid@61
                      ; - java.io.File::isInvalid@13
                      ; - java.io.FileInputStream::<init>@66
                      ; - jdk.internal.loader.URLClassPath$FileLoader$1::getInputStream@8
                      ; - jdk.internal.loader.Resource::cachedInputStream@9
                      ; - jdk.internal.loader.Resource::getByteBuffer@1
                      ; - java.net.URLClassLoader::defineClass@132
                      ; - java.net.URLClassLoader$1::run@43
                      ; - java.net.URLClassLoader$1::run@1
  0x00000210ee20cb74: 8877 66ff 

  0x00000210ee20cb78: ;   {other}
  0x00000210ee20cb78: 0f1f 8400 | e86a 0085 | 458b d0ba | 45ff ffff | 488b 6c24 | 204c 8b9c | 24a8 0000 | 004c 895c 
  0x00000210ee20cb98: 2420 448b | 4424 4044 | 8944 2428 | 448b 5c24 | 4444 895c | 242c 4c8b | 5c24 684c | 895c 2450 
  0x00000210ee20cbb8: 4c89 5c24 | 6044 8b44 | 245c 4489 | 4424 3c4c | 8b5c 2478 | 4c89 5c24 | 5844 8954 | 2478 6690 
  0x00000210ee20cbd8: ;   {runtime_call UncommonTrapBlob}
  0x00000210ee20cbd8: c5f8 77e8 

  0x00000210ee20cbdc: ; ImmutableOopMap {rbp=Oop [32]=Oop [40]=NarrowOop [44]=NarrowOop [56]=NarrowOop [60]=NarrowOop [80]=Oop [88]=Oop [96]=Oop [112]=Oop [120]=NarrowOop }
                      ;*ifeq {reexecute=1 rethrow=0 return_oop=0}
                      ; - (reexecute) java.io.IoOverNioFileSystem::acquireNioFs@46
                      ; - java.io.IoOverNioFileSystem::getNioPath@6
                      ; - java.io.FileInputStream::<init>@104
                      ; - jdk.internal.loader.URLClassPath$FileLoader$1::getInputStream@8
                      ; - jdk.internal.loader.Resource::cachedInputStream@9
                      ; - jdk.internal.loader.Resource::getByteBuffer@1
                      ; - java.net.URLClassLoader::defineClass@132
                      ; - java.net.URLClassLoader$1::run@43
                      ; - java.net.URLClassLoader$1::run@1
  0x00000210ee20cbdc: 2077 66ff 

  0x00000210ee20cbe0: ;   {other}
  0x00000210ee20cbe0: 0f1f 8400 | 506b 0086 | bae4 ffff | ff4c 8b94 | 24a8 0000 | 004c 8954 | 2428 448b | 4424 4044 
  0x00000210ee20cc00: 8944 243c | 448b 5424 | 4444 8954 | 2440 448b | 4424 5c44 | 8944 2444 | 4489 9c24 | 9000 0000 
  0x00000210ee20cc20: 4489 8c24 | 9800 0000 

  0x00000210ee20cc28: ;   {runtime_call UncommonTrapBlob}
  0x00000210ee20cc28: c5f8 77e8 

  0x00000210ee20cc2c: ; ImmutableOopMap {rbp=NarrowOop [32]=Oop [40]=Oop [56]=NarrowOop [60]=NarrowOop [64]=NarrowOop [68]=NarrowOop [96]=Oop [104]=Oop [112]=Oop [120]=Oop [144]=NarrowOop }
                      ;*aaload {reexecute=0 rethrow=0 return_oop=0}
                      ; - java.lang.ThreadLocal$ThreadLocalMap::getEntry@18
                      ; - java.lang.ThreadLocal::get@12
                      ; - java.lang.ThreadLocal::get@4
                      ; - com.jetbrains.internal.IoOverNio$RecursionGuard::create@46
                      ; - java.io.FileInputStream::<init>@92
                      ; - jdk.internal.loader.URLClassPath$FileLoader$1::getInputStream@8
                      ; - jdk.internal.loader.Resource::cachedInputStream@9
                      ; - jdk.internal.loader.Resource::getByteBuffer@1
                      ; - java.net.URLClassLoader::defineClass@132
                      ; - java.net.URLClassLoader$1::run@43
                      ; - java.net.URLClassLoader$1::run@1
  0x00000210ee20cc2c: d076 66ff 

  0x00000210ee20cc30: ;   {other}
  0x00000210ee20cc30: 0f1f 8400 | a06b 0087 | bae4 ffff | ff4c 8b94 | 24a8 0000 | 004c 8954 | 2428 448b | 5c24 4044 
  0x00000210ee20cc50: 895c 243c | 448b 5424 | 4444 8954 | 2440 448b | 5424 5c44 | 8954 2444 | 4c8b 5424 | 784c 8954 
  0x00000210ee20cc70: 2458 448b | 9c24 9000 | 0000 4489 | 5c24 7c44 | 898c 2490 | 0000 0090 

  0x00000210ee20cc88: ;   {runtime_call UncommonTrapBlob}
  0x00000210ee20cc88: c5f8 77e8 

  0x00000210ee20cc8c: ; ImmutableOopMap {rbp=NarrowOop [32]=Oop [40]=Oop [56]=NarrowOop [60]=NarrowOop [64]=NarrowOop [68]=NarrowOop [88]=Oop [96]=Oop [104]=Oop [112]=Oop [124]=NarrowOop [144]=NarrowOop }
                      ;*aaload {reexecute=0 rethrow=0 return_oop=0}
                      ; - java.lang.ThreadLocal$ThreadLocalMap::getEntry@18
                      ; - java.lang.ThreadLocal::get@12
                      ; - java.lang.ThreadLocal::get@4
                      ; - com.jetbrains.internal.IoOverNio::isAllowedInThisThread@9
                      ; - java.io.IoOverNioFileSystem::acquireNioFs@16
                      ; - java.io.IoOverNioFileSystem::getNioPath@6
                      ; - java.io.FileInputStream::<init>@104
                      ; - jdk.internal.loader.URLClassPath$FileLoader$1::getInputStream@8
                      ; - jdk.internal.loader.Resource::cachedInputStream@9
                      ; - jdk.internal.loader.Resource::getByteBuffer@1
                      ; - java.net.URLClassLoader::defineClass@132
                      ; - java.net.URLClassLoader$1::run@43
                      ; - java.net.URLClassLoader$1::run@1
  0x00000210ee20cc8c: 7076 66ff 

  0x00000210ee20cc90: ;   {other}
  0x00000210ee20cc90: 0f1f 8400 | 006c 0088 | ba45 ffff | ff48 8b6c | 2420 4c8b | 9424 a800 | 0000 4c89 | 5424 2044 
  0x00000210ee20ccb0: 8b5c 2440 | 4489 5c24 | 2844 8b54 | 2444 4489 | 5424 2c4c | 8b54 2468 | 4c89 5424 | 504c 8954 
  0x00000210ee20ccd0: 2460 448b | 5c24 5c44 | 895c 243c 

  0x00000210ee20ccdc: ;   {runtime_call UncommonTrapBlob}
  0x00000210ee20ccdc: c5f8 77e8 

  0x00000210ee20cce0: ; ImmutableOopMap {rbp=Oop [32]=Oop [40]=NarrowOop [44]=NarrowOop [56]=NarrowOop [60]=NarrowOop [80]=Oop [96]=Oop [112]=Oop [120]=Oop }
                      ;*ifnonnull {reexecute=1 rethrow=0 return_oop=0}
                      ; - (reexecute) java.io.IoOverNioFileSystem::getNioPath@11
                      ; - java.io.FileInputStream::<init>@104
                      ; - jdk.internal.loader.URLClassPath$FileLoader$1::getInputStream@8
                      ; - jdk.internal.loader.Resource::cachedInputStream@9
                      ; - jdk.internal.loader.Resource::getByteBuffer@1
                      ; - java.net.URLClassLoader::defineClass@132
                      ; - java.net.URLClassLoader$1::run@43
                      ; - java.net.URLClassLoader$1::run@1
  0x00000210ee20cce0: 1c76 66ff 

  0x00000210ee20cce4: ;   {other}
  0x00000210ee20cce4: 0f1f 8400 | 546c 0089 | bade ffff | ff48 8b6c | 2420 4c8b | 9424 a800 | 0000 4c89 | 5424 2044 
  0x00000210ee20cd04: 8b54 2440 | 4489 5424 | 2844 8b5c | 2444 4489 | 5c24 2c4c | 8b54 2468 | 4c89 5424 | 504c 8954 
  0x00000210ee20cd24: 2460 448b | 5424 5c44 | 8954 243c | 4c89 4424 | 5866 6690 

  0x00000210ee20cd38: ;   {runtime_call UncommonTrapBlob}
  0x00000210ee20cd38: c5f8 77e8 

  0x00000210ee20cd3c: ; ImmutableOopMap {rbp=Oop [32]=Oop [40]=NarrowOop [44]=NarrowOop [56]=NarrowOop [60]=NarrowOop [80]=Oop [88]=Oop [96]=Oop [112]=Oop }
                      ;*checkcast {reexecute=0 rethrow=0 return_oop=0}
                      ; - com.jetbrains.internal.IoOverNio$RecursionGuard::create@49
                      ; - java.io.FileInputStream::<init>@92
                      ; - jdk.internal.loader.URLClassPath$FileLoader$1::getInputStream@8
                      ; - jdk.internal.loader.Resource::cachedInputStream@9
                      ; - jdk.internal.loader.Resource::getByteBuffer@1
                      ; - java.net.URLClassLoader::defineClass@132
                      ; - java.net.URLClassLoader$1::run@43
                      ; - java.net.URLClassLoader$1::run@1
  0x00000210ee20cd3c: c075 66ff 

  0x00000210ee20cd40: ;   {other}
  0x00000210ee20cd40: 0f1f 8400 | b06c 008a | bae4 ffff | ff48 8b6c | 2420 4c8b | 9424 a800 | 0000 4c89 | 5424 2044 
  0x00000210ee20cd60: 8b5c 2440 | 4489 5c24 | 2844 8b54 | 2444 4489 | 5424 2c4c | 8b54 2468 | 4c89 5424 | 504c 8954 
  0x00000210ee20cd80: 2460 448b | 5424 5c44 | 8954 243c | 448b 9c24 | 9000 0000 | 4489 9c24 | 8000 0000 | 448b 9424 
  0x00000210ee20cda0: 9400 0000 | 4489 9424 | 8400 0000 | 448b 9424 | 9c00 0000 | 4489 9424 | 8c00 0000 

  0x00000210ee20cdbc: ;   {runtime_call UncommonTrapBlob}
  0x00000210ee20cdbc: c5f8 77e8 

  0x00000210ee20cdc0: ; ImmutableOopMap {rbp=Oop [32]=Oop [40]=NarrowOop [44]=NarrowOop [56]=NarrowOop [60]=NarrowOop [80]=Oop [96]=Oop [112]=Oop [120]=Oop [128]=NarrowOop [132]=NarrowOop }
                      ;*aaload {reexecute=0 rethrow=0 return_oop=0}
                      ; - java.lang.ThreadLocal$ThreadLocalMap::set@23
                      ; - java.lang.ThreadLocal::set@13
                      ; - java.lang.ThreadLocal::set@5
                      ; - com.jetbrains.internal.IoOverNio$RecursionGuard::create@62
                      ; - java.io.FileInputStream::<init>@92
                      ; - jdk.internal.loader.URLClassPath$FileLoader$1::getInputStream@8
                      ; - jdk.internal.loader.Resource::cachedInputStream@9
                      ; - jdk.internal.loader.Resource::getByteBuffer@1
                      ; - java.net.URLClassLoader::defineClass@132
                      ; - java.net.URLClassLoader$1::run@43
                      ; - java.net.URLClassLoader$1::run@1
  0x00000210ee20cdc0: 3c75 66ff 

  0x00000210ee20cdc4: ;   {other}
  0x00000210ee20cdc4: 0f1f 8400 | 346d 008b | baf6 ffff | ff48 8b6c | 2420 4c8b | 9424 a800 | 0000 4c89 | 5424 2044 
  0x00000210ee20cde4: 8b54 2440 | 4489 5424 | 2844 8b5c | 2444 4489 | 5c24 2c4c | 8b54 2468 | 4c89 5424 | 504c 8954 
  0x00000210ee20ce04: 2460 448b | 5c24 5c44 | 895c 243c | 4c8b 5424 | 784c 8954 | 2458 4c89 | 8424 8000 | 0000 4c89 
  0x00000210ee20ce24: 8c24 8800 | 0000 6690 

  0x00000210ee20ce2c: ;   {runtime_call UncommonTrapBlob}
  0x00000210ee20ce2c: c5f8 77e8 

  0x00000210ee20ce30: ; ImmutableOopMap {rbp=Oop [32]=Oop [40]=NarrowOop [44]=NarrowOop [56]=NarrowOop [60]=NarrowOop [80]=Oop [88]=Oop [96]=Oop [112]=Oop [128]=Oop [136]=Oop }
                      ;*invokevirtual readAttributes {reexecute=0 rethrow=0 return_oop=0}
                      ; - java.nio.file.Files::readAttributes@7
                      ; - java.io.IoOverNioFileSystem::getNioPath@66
                      ; - java.io.FileInputStream::<init>@104
                      ; - jdk.internal.loader.URLClassPath$FileLoader$1::getInputStream@8
                      ; - jdk.internal.loader.Resource::cachedInputStream@9
                      ; - jdk.internal.loader.Resource::getByteBuffer@1
                      ; - java.net.URLClassLoader::defineClass@132
                      ; - java.net.URLClassLoader$1::run@43
                      ; - java.net.URLClassLoader$1::run@1
  0x00000210ee20ce30: cc74 66ff 

  0x00000210ee20ce34: ;   {other}
  0x00000210ee20ce34: 0f1f 8400 | a46d 008c | baf6 ffff | ff48 8b6c | 2420 4c8b | 9424 a800 | 0000 4c89 | 5424 2044 
  0x00000210ee20ce54: 8b54 2440 | 4489 5424 | 2844 8b5c | 2444 4489 | 5c24 2c4c | 8b54 2468 | 4c89 5424 | 504c 8954 
  0x00000210ee20ce74: 2460 448b | 5424 5c44 | 8954 2458 

  0x00000210ee20ce80: ;   {runtime_call UncommonTrapBlob}
  0x00000210ee20ce80: c5f8 77e8 

  0x00000210ee20ce84: ; ImmutableOopMap {rbp=Oop [32]=Oop [40]=NarrowOop [44]=NarrowOop [56]=NarrowOop [80]=Oop [88]=NarrowOop [96]=Oop [112]=Oop [120]=Oop [136]=Oop [148]=NarrowOop }
                      ;*invokevirtual provider {reexecute=0 rethrow=0 return_oop=0}
                      ; - java.io.IoOverNioFileSystem::initializeStreamsUsingNio0@4
                      ; - java.io.IoOverNioFileSystem::initializeStreamUsingNio@12
                      ; - java.io.FileInputStream::<init>@151
                      ; - jdk.internal.loader.URLClassPath$FileLoader$1::getInputStream@8
                      ; - jdk.internal.loader.Resource::cachedInputStream@9
                      ; - jdk.internal.loader.Resource::getByteBuffer@1
                      ; - java.net.URLClassLoader::defineClass@132
                      ; - java.net.URLClassLoader$1::run@43
                      ; - java.net.URLClassLoader$1::run@1
  0x00000210ee20ce84: 7874 66ff 

  0x00000210ee20ce88: ;   {other}
  0x00000210ee20ce88: 0f1f 8400 | f86d 008d | baf6 ffff | ff48 8b6c | 2420 4c8b | 9c24 a800 | 0000 4c89 | 5c24 2044 
  0x00000210ee20cea8: 8b5c 2440 | 4489 5c24 | 2844 8b44 | 2444 4489 | 4424 2c4c | 8b5c 2468 | 4c89 5c24 | 504c 895c 
  0x00000210ee20cec8: 2460 4489 | 5424 5890 

  0x00000210ee20ced0: ;   {runtime_call UncommonTrapBlob}
  0x00000210ee20ced0: c5f8 77e8 

  0x00000210ee20ced4: ; ImmutableOopMap {rbp=Oop [32]=Oop [40]=NarrowOop [44]=NarrowOop [56]=NarrowOop [80]=Oop [88]=NarrowOop [92]=NarrowOop [96]=Oop [112]=Oop [120]=Oop [136]=Oop [148]=NarrowOop }
                      ;*invokevirtual newFileChannel {reexecute=0 rethrow=0 return_oop=0}
                      ; - java.io.IoOverNioFileSystem::initializeStreamsUsingNio0@14
                      ; - java.io.IoOverNioFileSystem::initializeStreamUsingNio@12
                      ; - java.io.FileInputStream::<init>@151
                      ; - jdk.internal.loader.URLClassPath$FileLoader$1::getInputStream@8
                      ; - jdk.internal.loader.Resource::cachedInputStream@9
                      ; - jdk.internal.loader.Resource::getByteBuffer@1
                      ; - java.net.URLClassLoader::defineClass@132
                      ; - java.net.URLClassLoader$1::run@43
                      ; - java.net.URLClassLoader$1::run@1
  0x00000210ee20ced4: 2874 66ff 

  0x00000210ee20ced8: ;   {other}
  0x00000210ee20ced8: 0f1f 8400 | 486e 008e | ba45 ffff | ff48 8b6c | 2420 4c8b | 9424 a800 | 0000 4c89 | 5424 2044 
  0x00000210ee20cef8: 8b5c 2440 | 4489 5c24 | 2844 8b54 | 2444 4489 | 5424 2c4c | 8b54 2468 | 4c89 5424 | 504c 8954 
  0x00000210ee20cf18: 2460 448b | 5424 5c44 | 8954 243c | 4c8b 5424 | 784c 8954 | 2458 4c8b | 9424 8800 | 0000 4c89 
  0x00000210ee20cf38: 9424 8000 | 0000 6690 

  0x00000210ee20cf40: ;   {runtime_call UncommonTrapBlob}
  0x00000210ee20cf40: c5f8 77e8 

  0x00000210ee20cf44: ; ImmutableOopMap {rbp=Oop [32]=Oop [40]=NarrowOop [44]=NarrowOop [56]=NarrowOop [60]=NarrowOop [80]=Oop [88]=Oop [96]=Oop [112]=Oop [128]=Oop [136]=Oop }
                      ;*ifeq {reexecute=1 rethrow=0 return_oop=0}
                      ; - (reexecute) sun.nio.fs.WindowsPath::getRoot@7
                      ; - sun.nio.fs.WindowsPath::getRoot@1
                      ; - java.io.IoOverNioFileSystem::isWindowsPipe@10
                      ; - java.io.IoOverNioFileSystem::getNioPath@43
                      ; - java.io.FileInputStream::<init>@104
                      ; - jdk.internal.loader.URLClassPath$FileLoader$1::getInputStream@8
                      ; - jdk.internal.loader.Resource::cachedInputStream@9
                      ; - jdk.internal.loader.Resource::getByteBuffer@1
                      ; - java.net.URLClassLoader::defineClass@132
                      ; - java.net.URLClassLoader$1::run@43
                      ; - java.net.URLClassLoader$1::run@1
  0x00000210ee20cf44: b873 66ff 

  0x00000210ee20cf48: ;   {other}
  0x00000210ee20cf48: 0f1f 8400 | b86e 008f | bae4 ffff | ff4c 8b94 | 24a8 0000 | 004c 8954 | 2428 448b | 4424 4044 
  0x00000210ee20cf68: 8944 243c | 448b 5424 | 4444 8954 | 2440 448b | 8424 9000 | 0000 4489 | 4424 5844 | 8b94 2494 
  0x00000210ee20cf88: 0000 0044 | 8994 2490 | 0000 0044 | 899c 2494 | 0000 0044 | 898c 24b4 | 0000 0090 

  0x00000210ee20cfa4: ;   {runtime_call UncommonTrapBlob}
  0x00000210ee20cfa4: c5f8 77e8 

  0x00000210ee20cfa8: ; ImmutableOopMap {rbp=NarrowOop [32]=Oop [40]=Oop [56]=NarrowOop [60]=NarrowOop [64]=NarrowOop [88]=NarrowOop [92]=NarrowOop [96]=Oop [104]=Oop [112]=Oop [120]=Oop [136]=Oop [144]=NarrowOop [148]=NarrowOop }
                      ;*aaload {reexecute=0 rethrow=0 return_oop=0}
                      ; - java.lang.ThreadLocal$ThreadLocalMap::getEntry@18
                      ; - java.lang.ThreadLocal::get@12
                      ; - java.lang.ThreadLocal::get@4
                      ; - com.jetbrains.internal.IoOverNio$RecursionGuard::ensureActive@3
                      ; - com.jetbrains.internal.IoOverNio$ParentForFileChannelImplHolder::set@0
                      ; - java.io.IoOverNioFileSystem::initializeStreamUsingNio@1
                      ; - java.io.FileInputStream::<init>@151
                      ; - jdk.internal.loader.URLClassPath$FileLoader$1::getInputStream@8
                      ; - jdk.internal.loader.Resource::cachedInputStream@9
                      ; - jdk.internal.loader.Resource::getByteBuffer@1
                      ; - java.net.URLClassLoader::defineClass@132
                      ; - java.net.URLClassLoader$1::run@43
                      ; - java.net.URLClassLoader$1::run@1
  0x00000210ee20cfa8: 5473 66ff 

  0x00000210ee20cfac: ;   {other}
  0x00000210ee20cfac: 0f1f 8400 | 1c6f 0090 | bade ffff | ff48 8b6c | 2420 4c8b | 9424 a000 | 0000 4c89 | 5424 2044 
  0x00000210ee20cfcc: 8b54 2440 | 4489 5424 | 2844 8b5c | 2444 4489 | 5c24 2c4c | 8b54 2468 | 4c89 5424 | 504c 8954 
  0x00000210ee20cfec: 2460 448b | 5c24 5c44 | 895c 243c | 4c8b 5424 | 784c 8954 | 2458 4889 | 8424 8000 | 0000 6690 
  0x00000210ee20d00c: ;   {runtime_call UncommonTrapBlob}
  0x00000210ee20d00c: c5f8 77e8 

  0x00000210ee20d010: ; ImmutableOopMap {rbp=Oop [32]=Oop [40]=NarrowOop [44]=NarrowOop [56]=NarrowOop [60]=NarrowOop [80]=Oop [88]=Oop [96]=Oop [112]=Oop [128]=Oop [136]=Oop }
                      ;*invokeinterface isRegularFile {reexecute=0 rethrow=0 return_oop=0}
                      ; - java.io.IoOverNioFileSystem::getNioPath@69
                      ; - java.io.FileInputStream::<init>@104
                      ; - jdk.internal.loader.URLClassPath$FileLoader$1::getInputStream@8
                      ; - jdk.internal.loader.Resource::cachedInputStream@9
                      ; - jdk.internal.loader.Resource::getByteBuffer@1
                      ; - java.net.URLClassLoader::defineClass@132
                      ; - java.net.URLClassLoader$1::run@43
                      ; - java.net.URLClassLoader$1::run@1
  0x00000210ee20d010: ec72 66ff 

  0x00000210ee20d014: ;   {other}
  0x00000210ee20d014: 0f1f 8400 | 846f 0091 | ba45 ffff | ff48 8b6c | 2420 4c8b | 9424 a000 | 0000 4c89 | 5424 2044 
  0x00000210ee20d034: 8b54 2440 | 4489 5424 | 2844 8b5c | 2444 4489 | 5c24 2c4c | 8b54 2468 | 4c89 5424 | 504c 8954 
  0x00000210ee20d054: 2460 448b | 5424 5c44 | 8954 243c 

  0x00000210ee20d060: ;   {runtime_call UncommonTrapBlob}
  0x00000210ee20d060: c5f8 77e8 

  0x00000210ee20d064: ; ImmutableOopMap {rbp=Oop [32]=Oop [40]=NarrowOop [44]=NarrowOop [56]=NarrowOop [60]=NarrowOop [80]=Oop [96]=Oop [112]=Oop [120]=Oop }
                      ;*ifeq {reexecute=1 rethrow=0 return_oop=0}
                      ; - (reexecute) java.io.IoOverNioFileSystem::getNioPath@74
                      ; - java.io.FileInputStream::<init>@104
                      ; - jdk.internal.loader.URLClassPath$FileLoader$1::getInputStream@8
                      ; - jdk.internal.loader.Resource::cachedInputStream@9
                      ; - jdk.internal.loader.Resource::getByteBuffer@1
                      ; - java.net.URLClassLoader::defineClass@132
                      ; - java.net.URLClassLoader$1::run@43
                      ; - java.net.URLClassLoader$1::run@1
  0x00000210ee20d064: 9872 66ff 

  0x00000210ee20d068: ;   {other}
  0x00000210ee20d068: 0f1f 8400 | d86f 0092 | bae4 ffff | ff48 8b6c | 2420 4c8b | 9424 a800 | 0000 4c89 | 5424 2044 
  0x00000210ee20d088: 8b5c 2440 | 4489 5c24 | 2844 8b54 | 2444 4489 | 5424 2c44 | 8b9c 2490 | 0000 0044 | 895c 2458 
  0x00000210ee20d0a8: 448b 9424 | 9400 0000 | 4489 9424 | 9000 0000 | 448b 9c24 | 9800 0000 | 4489 9c24 | 9400 0000 
  0x00000210ee20d0c8: ;   {runtime_call UncommonTrapBlob}
  0x00000210ee20d0c8: c5f8 77e8 

  0x00000210ee20d0cc: ; ImmutableOopMap {rbp=Oop [32]=Oop [40]=NarrowOop [44]=NarrowOop [56]=NarrowOop [88]=NarrowOop [92]=NarrowOop [96]=NarrowOop [104]=Oop [112]=Oop [120]=Oop [136]=Oop [144]=NarrowOop [148]=NarrowOop }
                      ;*aaload {reexecute=0 rethrow=0 return_oop=0}
                      ; - java.lang.ThreadLocal$ThreadLocalMap::set@23
                      ; - java.lang.ThreadLocal::set@13
                      ; - java.lang.ThreadLocal::set@5
                      ; - com.jetbrains.internal.IoOverNio$ParentForFileChannelImplHolder::set@7
                      ; - java.io.IoOverNioFileSystem::initializeStreamUsingNio@1
                      ; - java.io.FileInputStream::<init>@151
                      ; - jdk.internal.loader.URLClassPath$FileLoader$1::getInputStream@8
                      ; - jdk.internal.loader.Resource::cachedInputStream@9
                      ; - jdk.internal.loader.Resource::getByteBuffer@1
                      ; - java.net.URLClassLoader::defineClass@132
                      ; - java.net.URLClassLoader$1::run@43
                      ; - java.net.URLClassLoader$1::run@1
  0x00000210ee20d0cc: 3072 66ff 

  0x00000210ee20d0d0: ;   {other}
  0x00000210ee20d0d0: 0f1f 8400 | 4070 0093 | 33ed 4585 | db40 0f94 | c5ba 45ff | ffff 4c8b | 9424 a800 | 0000 4c89 
  0x00000210ee20d0f0: 5424 2844 | 8b54 2440 | 4489 5424 | 3c44 8b5c | 2444 4489 | 5c24 4044 | 8b54 245c | 4489 5424 
  0x00000210ee20d110: 4466 6690 

  0x00000210ee20d114: ;   {runtime_call UncommonTrapBlob}
  0x00000210ee20d114: c5f8 77e8 

  0x00000210ee20d118: ; ImmutableOopMap {[32]=Oop [40]=Oop [56]=NarrowOop [60]=NarrowOop [64]=NarrowOop [68]=NarrowOop [104]=Oop [112]=Oop [120]=Oop [144]=NarrowOop }
                      ;*ifeq {reexecute=1 rethrow=0 return_oop=0}
                      ; - (reexecute) java.lang.ThreadLocal$ThreadLocalMap::set@53
                      ; - java.lang.ThreadLocal::set@13
                      ; - java.lang.ThreadLocal::set@5
                      ; - com.jetbrains.internal.IoOverNio$RecursionGuard::create@62
                      ; - java.io.FileInputStream::<init>@92
                      ; - jdk.internal.loader.URLClassPath$FileLoader$1::getInputStream@8
                      ; - jdk.internal.loader.Resource::cachedInputStream@9
                      ; - jdk.internal.loader.Resource::getByteBuffer@1
                      ; - java.net.URLClassLoader::defineClass@132
                      ; - java.net.URLClassLoader$1::run@43
                      ; - java.net.URLClassLoader$1::run@1
  0x00000210ee20d118: e471 66ff 

  0x00000210ee20d11c: ;   {other}
  0x00000210ee20d11c: 0f1f 8400 | 8c70 0094 | 33ed 4585 | d240 0f94 | c5ba 45ff | ffff 4c8b | 9424 a800 | 0000 4c89 
  0x00000210ee20d13c: 5424 2844 | 8b54 2440 | 4489 5424 | 3c44 8b5c | 2444 4489 | 5c24 4044 | 8b94 2490 | 0000 0044 
  0x00000210ee20d15c: 8954 2458 | 448b 9c24 | 9400 0000 | 4489 9c24 | 9000 0000 | 448b 9424 | 9800 0000 | 4489 9424 
  0x00000210ee20d17c: 9400 0000 

  0x00000210ee20d180: ;   {runtime_call UncommonTrapBlob}
  0x00000210ee20d180: c5f8 77e8 

  0x00000210ee20d184: ; ImmutableOopMap {[32]=Oop [40]=Oop [56]=NarrowOop [60]=NarrowOop [64]=NarrowOop [88]=NarrowOop [92]=NarrowOop [104]=Oop [112]=Oop [120]=Oop [136]=Oop [144]=NarrowOop [148]=NarrowOop }
                      ;*ifeq {reexecute=1 rethrow=0 return_oop=0}
                      ; - (reexecute) java.lang.ThreadLocal$ThreadLocalMap::set@53
                      ; - java.lang.ThreadLocal::set@13
                      ; - java.lang.ThreadLocal::set@5
                      ; - com.jetbrains.internal.IoOverNio$ParentForFileChannelImplHolder::set@7
                      ; - java.io.IoOverNioFileSystem::initializeStreamUsingNio@1
                      ; - java.io.FileInputStream::<init>@151
                      ; - jdk.internal.loader.URLClassPath$FileLoader$1::getInputStream@8
                      ; - jdk.internal.loader.Resource::cachedInputStream@9
                      ; - jdk.internal.loader.Resource::getByteBuffer@1
                      ; - java.net.URLClassLoader::defineClass@132
                      ; - java.net.URLClassLoader$1::run@43
                      ; - java.net.URLClassLoader$1::run@1
  0x00000210ee20d184: 7871 66ff 

  0x00000210ee20d188: ;   {other}
  0x00000210ee20d188: 0f1f 8400 | f870 0095 | bae4 ffff | ff48 8b6c | 2420 4c8b | 9424 a800 | 0000 4c89 | 5424 2044 
  0x00000210ee20d1a8: 8b5c 2440 | 4489 5c24 | 2844 8b54 | 2444 4489 | 5424 2c4c | 8b54 2468 | 4c89 5424 | 504c 8954 
  0x00000210ee20d1c8: 2460 448b | 5c24 5c44 | 895c 243c | 4c8b 5424 | 784c 8954 | 2458 4889 | 9c24 8800 | 0000 6690 
  0x00000210ee20d1e8: ;   {runtime_call UncommonTrapBlob}
  0x00000210ee20d1e8: c5f8 77e8 

  0x00000210ee20d1ec: ; ImmutableOopMap {rbp=Oop [32]=Oop [40]=NarrowOop [44]=NarrowOop [56]=NarrowOop [60]=NarrowOop [80]=Oop [88]=Oop [96]=Oop [112]=Oop [136]=Oop [144]=NarrowOop [148]=NarrowOop }
                      ;*aastore {reexecute=1 rethrow=0 return_oop=0}
                      ; - (reexecute) java.lang.ThreadLocal$ThreadLocalMap::set@94
                      ; - java.lang.ThreadLocal::set@13
                      ; - java.lang.ThreadLocal::set@5
                      ; - com.jetbrains.internal.IoOverNio$RecursionGuard::create@62
                      ; - java.io.FileInputStream::<init>@92
                      ; - jdk.internal.loader.URLClassPath$FileLoader$1::getInputStream@8
                      ; - jdk.internal.loader.Resource::cachedInputStream@9
                      ; - jdk.internal.loader.Resource::getByteBuffer@1
                      ; - java.net.URLClassLoader::defineClass@132
                      ; - java.net.URLClassLoader$1::run@43
                      ; - java.net.URLClassLoader$1::run@1
  0x00000210ee20d1ec: 1071 66ff 

  0x00000210ee20d1f0: ;   {other}
  0x00000210ee20d1f0: 0f1f 8400 | 6071 0096 | bae4 ffff | ff48 8b6c | 2420 4c8b | 9424 a800 | 0000 4c89 | 5424 2044 
  0x00000210ee20d210: 8b5c 2440 | 4489 5c24 | 2844 8b54 | 2444 4489 | 5424 2c44 | 8b9c 2490 | 0000 0044 | 895c 2458 
  0x00000210ee20d230: 448b 9424 | 9400 0000 | 4489 5424 | 6444 8b9c | 2498 0000 | 0044 899c | 2490 0000 | 0048 899c 
  0x00000210ee20d250: 24a8 0000 | 0066 6690 

  0x00000210ee20d258: ;   {runtime_call UncommonTrapBlob}
  0x00000210ee20d258: c5f8 77e8 

  0x00000210ee20d25c: ; ImmutableOopMap {rbp=Oop [32]=Oop [40]=NarrowOop [44]=NarrowOop [56]=NarrowOop [88]=NarrowOop [92]=NarrowOop [96]=NarrowOop [100]=NarrowOop [104]=Oop [112]=Oop [120]=Oop [136]=Oop [144]=NarrowOop [168]=Oop }
                      ;*aastore {reexecute=1 rethrow=0 return_oop=0}
                      ; - (reexecute) java.lang.ThreadLocal$ThreadLocalMap::set@94
                      ; - java.lang.ThreadLocal::set@13
                      ; - java.lang.ThreadLocal::set@5
                      ; - com.jetbrains.internal.IoOverNio$ParentForFileChannelImplHolder::set@7
                      ; - java.io.IoOverNioFileSystem::initializeStreamUsingNio@1
                      ; - java.io.FileInputStream::<init>@151
                      ; - jdk.internal.loader.URLClassPath$FileLoader$1::getInputStream@8
                      ; - jdk.internal.loader.Resource::cachedInputStream@9
                      ; - jdk.internal.loader.Resource::getByteBuffer@1
                      ; - java.net.URLClassLoader::defineClass@132
                      ; - java.net.URLClassLoader$1::run@43
                      ; - java.net.URLClassLoader$1::run@1
  0x00000210ee20d25c: a070 66ff 

  0x00000210ee20d260: ;   {other}
  0x00000210ee20d260: 0f1f 8400 | d071 0097 | ba45 ffff | ff48 8b6c | 2420 4489 | 5424 244c | 8b94 24a8 | 0000 004c 
  0x00000210ee20d280: 8954 2428 | 448b 5c24 | 4044 895c | 243c 448b | 5424 4444 | 8954 2440 | 448b 9c24 | 8800 0000 
  0x00000210ee20d2a0: 4489 5c24 | 5866 6690 

  0x00000210ee20d2a8: ;   {runtime_call UncommonTrapBlob}
  0x00000210ee20d2a8: c5f8 77e8 

  0x00000210ee20d2ac: ; ImmutableOopMap {rbp=Oop [40]=Oop [56]=NarrowOop [60]=NarrowOop [64]=NarrowOop [88]=NarrowOop [92]=NarrowOop [96]=Oop [104]=Oop [112]=Oop [120]=Oop [140]=NarrowOop [148]=NarrowOop [176]=Oop }
                      ;*if_icmpne {reexecute=1 rethrow=0 return_oop=0}
                      ; - (reexecute) java.util.ImmutableCollections$Set12$1::next@55
                      ; - sun.nio.fs.WindowsChannelFactory$Flags::toFlags@25
                      ; - sun.nio.fs.WindowsChannelFactory::newFileChannel@1
                      ; - sun.nio.fs.WindowsFileSystemProvider::newFileChannel@55
                      ; - java.io.IoOverNioFileSystem::initializeStreamsUsingNio0@14
                      ; - java.io.IoOverNioFileSystem::initializeStreamUsingNio@12
                      ; - java.io.FileInputStream::<init>@151
                      ; - jdk.internal.loader.URLClassPath$FileLoader$1::getInputStream@8
                      ; - jdk.internal.loader.Resource::cachedInputStream@9
                      ; - jdk.internal.loader.Resource::getByteBuffer@1
                      ; - java.net.URLClassLoader::defineClass@132
                      ; - java.net.URLClassLoader$1::run@43
                      ; - java.net.URLClassLoader$1::run@1
  0x00000210ee20d2ac: 5070 66ff 

  0x00000210ee20d2b0: ;   {other}
  0x00000210ee20d2b0: 0f1f 8400 | 2072 0098 | ba45 ffff | ff4c 8b94 | 24a8 0000 | 004c 8954 | 2428 448b | 5c24 4044 
  0x00000210ee20d2d0: 895c 243c | 448b 5424 | 4444 8954 | 2440 448b | 5424 5c44 | 8954 2444 | 4c8b 5424 | 784c 8954 
  0x00000210ee20d2f0: 2458 448b | 9c24 9000 | 0000 4489 | 5c24 7c90 

  0x00000210ee20d300: ;   {runtime_call UncommonTrapBlob}
  0x00000210ee20d300: c5f8 77e8 

  0x00000210ee20d304: ; ImmutableOopMap {[32]=Oop [40]=Oop [56]=NarrowOop [60]=NarrowOop [64]=NarrowOop [68]=NarrowOop [88]=Oop [104]=Oop [112]=Oop [124]=NarrowOop [144]=NarrowOop }
                      ;*if_icmplt {reexecute=1 rethrow=0 return_oop=0}
                      ; - (reexecute) jdk.internal.misc.VM::isBooted@4
                      ; - java.io.IoOverNioFileSystem::acquireNioFs@0
                      ; - java.io.IoOverNioFileSystem::getNioPath@6
                      ; - java.io.FileInputStream::<init>@104
                      ; - jdk.internal.loader.URLClassPath$FileLoader$1::getInputStream@8
                      ; - jdk.internal.loader.Resource::cachedInputStream@9
                      ; - jdk.internal.loader.Resource::getByteBuffer@1
                      ; - java.net.URLClassLoader::defineClass@132
                      ; - java.net.URLClassLoader$1::run@43
                      ; - java.net.URLClassLoader$1::run@1
  0x00000210ee20d304: f86f 66ff 

  0x00000210ee20d308: ;   {other}
  0x00000210ee20d308: 0f1f 8400 | 7872 0099 | ba45 ffff | ff4c 8b94 | 24a8 0000 | 004c 8954 | 2428 448b | 5c24 4044 
  0x00000210ee20d328: 895c 243c | 448b 5424 | 4444 8954 | 2440 448b | 5424 5c44 | 8954 2444 | 4c8b 5424 | 784c 8954 
  0x00000210ee20d348: 2458 448b | 9c24 9000 | 0000 4489 | 5c24 7c90 

  0x00000210ee20d358: ;   {runtime_call UncommonTrapBlob}
  0x00000210ee20d358: c5f8 77e8 

  0x00000210ee20d35c: ; ImmutableOopMap {[32]=Oop [40]=Oop [56]=NarrowOop [60]=NarrowOop [64]=NarrowOop [68]=NarrowOop [88]=Oop [104]=Oop [112]=Oop [124]=NarrowOop [144]=NarrowOop }
                      ;*if_icmplt {reexecute=1 rethrow=0 return_oop=0}
                      ; - (reexecute) jdk.internal.misc.VM::isModuleSystemInited@4
                      ; - java.nio.file.FileSystems::getDefault@0
                      ; - java.io.IoOverNioFileSystem::acquireNioFs@24
                      ; - java.io.IoOverNioFileSystem::getNioPath@6
                      ; - java.io.FileInputStream::<init>@104
                      ; - jdk.internal.loader.URLClassPath$FileLoader$1::getInputStream@8
                      ; - jdk.internal.loader.Resource::cachedInputStream@9
                      ; - jdk.internal.loader.Resource::getByteBuffer@1
                      ; - java.net.URLClassLoader::defineClass@132
                      ; - java.net.URLClassLoader$1::run@43
                      ; - java.net.URLClassLoader$1::run@1
  0x00000210ee20d35c: a06f 66ff 

  0x00000210ee20d360: ;   {other}
  0x00000210ee20d360: 0f1f 8400 | d072 009a | 498b d7c5 | f877 49ba | 002a 2c7d | ff7f 0000 

  0x00000210ee20d378: ;   {other}
  0x00000210ee20d378: 41ff d20f | 1f84 0000 | 0000 00e9 | 23c1 ffff | 498b d7c5 | f877 49ba | 002a 2c7d | ff7f 0000 
  0x00000210ee20d398: ;   {other}
  0x00000210ee20d398: 41ff d20f | 1f84 0000 | 0000 00e9 | b7c0 ffff | 498b d7c5 | f877 49ba | 002a 2c7d | ff7f 0000 
  0x00000210ee20d3b8: ;   {other}
  0x00000210ee20d3b8: 41ff d20f | 1f84 0000 | 0000 00e9 | 43c0 ffff | ba45 ffff | ff4c 8b94 | 24a8 0000 | 004c 8954 
  0x00000210ee20d3d8: 2428 448b | 5c24 4044 | 895c 243c | 448b 5424 | 4444 8954 | 2440 448b | 5c24 5c44 | 895c 2444 
  0x00000210ee20d3f8: 4c8b 5424 | 784c 8954 | 2458 6690 

  0x00000210ee20d404: ;   {runtime_call UncommonTrapBlob}
  0x00000210ee20d404: c5f8 77e8 

  0x00000210ee20d408: ; ImmutableOopMap {[32]=Oop [40]=Oop [56]=NarrowOop [60]=NarrowOop [64]=NarrowOop [68]=NarrowOop [88]=Oop [104]=Oop [112]=Oop [144]=NarrowOop }
                      ;*if_icmpne {reexecute=1 rethrow=0 return_oop=0}
                      ; - (reexecute) java.lang.String::equals@33
                      ; - java.util.Objects::equals@11
                      ; - java.io.IoOverNioFileSystem::acquireNioFs@43
                      ; - java.io.IoOverNioFileSystem::getNioPath@6
                      ; - java.io.FileInputStream::<init>@104
                      ; - jdk.internal.loader.URLClassPath$FileLoader$1::getInputStream@8
                      ; - jdk.internal.loader.Resource::cachedInputStream@9
                      ; - jdk.internal.loader.Resource::getByteBuffer@1
                      ; - java.net.URLClassLoader::defineClass@132
                      ; - java.net.URLClassLoader$1::run@43
                      ; - java.net.URLClassLoader$1::run@1
  0x00000210ee20d408: f46e 66ff 

  0x00000210ee20d40c: ;   {other}
  0x00000210ee20d40c: 0f1f 8400 | 7c73 009b | 498b d7c5 | f877 49ba | 002a 2c7d | ff7f 0000 

  0x00000210ee20d424: ;   {other}
  0x00000210ee20d424: 41ff d20f | 1f84 0000 | 0000 00e9 | 83bb ffff | 498b d7c5 | f877 49ba | 002a 2c7d | ff7f 0000 
  0x00000210ee20d444: ;   {other}
  0x00000210ee20d444: 41ff d20f | 1f84 0000 | 0000 00e9 | 17bb ffff | 498b d7c5 | f877 49ba | 002a 2c7d | ff7f 0000 
  0x00000210ee20d464: ;   {other}
  0x00000210ee20d464: 41ff d20f | 1f84 0000 | 0000 00e9 | a0ba ffff | ba45 ffff | ff4c 8b94 | 24a0 0000 | 004c 8954 
  0x00000210ee20d484: 2428 448b | 5424 4044 | 8954 243c | 448b 5c24 | 4444 895c | 2440 448b | 5c24 5c44 | 895c 2444 
  0x00000210ee20d4a4: 4c8b 5424 | 784c 8954 | 2458 4c8b | 9424 8800 | 0000 4c89 | 5424 784c | 8984 2488 | 0000 0090 
  0x00000210ee20d4c4: ;   {runtime_call UncommonTrapBlob}
  0x00000210ee20d4c4: c5f8 77e8 

  0x00000210ee20d4c8: ; ImmutableOopMap {[32]=Oop [40]=Oop [56]=NarrowOop [60]=NarrowOop [64]=NarrowOop [68]=NarrowOop [88]=Oop [104]=Oop [112]=Oop [120]=Oop [136]=Oop }
                      ;*if_icmpne {reexecute=1 rethrow=0 return_oop=0}
                      ; - (reexecute) sun.nio.fs.WindowsFileAttributes::isSymbolicLink@6
                      ; - sun.nio.fs.WindowsFileAttributes::isRegularFile@1
                      ; - java.io.IoOverNioFileSystem::getNioPath@69
                      ; - java.io.FileInputStream::<init>@104
                      ; - jdk.internal.loader.URLClassPath$FileLoader$1::getInputStream@8
                      ; - jdk.internal.loader.Resource::cachedInputStream@9
                      ; - jdk.internal.loader.Resource::getByteBuffer@1
                      ; - java.net.URLClassLoader::defineClass@132
                      ; - java.net.URLClassLoader$1::run@43
                      ; - java.net.URLClassLoader$1::run@1
  0x00000210ee20d4c8: 346e 66ff 

  0x00000210ee20d4cc: ;   {other}
  0x00000210ee20d4cc: 0f1f 8400 | 3c74 009c | ba45 ffff | ff4c 8b94 | 24a0 0000 | 004c 8954 | 2428 448b | 5424 4044 
  0x00000210ee20d4ec: 8954 243c | 448b 5c24 | 4444 895c | 2440 448b | 5c24 5c44 | 895c 2444 | 4c8b 5424 | 784c 8954 
  0x00000210ee20d50c: 2458 6690 

  0x00000210ee20d510: ;   {runtime_call UncommonTrapBlob}
  0x00000210ee20d510: c5f8 77e8 

  0x00000210ee20d514: ; ImmutableOopMap {[32]=Oop [40]=Oop [56]=NarrowOop [60]=NarrowOop [64]=NarrowOop [68]=NarrowOop [88]=Oop [104]=Oop [112]=Oop [136]=Oop }
                      ;*ifeq {reexecute=1 rethrow=0 return_oop=0}
                      ; - (reexecute) sun.nio.fs.WindowsFileAttributes::isOther@17
                      ; - sun.nio.fs.WindowsFileAttributes::isRegularFile@15
                      ; - java.io.IoOverNioFileSystem::getNioPath@69
                      ; - java.io.FileInputStream::<init>@104
                      ; - jdk.internal.loader.URLClassPath$FileLoader$1::getInputStream@8
                      ; - jdk.internal.loader.Resource::cachedInputStream@9
                      ; - jdk.internal.loader.Resource::getByteBuffer@1
                      ; - java.net.URLClassLoader::defineClass@132
                      ; - java.net.URLClassLoader$1::run@43
                      ; - java.net.URLClassLoader$1::run@1
  0x00000210ee20d514: e86d 66ff 

  0x00000210ee20d518: ;   {other}
  0x00000210ee20d518: 0f1f 8400 | 8874 009d | ba45 ffff | ff48 8b6c | 2420 4c8b | 9424 a800 | 0000 4c89 | 5424 2044 
  0x00000210ee20d538: 8b54 2440 | 4489 5424 | 2844 8b5c | 2444 4489 | 5c24 2c4c | 8b54 2468 | 4c89 5424 | 504c 8954 
  0x00000210ee20d558: 2460 4c8b | 5424 704c | 8954 2468 | 448b 9424 | 9000 0000 | 4489 5424 | 584c 8984 | 24a0 0000 
  0x00000210ee20d578: 0066 6690 

  0x00000210ee20d57c: ;   {runtime_call UncommonTrapBlob}
  0x00000210ee20d57c: c5f8 77e8 

  0x00000210ee20d580: ; ImmutableOopMap {rbp=Oop [32]=Oop [40]=NarrowOop [44]=NarrowOop [56]=NarrowOop [80]=Oop [88]=NarrowOop [92]=NarrowOop [96]=Oop [104]=Oop [120]=Oop [136]=Oop [148]=NarrowOop [160]=Oop }
                      ;*ifnonnull {reexecute=1 rethrow=0 return_oop=0}
                      ; - (reexecute) com.jetbrains.internal.IoOverNio$RecursionGuard::ensureActive@6
                      ; - com.jetbrains.internal.IoOverNio$ParentForFileChannelImplHolder::set@0
                      ; - java.io.IoOverNioFileSystem::initializeStreamUsingNio@1
                      ; - java.io.FileInputStream::<init>@151
                      ; - jdk.internal.loader.URLClassPath$FileLoader$1::getInputStream@8
                      ; - jdk.internal.loader.Resource::cachedInputStream@9
                      ; - jdk.internal.loader.Resource::getByteBuffer@1
                      ; - java.net.URLClassLoader::defineClass@132
                      ; - java.net.URLClassLoader$1::run@43
                      ; - java.net.URLClassLoader$1::run@1
  0x00000210ee20d580: 7c6d 66ff 

  0x00000210ee20d584: ;   {other}
  0x00000210ee20d584: 0f1f 8400 | f474 009e | ba45 ffff | ff4c 8b94 | 24a8 0000 | 004c 8954 | 2428 448b | 5424 4044 
  0x00000210ee20d5a4: 8954 243c | 448b 5c24 | 4444 895c | 2440 448b | 9424 8800 | 0000 4489 | 5424 5890 

  0x00000210ee20d5c0: ;   {runtime_call UncommonTrapBlob}
  0x00000210ee20d5c0: c5f8 77e8 

  0x00000210ee20d5c4: ; ImmutableOopMap {rbp=NarrowOop [32]=Oop [40]=Oop [56]=NarrowOop [60]=NarrowOop [64]=NarrowOop [88]=NarrowOop [92]=NarrowOop [96]=Oop [104]=Oop [112]=Oop [120]=Oop [140]=NarrowOop [148]=NarrowOop }
                      ;*ifnonnull {reexecute=1 rethrow=0 return_oop=0}
                      ; - (reexecute) sun.nio.fs.WindowsSecurityDescriptor::address@4
                      ; - sun.nio.fs.WindowsFileSystemProvider::newFileChannel@52
                      ; - java.io.IoOverNioFileSystem::initializeStreamsUsingNio0@14
                      ; - java.io.IoOverNioFileSystem::initializeStreamUsingNio@12
                      ; - java.io.FileInputStream::<init>@151
                      ; - jdk.internal.loader.URLClassPath$FileLoader$1::getInputStream@8
                      ; - jdk.internal.loader.Resource::cachedInputStream@9
                      ; - jdk.internal.loader.Resource::getByteBuffer@1
                      ; - java.net.URLClassLoader::defineClass@132
                      ; - java.net.URLClassLoader$1::run@43
                      ; - java.net.URLClassLoader$1::run@1
  0x00000210ee20d5c4: 386d 66ff 

  0x00000210ee20d5c8: ;   {other}
  0x00000210ee20d5c8: 0f1f 8400 | 3875 009f | 498b d7c5 | f877 49ba | 002a 2c7d | ff7f 0000 

  0x00000210ee20d5e0: ;   {other}
  0x00000210ee20d5e0: 41ff d20f | 1f84 0000 | 0000 00e9 | cfc8 ffff | 498b d7c5 | f877 49ba | 002a 2c7d | ff7f 0000 
  0x00000210ee20d600: ;   {other}
  0x00000210ee20d600: 41ff d20f | 1f84 0000 | 0000 00e9 | fbc9 ffff | 498b d7c5 | f877 49ba | 002a 2c7d | ff7f 0000 
  0x00000210ee20d620: ;   {other}
  0x00000210ee20d620: 41ff d20f | 1f84 0000 | 0000 00e9 | 7bc9 ffff | 498b d7c5 | f877 49ba | 002a 2c7d | ff7f 0000 
  0x00000210ee20d640: ;   {other}
  0x00000210ee20d640: 41ff d20f | 1f84 0000 | 0000 00e9 | 0dc9 ffff | 498b d7c5 | f877 49ba | 002a 2c7d | ff7f 0000 
  0x00000210ee20d660: ;   {other}
  0x00000210ee20d660: 41ff d20f | 1f84 0000 | 0000 00e9 | 2eca ffff | 498b d7c5 | f877 49ba | 002a 2c7d | ff7f 0000 
  0x00000210ee20d680: ;   {other}
  0x00000210ee20d680: 41ff d20f | 1f84 0000 | 0000 00e9 | 2ecb ffff | 488b fb49 | 8bd9 498b | d7c5 f877 | 49ba 002a 
  0x00000210ee20d6a0: 2c7d ff7f | 0000 41ff 

  0x00000210ee20d6a8: ;   {other}
  0x00000210ee20d6a8: d20f 1f84 | 0000 0000 | 004c 8bcb | 488b dfe9 | 98cd ffff | 498b d949 | 8bd7 c5f8 | 7749 ba00 
  0x00000210ee20d6c8: 2a2c 7dff | 7f00 0041 

  0x00000210ee20d6d0: ;   {other}
  0x00000210ee20d6d0: ffd2 0f1f | 8400 0000 | 0000 4c8b | cb66 6690 | e9cf ccff | ff48 8bfb | 498b d949 | 8bd7 c5f8 
  0x00000210ee20d6f0: 7749 ba00 | 2a2c 7dff | 7f00 0041 

  0x00000210ee20d6fc: ;   {other}
  0x00000210ee20d6fc: ffd2 0f1f | 8400 0000 | 0000 4c8b | cb48 8bdf | e9fa ccff | ffba 45ff | ffff 4c8b | 9424 a800 
  0x00000210ee20d71c: 0000 4c89 | 5424 2844 | 8b54 2440 | 4489 5424 | 3c44 8b5c | 2444 4489 | 5c24 4044 | 8b94 2488 
  0x00000210ee20d73c: 0000 0044 | 8954 2458 | 448b 9c24 | 9400 0000 | 4489 9c24 | 8800 0000 

  0x00000210ee20d754: ;   {runtime_call UncommonTrapBlob}
  0x00000210ee20d754: c5f8 77e8 

  0x00000210ee20d758: ; ImmutableOopMap {[32]=Oop [40]=Oop [56]=NarrowOop [60]=NarrowOop [64]=NarrowOop [88]=NarrowOop [92]=NarrowOop [96]=Oop [104]=Oop [112]=Oop [120]=Oop [136]=NarrowOop }
                      ;*if_icmpgt {reexecute=1 rethrow=0 return_oop=0}
                      ; - (reexecute) sun.nio.fs.WindowsPath::getPathForWin32Calls@21
                      ; - sun.nio.fs.WindowsPath::getPathForWin32Calls@2
                      ; - sun.nio.fs.WindowsFileSystemProvider::newFileChannel@41
                      ; - java.io.IoOverNioFileSystem::initializeStreamsUsingNio0@14
                      ; - java.io.IoOverNioFileSystem::initializeStreamUsingNio@12
                      ; - java.io.FileInputStream::<init>@151
                      ; - jdk.internal.loader.URLClassPath$FileLoader$1::getInputStream@8
                      ; - jdk.internal.loader.Resource::cachedInputStream@9
                      ; - jdk.internal.loader.Resource::getByteBuffer@1
                      ; - java.net.URLClassLoader::defineClass@132
                      ; - java.net.URLClassLoader$1::run@43
                      ; - java.net.URLClassLoader$1::run@1
  0x00000210ee20d758: a46b 66ff 

  0x00000210ee20d75c: ;   {other}
  0x00000210ee20d75c: 0f1f 8400 | cc76 00a0 | ba45 ffff | ff48 8b6c | 2420 4c8b | 9424 a800 | 0000 4c89 | 5424 2044 
  0x00000210ee20d77c: 8b54 2440 | 4489 5424 | 2844 8b44 | 2444 4489 | 4424 2c44 | 8b84 2488 | 0000 0044 | 8944 2458 
  0x00000210ee20d79c: 448b 9424 | 9400 0000 | 4489 9424 | 8800 0000 | 4489 9c24 | 9400 0000 

  0x00000210ee20d7b4: ;   {runtime_call UncommonTrapBlob}
  0x00000210ee20d7b4: c5f8 77e8 

  0x00000210ee20d7b8: ; ImmutableOopMap {rbp=Oop [32]=Oop [40]=NarrowOop [44]=NarrowOop [56]=NarrowOop [88]=NarrowOop [92]=NarrowOop [96]=Oop [104]=Oop [112]=Oop [120]=Oop [136]=NarrowOop [140]=NarrowOop [176]=Oop }
                      ;*ifeq {reexecute=1 rethrow=0 return_oop=0}
                      ; - (reexecute) sun.nio.fs.WindowsChannelFactory::newFileChannel@76
                      ; - sun.nio.fs.WindowsFileSystemProvider::newFileChannel@55
                      ; - java.io.IoOverNioFileSystem::initializeStreamsUsingNio0@14
                      ; - java.io.IoOverNioFileSystem::initializeStreamUsingNio@12
                      ; - java.io.FileInputStream::<init>@151
                      ; - jdk.internal.loader.URLClassPath$FileLoader$1::getInputStream@8
                      ; - jdk.internal.loader.Resource::cachedInputStream@9
                      ; - jdk.internal.loader.Resource::getByteBuffer@1
                      ; - java.net.URLClassLoader::defineClass@132
                      ; - java.net.URLClassLoader$1::run@43
                      ; - java.net.URLClassLoader$1::run@1
  0x00000210ee20d7b8: 446b 66ff 

  0x00000210ee20d7bc: ;   {other}
  0x00000210ee20d7bc: 0f1f 8400 | 2c77 00a1 | ba45 ffff | ff48 8b6c | 2420 4c8b | 9424 a800 | 0000 4c89 | 5424 2044 
  0x00000210ee20d7dc: 8b5c 2440 | 4489 5c24 | 2844 8b54 | 2444 4489 | 5424 2c4c | 8b94 24b0 | 0000 004c | 8994 24a8 
  0x00000210ee20d7fc: 0000 004c | 8b94 24b8 | 0000 004c | 8994 24b0 | 0000 0048 | 899c 24b8 | 0000 0090 

  0x00000210ee20d818: ;   {runtime_call UncommonTrapBlob}
  0x00000210ee20d818: c5f8 77e8 

  0x00000210ee20d81c: ; ImmutableOopMap {rbp=Oop [32]=Oop [40]=NarrowOop [44]=NarrowOop [56]=NarrowOop [92]=NarrowOop [96]=Oop [104]=Oop [112]=Oop [120]=Oop [136]=NarrowOop [140]=NarrowOop [148]=NarrowOop [168]=Oop [176]=Oop [184]=Oop }
                      ;*ifeq {reexecute=1 rethrow=0 return_oop=0}
                      ; - (reexecute) sun.nio.ch.FileChannelImpl::<init>@72
                      ; - sun.nio.ch.FileChannelImpl::open@12
                      ; - sun.nio.fs.WindowsChannelFactory::newFileChannel@126
                      ; - sun.nio.fs.WindowsFileSystemProvider::newFileChannel@55
                      ; - java.io.IoOverNioFileSystem::initializeStreamsUsingNio0@14
                      ; - java.io.IoOverNioFileSystem::initializeStreamUsingNio@12
                      ; - java.io.FileInputStream::<init>@151
                      ; - jdk.internal.loader.URLClassPath$FileLoader$1::getInputStream@8
                      ; - jdk.internal.loader.Resource::cachedInputStream@9
                      ; - jdk.internal.loader.Resource::getByteBuffer@1
                      ; - java.net.URLClassLoader::defineClass@132
                      ; - java.net.URLClassLoader$1::run@43
                      ; - java.net.URLClassLoader$1::run@1
  0x00000210ee20d81c: e06a 66ff 

  0x00000210ee20d820: ;   {other}
  0x00000210ee20d820: 0f1f 8400 | 9077 00a2 | ba45 ffff | ff48 8b6c | 2420 4c8b | 5c24 604c | 895c 2420 | 448b 5c24 
  0x00000210ee20d840: 4044 895c | 2428 448b | 4424 4444 | 8944 242c | 4c8b 5c24 | 684c 895c | 2450 4c89 | 5c24 604c 
  0x00000210ee20d860: 8b5c 2470 | 4c89 5c24 | 6844 8b44 | 245c 4489 | 4424 3c89 | 4424 7090 

  0x00000210ee20d878: ;   {runtime_call UncommonTrapBlob}
  0x00000210ee20d878: c5f8 77e8 

  0x00000210ee20d87c: ; ImmutableOopMap {rbp=Oop [32]=Oop [40]=NarrowOop [44]=NarrowOop [56]=NarrowOop [60]=NarrowOop [80]=Oop [96]=Oop [104]=Oop [120]=Oop }
                      ;*ifeq {reexecute=1 rethrow=0 return_oop=0}
                      ; - (reexecute) java.io.FileInputStream::<init>@231
                      ; - jdk.internal.loader.URLClassPath$FileLoader$1::getInputStream@8
                      ; - jdk.internal.loader.Resource::cachedInputStream@9
                      ; - jdk.internal.loader.Resource::getByteBuffer@1
                      ; - java.net.URLClassLoader::defineClass@132
                      ; - java.net.URLClassLoader$1::run@43
                      ; - java.net.URLClassLoader$1::run@1
  0x00000210ee20d87c: 806a 66ff 

  0x00000210ee20d880: ;   {other}
  0x00000210ee20d880: 0f1f 8400 | f077 00a3 | ba45 ffff | ff48 8b6c | 2420 4c8b | 9424 a800 | 0000 4c89 | 5424 2044 
  0x00000210ee20d8a0: 8b44 2440 | 4489 4424 | 2844 8b54 | 2444 4489 | 5424 2c44 | 8b84 2488 | 0000 0044 | 8944 2458 
  0x00000210ee20d8c0: 4489 9c24 | 8c00 0000 

  0x00000210ee20d8c8: ;   {runtime_call UncommonTrapBlob}
  0x00000210ee20d8c8: c5f8 77e8 

  0x00000210ee20d8cc: ; ImmutableOopMap {rbp=Oop [32]=Oop [40]=NarrowOop [44]=NarrowOop [56]=NarrowOop [88]=NarrowOop [92]=NarrowOop [96]=Oop [104]=Oop [112]=Oop [120]=Oop [148]=NarrowOop }
                      ;*ifeq {reexecute=1 rethrow=0 return_oop=0}
                      ; - (reexecute) sun.nio.fs.WindowsChannelFactory::newFileChannel@58
                      ; - sun.nio.fs.WindowsFileSystemProvider::newFileChannel@55
                      ; - java.io.IoOverNioFileSystem::initializeStreamsUsingNio0@14
                      ; - java.io.IoOverNioFileSystem::initializeStreamUsingNio@12
                      ; - java.io.FileInputStream::<init>@151
                      ; - jdk.internal.loader.URLClassPath$FileLoader$1::getInputStream@8
                      ; - jdk.internal.loader.Resource::cachedInputStream@9
                      ; - jdk.internal.loader.Resource::getByteBuffer@1
                      ; - java.net.URLClassLoader::defineClass@132
                      ; - java.net.URLClassLoader$1::run@43
                      ; - java.net.URLClassLoader$1::run@1
  0x00000210ee20d8cc: 306a 66ff 

  0x00000210ee20d8d0: ;   {other}
  0x00000210ee20d8d0: 0f1f 8400 | 4078 00a4 | ba45 ffff | ff4c 8b94 | 24a8 0000 | 004c 8954 | 2428 448b | 5424 4044 
  0x00000210ee20d8f0: 8954 243c | 448b 4424 | 4444 8944 | 2440 448b | 5424 5c44 | 8954 2444 | 4c8b 5424 | 784c 8954 
  0x00000210ee20d910: 2458 4489 | 9c24 9000 | 0000 6690 

  0x00000210ee20d91c: ;   {runtime_call UncommonTrapBlob}
  0x00000210ee20d91c: c5f8 77e8 

  0x00000210ee20d920: ; ImmutableOopMap {[32]=Oop [40]=Oop [56]=NarrowOop [60]=NarrowOop [64]=NarrowOop [68]=NarrowOop [88]=Oop [104]=Oop [112]=Oop [136]=Oop [144]=NarrowOop }
                      ;*if_icmpne {reexecute=1 rethrow=0 return_oop=0}
                      ; - (reexecute) java.lang.String::startsWith@50
                      ; - java.lang.String::startsWith@3
                      ; - java.io.IoOverNioFileSystem::isWindowsPipe@22
                      ; - java.io.IoOverNioFileSystem::getNioPath@43
                      ; - java.io.FileInputStream::<init>@104
                      ; - jdk.internal.loader.URLClassPath$FileLoader$1::getInputStream@8
                      ; - jdk.internal.loader.Resource::cachedInputStream@9
                      ; - jdk.internal.loader.Resource::getByteBuffer@1
                      ; - java.net.URLClassLoader::defineClass@132
                      ; - java.net.URLClassLoader$1::run@43
                      ; - java.net.URLClassLoader$1::run@1
  0x00000210ee20d920: dc69 66ff 

  0x00000210ee20d924: ;   {other}
  0x00000210ee20d924: 0f1f 8400 | 9478 00a5 | 498b d7c5 | f877 49ba | 002a 2c7d | ff7f 0000 

  0x00000210ee20d93c: ;   {other}
  0x00000210ee20d93c: 41ff d20f | 1f84 0000 | 0000 00e9 | 1fbd ffff | 498b d7c5 | f877 49ba | 002a 2c7d | ff7f 0000 
  0x00000210ee20d95c: ;   {other}
  0x00000210ee20d95c: 41ff d20f | 1f84 0000 | 0000 00e9 | 4ebd ffff | 498b d7c5 | f877 49ba | 002a 2c7d | ff7f 0000 
  0x00000210ee20d97c: ;   {other}
  0x00000210ee20d97c: 41ff d20f | 1f84 0000 | 0000 00e9 | 9fbd ffff | 498b d7c5 | f877 49ba | 002a 2c7d | ff7f 0000 
  0x00000210ee20d99c: ;   {other}
  0x00000210ee20d99c: 41ff d20f | 1f84 0000 | 0000 00e9 | 2acc ffff | 498b d7c5 | f877 49ba | 002a 2c7d | ff7f 0000 
  0x00000210ee20d9bc: ;   {other}
  0x00000210ee20d9bc: 41ff d20f | 1f84 0000 | 0000 00e9 | 5fcc ffff | 498b d7c5 | f877 49ba | 002a 2c7d | ff7f 0000 
  0x00000210ee20d9dc: ;   {other}
  0x00000210ee20d9dc: 41ff d20f | 1f84 0000 | 0000 00e9 | a5cc ffff | 498b d7c5 | f877 49ba | 002a 2c7d | ff7f 0000 
  0x00000210ee20d9fc: ;   {other}
  0x00000210ee20d9fc: 41ff d20f | 1f84 0000 | 0000 00e9 | cfd1 ffff | 498b d7c5 | f877 49ba | 002a 2c7d | ff7f 0000 
  0x00000210ee20da1c: ;   {other}
  0x00000210ee20da1c: 41ff d20f | 1f84 0000 | 0000 00e9 | bfd2 ffff | bae4 ffff | ff48 8b6c | 2420 4c8b | 9c24 a800 
  0x00000210ee20da3c: 0000 4c89 | 5c24 2044 | 8b5c 2440 | 4489 5c24 | 2844 8b44 | 2444 4489 | 4424 2c4c | 8b5c 2468 
  0x00000210ee20da5c: 4c89 5c24 | 504c 895c | 2460 448b | 4424 5c44 | 8944 243c | 4c8b 5c24 | 784c 895c | 2458 4c8b 
  0x00000210ee20da7c: 9c24 8800 | 0000 4c89 | 9c24 8000 | 0000 4489 | 9424 8c00 | 0000 6690 

  0x00000210ee20da94: ;   {runtime_call UncommonTrapBlob}
  0x00000210ee20da94: c5f8 77e8 

  0x00000210ee20da98: ; ImmutableOopMap {rbp=Oop [32]=Oop [40]=NarrowOop [44]=NarrowOop [56]=NarrowOop [60]=NarrowOop [80]=Oop [88]=Oop [96]=Oop [112]=Oop [128]=Oop [140]=NarrowOop }
                      ;*baload {reexecute=0 rethrow=0 return_oop=0}
                      ; - jdk.internal.util.ArraysSupport::mismatch@82
                      ; - java.lang.String::startsWith@70
                      ; - java.lang.String::startsWith@3
                      ; - java.io.IoOverNioFileSystem::isWindowsPipe@22
                      ; - java.io.IoOverNioFileSystem::getNioPath@43
                      ; - java.io.FileInputStream::<init>@104
                      ; - jdk.internal.loader.URLClassPath$FileLoader$1::getInputStream@8
                      ; - jdk.internal.loader.Resource::cachedInputStream@9
                      ; - jdk.internal.loader.Resource::getByteBuffer@1
                      ; - java.net.URLClassLoader::defineClass@132
                      ; - java.net.URLClassLoader$1::run@43
                      ; - java.net.URLClassLoader$1::run@1
  0x00000210ee20da98: 6468 66ff 

  0x00000210ee20da9c: ;   {other}
  0x00000210ee20da9c: 0f1f 8400 | 0c7a 00a6 | ba45 ffff | ff48 8b6c | 2420 4c8b | 9424 a800 | 0000 4c89 | 5424 2044 
  0x00000210ee20dabc: 8b44 2440 | 4489 4424 | 2844 8b54 | 2444 4489 | 5424 2c44 | 8b84 2488 | 0000 0044 | 8944 2458 
  0x00000210ee20dadc: 448b 9424 | 9400 0000 | 4489 9424 | 8800 0000 | 4489 9c24 | 9400 0000 

  0x00000210ee20daf4: ;   {runtime_call UncommonTrapBlob}
  0x00000210ee20daf4: c5f8 77e8 

  0x00000210ee20daf8: ; ImmutableOopMap {rbp=Oop [32]=Oop [40]=NarrowOop [44]=NarrowOop [56]=NarrowOop [88]=NarrowOop [92]=NarrowOop [96]=Oop [104]=Oop [112]=Oop [120]=Oop [136]=NarrowOop [140]=NarrowOop [176]=Oop }
                      ;*ifeq {reexecute=1 rethrow=0 return_oop=0}
                      ; - (reexecute) sun.nio.fs.WindowsChannelFactory::newFileChannel@27
                      ; - sun.nio.fs.WindowsFileSystemProvider::newFileChannel@55
                      ; - java.io.IoOverNioFileSystem::initializeStreamsUsingNio0@14
                      ; - java.io.IoOverNioFileSystem::initializeStreamUsingNio@12
                      ; - java.io.FileInputStream::<init>@151
                      ; - jdk.internal.loader.URLClassPath$FileLoader$1::getInputStream@8
                      ; - jdk.internal.loader.Resource::cachedInputStream@9
                      ; - jdk.internal.loader.Resource::getByteBuffer@1
                      ; - java.net.URLClassLoader::defineClass@132
                      ; - java.net.URLClassLoader$1::run@43
                      ; - java.net.URLClassLoader$1::run@1
  0x00000210ee20daf8: 0468 66ff 

  0x00000210ee20dafc: ;   {other}
  0x00000210ee20dafc: 0f1f 8400 | 6c7a 00a7 | ba45 ffff | ff4c 8b94 | 24a8 0000 | 004c 8954 | 2428 448b | 5c24 4044 
  0x00000210ee20db1c: 895c 243c | 448b 5424 | 4444 8954 | 2440 448b | 5c24 5c44 | 895c 2444 | 4c8b 5424 | 784c 8954 
  0x00000210ee20db3c: 2458 6690 

  0x00000210ee20db40: ;   {runtime_call UncommonTrapBlob}
  0x00000210ee20db40: c5f8 77e8 

  0x00000210ee20db44: ; ImmutableOopMap {rbp=NarrowOop [32]=Oop [40]=Oop [56]=NarrowOop [60]=NarrowOop [64]=NarrowOop [68]=NarrowOop [88]=Oop [104]=Oop [112]=Oop [136]=Oop }
                      ;*if_acmpne {reexecute=1 rethrow=0 return_oop=0}
                      ; - (reexecute) sun.nio.fs.WindowsPath::isAbsolute@17
                      ; - java.io.IoOverNioFileSystem::isWindowsPipe@1
                      ; - java.io.IoOverNioFileSystem::getNioPath@43
                      ; - java.io.FileInputStream::<init>@104
                      ; - jdk.internal.loader.URLClassPath$FileLoader$1::getInputStream@8
                      ; - jdk.internal.loader.Resource::cachedInputStream@9
                      ; - jdk.internal.loader.Resource::getByteBuffer@1
                      ; - java.net.URLClassLoader::defineClass@132
                      ; - java.net.URLClassLoader$1::run@43
                      ; - java.net.URLClassLoader$1::run@1
  0x00000210ee20db44: b867 66ff 

  0x00000210ee20db48: ;   {other}
  0x00000210ee20db48: 0f1f 8400 | b87a 00a8 | ba45 ffff | ff4c 8b9c | 24a8 0000 | 004c 895c | 2428 448b | 5c24 4044 
  0x00000210ee20db68: 895c 243c | 448b 4424 | 4444 8944 | 2440 4489 | 5424 584c | 898c 24a0 | 0000 0090 

  0x00000210ee20db84: ;   {runtime_call UncommonTrapBlob}
  0x00000210ee20db84: c5f8 77e8 

  0x00000210ee20db88: ; ImmutableOopMap {rbp=NarrowOop [32]=Oop [40]=Oop [56]=NarrowOop [60]=NarrowOop [64]=NarrowOop [88]=NarrowOop [92]=NarrowOop [104]=Oop [112]=Oop [120]=Oop [148]=NarrowOop [160]=Oop }
                      ;*if_acmpne {reexecute=1 rethrow=0 return_oop=0}
                      ; - (reexecute) sun.nio.fs.WindowsPath::isAbsolute@17
                      ; - sun.nio.fs.WindowsPath::getPathForWin32Calls@5
                      ; - sun.nio.fs.WindowsPath::getPathForWin32Calls@2
                      ; - sun.nio.fs.WindowsFileSystemProvider::newFileChannel@41
                      ; - java.io.IoOverNioFileSystem::initializeStreamsUsingNio0@14
                      ; - java.io.IoOverNioFileSystem::initializeStreamUsingNio@12
                      ; - java.io.FileInputStream::<init>@151
                      ; - jdk.internal.loader.URLClassPath$FileLoader$1::getInputStream@8
                      ; - jdk.internal.loader.Resource::cachedInputStream@9
                      ; - jdk.internal.loader.Resource::getByteBuffer@1
                      ; - java.net.URLClassLoader::defineClass@132
                      ; - java.net.URLClassLoader$1::run@43
                      ; - java.net.URLClassLoader$1::run@1
  0x00000210ee20db88: 7467 66ff 

  0x00000210ee20db8c: ;   {other}
  0x00000210ee20db8c: 0f1f 8400 | fc7a 00a9 | ba45 ffff | ff4c 8b94 | 24a8 0000 | 004c 8954 | 2428 448b | 5c24 4044 
  0x00000210ee20dbac: 895c 243c | 448b 5424 | 4444 8954 | 2440 448b | 9c24 8800 | 0000 4489 | 5c24 5890 

  0x00000210ee20dbc8: ;   {runtime_call UncommonTrapBlob}
  0x00000210ee20dbc8: c5f8 77e8 

  0x00000210ee20dbcc: ; ImmutableOopMap {[32]=Oop [40]=Oop [56]=NarrowOop [60]=NarrowOop [64]=NarrowOop [88]=NarrowOop [92]=NarrowOop [96]=Oop [104]=Oop [112]=Oop [120]=Oop [140]=NarrowOop [148]=NarrowOop [176]=Oop }
                      ;*tableswitch {reexecute=1 rethrow=0 return_oop=0}
                      ; - (reexecute) sun.nio.fs.WindowsChannelFactory$Flags::toFlags@52
                      ; - sun.nio.fs.WindowsChannelFactory::newFileChannel@1
                      ; - sun.nio.fs.WindowsFileSystemProvider::newFileChannel@55
                      ; - java.io.IoOverNioFileSystem::initializeStreamsUsingNio0@14
                      ; - java.io.IoOverNioFileSystem::initializeStreamUsingNio@12
                      ; - java.io.FileInputStream::<init>@151
                      ; - jdk.internal.loader.URLClassPath$FileLoader$1::getInputStream@8
                      ; - jdk.internal.loader.Resource::cachedInputStream@9
                      ; - jdk.internal.loader.Resource::getByteBuffer@1
                      ; - java.net.URLClassLoader::defineClass@132
                      ; - java.net.URLClassLoader$1::run@43
                      ; - java.net.URLClassLoader$1::run@1
  0x00000210ee20dbcc: 3067 66ff 

  0x00000210ee20dbd0: ;   {other}
  0x00000210ee20dbd0: 0f1f 8400 | 407b 00aa | baf6 ffff | ff48 8b6c | 2420 6690 

  0x00000210ee20dbe4: ;   {runtime_call UncommonTrapBlob}
  0x00000210ee20dbe4: c5f8 77e8 

  0x00000210ee20dbe8: ; ImmutableOopMap {rbp=Oop }
                      ;*invokevirtual replace {reexecute=0 rethrow=0 return_oop=0}
                      ; - java.net.URLClassLoader$1::run@8
                      ; - java.net.URLClassLoader$1::run@1
  0x00000210ee20dbe8: 1467 66ff 

  0x00000210ee20dbec: ;   {other}
  0x00000210ee20dbec: 0f1f 8400 | 5c7b 00ab | baf6 ffff | ff48 8b6c | 2420 6690 

  0x00000210ee20dc00: ;   {runtime_call UncommonTrapBlob}
  0x00000210ee20dc00: c5f8 77e8 

  0x00000210ee20dc04: ; ImmutableOopMap {rbp=Oop }
                      ;*arraylength {reexecute=0 rethrow=0 return_oop=0}
                      ; - java.lang.StringLatin1::replace@8
                      ; - java.lang.String::replace@18
                      ; - java.net.URLClassLoader$1::run@8
                      ; - java.net.URLClassLoader$1::run@1
  0x00000210ee20dc04: f866 66ff 

  0x00000210ee20dc08: ;   {other}
  0x00000210ee20dc08: 0f1f 8400 | 787b 00ac | baf6 ffff | ff48 8b6c | 2420 4889 | 4424 2090 

  0x00000210ee20dc20: ;   {runtime_call UncommonTrapBlob}
  0x00000210ee20dc20: c5f8 77e8 

  0x00000210ee20dc24: ; ImmutableOopMap {rbp=Oop [32]=Oop }
                      ;*getfield ucp {reexecute=1 rethrow=0 return_oop=0}
                      ; - (reexecute) java.net.URLClassLoader$1::run@21
                      ; - java.net.URLClassLoader$1::run@1
  0x00000210ee20dc24: d866 66ff 

  0x00000210ee20dc28: ;   {other}
  0x00000210ee20dc28: 0f1f 8400 | 987b 00ad | baf6 ffff | ff48 8b6c | 2420 4c8b | 9424 a800 | 0000 4c89 | 5424 3890 
  0x00000210ee20dc48: ;   {runtime_call UncommonTrapBlob}
  0x00000210ee20dc48: c5f8 77e8 

  0x00000210ee20dc4c: ; ImmutableOopMap {rbp=Oop [56]=Oop [64]=NarrowOop [168]=Oop }
                      ;*invokevirtual lastIndexOf {reexecute=0 rethrow=0 return_oop=0}
                      ; - java.net.URLClassLoader::defineClass@7
                      ; - java.net.URLClassLoader$1::run@43
                      ; - java.net.URLClassLoader$1::run@1
  0x00000210ee20dc4c: b066 66ff 

  0x00000210ee20dc50: ;   {other}
  0x00000210ee20dc50: 0f1f 8400 | c07b 00ae | baf6 ffff | ff48 8b6c | 2420 4c8b | 9424 a800 | 0000 4c89 | 5424 2090 
  0x00000210ee20dc70: ;   {runtime_call UncommonTrapBlob}
  0x00000210ee20dc70: c5f8 77e8 

  0x00000210ee20dc74: ; ImmutableOopMap {rbp=Oop [32]=Oop [64]=NarrowOop [68]=NarrowOop }
                      ;*arraylength {reexecute=0 rethrow=0 return_oop=0}
                      ; - java.lang.String::length@4
                      ; - java.lang.String::lastIndexOf@3
                      ; - java.net.URLClassLoader::defineClass@7
                      ; - java.net.URLClassLoader$1::run@43
                      ; - java.net.URLClassLoader$1::run@1
  0x00000210ee20dc74: 8866 66ff 

  0x00000210ee20dc78: ;   {other}
  0x00000210ee20dc78: 0f1f 8400 | e87b 00af | baf4 ffff | ff48 8b6c | 2420 4c8b | 9c24 a800 | 0000 4c89 | 5c24 2044 
  0x00000210ee20dc98: 8b44 2440 | 4489 4424 | 2844 8954 | 2440 6690 

  0x00000210ee20dca8: ;   {runtime_call UncommonTrapBlob}
  0x00000210ee20dca8: c5f8 77e8 

  0x00000210ee20dcac: ; ImmutableOopMap {rbp=Oop [32]=Oop [40]=NarrowOop [64]=NarrowOop [68]=NarrowOop }
                      ;*instanceof {reexecute=0 rethrow=0 return_oop=0}
                      ; - jdk.internal.loader.Resource::getByteBuffer@6
                      ; - java.net.URLClassLoader::defineClass@132
                      ; - java.net.URLClassLoader$1::run@43
                      ; - java.net.URLClassLoader$1::run@1
  0x00000210ee20dcac: 5066 66ff 

  0x00000210ee20dcb0: ;   {other}
  0x00000210ee20dcb0: 0f1f 8400 | 207c 00b0 | baf6 ffff | ff48 8b6c | 2420 6690 

  0x00000210ee20dcc4: ;   {runtime_call UncommonTrapBlob}
  0x00000210ee20dcc4: c5f8 77e8 

  0x00000210ee20dcc8: ; ImmutableOopMap {rbp=Oop [56]=Oop [64]=NarrowOop [68]=NarrowOop [80]=Oop }
                      ;*arraylength {reexecute=0 rethrow=0 return_oop=0}
                      ; - java.net.URLClassLoader::defineClass@217
                      ; - java.net.URLClassLoader$1::run@43
                      ; - java.net.URLClassLoader$1::run@1
  0x00000210ee20dcc8: 3466 66ff 

  0x00000210ee20dccc: ;   {other}
  0x00000210ee20dccc: 0f1f 8400 | 3c7c 00b1 | baf6 ffff | ff48 8b6c | 2420 4489 | 5c24 2044 | 8b54 2440 | 4489 5424 
  0x00000210ee20dcec: 2444 8b5c | 2444 4489 | 5c24 3848 | 895c 2440 

  0x00000210ee20dcfc: ;   {runtime_call UncommonTrapBlob}
  0x00000210ee20dcfc: c5f8 77e8 

  0x00000210ee20dd00: ; ImmutableOopMap {rbp=Oop [36]=NarrowOop [56]=NarrowOop [64]=Oop [168]=Oop }
                      ;*getfield csu {reexecute=1 rethrow=0 return_oop=0}
                      ; - (reexecute) jdk.internal.loader.URLClassPath$JarLoader$2::getCodeSourceURL@4
                      ; - java.net.URLClassLoader::defineClass@13
                      ; - java.net.URLClassLoader$1::run@43
                      ; - java.net.URLClassLoader$1::run@1
  0x00000210ee20dd00: fc65 66ff 

  0x00000210ee20dd04: ;   {other}
  0x00000210ee20dd04: 0f1f 8400 | 747c 00b2 | baf6 ffff | ff48 8b6c | 2420 4c8b | 9424 a800 | 0000 4c89 | 5424 2044 
  0x00000210ee20dd24: 8b5c 2440 | 4489 5c24 | 2844 8b5c | 2448 4489 | 5c24 4090 

  0x00000210ee20dd38: ;   {runtime_call UncommonTrapBlob}
  0x00000210ee20dd38: c5f8 77e8 

  0x00000210ee20dd3c: ; ImmutableOopMap {rbp=Oop [32]=Oop [40]=NarrowOop [64]=NarrowOop [68]=NarrowOop [88]=Oop [96]=Oop }
                      ;*invokevirtual isNamed {reexecute=0 rethrow=0 return_oop=0}
                      ; - java.lang.Package::isSealed@4
                      ; - java.net.URLClassLoader::getAndVerifyPackage@14
                      ; - java.net.URLClassLoader::defineClass@46
                      ; - java.net.URLClassLoader$1::run@43
                      ; - java.net.URLClassLoader$1::run@1
  0x00000210ee20dd3c: c065 66ff 

  0x00000210ee20dd40: ;   {other}
  0x00000210ee20dd40: 0f1f 8400 | b07c 00b3 | baf6 ffff | ff48 8b6c | 2420 4c8b | 9424 a800 | 0000 4c89 | 5424 2044 
  0x00000210ee20dd60: 8b54 2440 | 4489 5424 | 2844 8b54 | 2448 4489 | 5424 4090 

  0x00000210ee20dd74: ;   {runtime_call UncommonTrapBlob}
  0x00000210ee20dd74: c5f8 77e8 

  0x00000210ee20dd78: ; ImmutableOopMap {rbp=Oop [32]=Oop [40]=NarrowOop [64]=NarrowOop [68]=NarrowOop [88]=Oop [96]=Oop }
                      ;*getfield sealBase {reexecute=1 rethrow=0 return_oop=0}
                      ; - (reexecute) java.lang.Package::isSealed@14
                      ; - java.net.URLClassLoader::getAndVerifyPackage@14
                      ; - java.net.URLClassLoader::defineClass@46
                      ; - java.net.URLClassLoader$1::run@43
                      ; - java.net.URLClassLoader$1::run@1
  0x00000210ee20dd78: 8465 66ff 

  0x00000210ee20dd7c: ;   {other}
  0x00000210ee20dd7c: 0f1f 8400 | ec7c 00b4 | baf6 ffff | ff48 8b6c | 2420 4c8b | 9c24 a800 | 0000 4c89 | 5c24 2044 
  0x00000210ee20dd9c: 8b44 2440 | 4489 4424 | 2844 8954 | 2440 4889 | 4c24 4890 

  0x00000210ee20ddb0: ;   {runtime_call UncommonTrapBlob}
  0x00000210ee20ddb0: c5f8 77e8 

  0x00000210ee20ddb4: ; ImmutableOopMap {rbp=Oop [32]=Oop [40]=NarrowOop [64]=NarrowOop [68]=NarrowOop [72]=Oop }
                      ;*getfield jar {reexecute=1 rethrow=0 return_oop=0}
                      ; - (reexecute) jdk.internal.loader.URLClassPath$JarLoader$2::getInputStream@4
                      ; - jdk.internal.loader.Resource::cachedInputStream@9
                      ; - jdk.internal.loader.Resource::getByteBuffer@1
                      ; - java.net.URLClassLoader::defineClass@132
                      ; - java.net.URLClassLoader$1::run@43
                      ; - java.net.URLClassLoader$1::run@1
  0x00000210ee20ddb4: 4865 66ff 

  0x00000210ee20ddb8: ;   {other}
  0x00000210ee20ddb8: 0f1f 8400 | 287d 00b5 | baf6 ffff | ff48 8b6c | 2420 4489 | 5c24 2044 | 8b5c 2440 | 4489 5c24 
  0x00000210ee20ddd8: 2444 8b54 | 2444 4489 | 5424 3848 | 895c 2440 

  0x00000210ee20dde8: ;   {runtime_call UncommonTrapBlob}
  0x00000210ee20dde8: c5f8 77e8 

  0x00000210ee20ddec: ; ImmutableOopMap {rbp=Oop [36]=NarrowOop [56]=NarrowOop [64]=Oop [168]=Oop }
                      ;*invokevirtual getBaseURL {reexecute=0 rethrow=0 return_oop=0}
                      ; - jdk.internal.loader.URLClassPath$FileLoader$1::getCodeSourceURL@4
                      ; - java.net.URLClassLoader::defineClass@13
                      ; - java.net.URLClassLoader$1::run@43
                      ; - java.net.URLClassLoader$1::run@1
  0x00000210ee20ddec: 1065 66ff 

  0x00000210ee20ddf0: ;   {other}
  0x00000210ee20ddf0: 0f1f 8400 | 607d 00b6 | baf6 ffff | ff48 8b6c | 2420 4c8b | 9424 a800 | 0000 4c89 | 5424 2044 
  0x00000210ee20de10: 8b5c 2440 | 4489 5c24 | 2844 8b54 | 2444 4489 | 5424 2c4c | 8b54 2468 | 4c89 5424 | 504c 8954 
  0x00000210ee20de30: 2460 6690 

  0x00000210ee20de34: ;   {runtime_call UncommonTrapBlob}
  0x00000210ee20de34: c5f8 77e8 

  0x00000210ee20de38: ; ImmutableOopMap {rbp=Oop [32]=Oop [40]=NarrowOop [44]=NarrowOop [56]=NarrowOop [80]=Oop [92]=NarrowOop [96]=Oop [112]=Oop }
                      ;*arraylength {reexecute=0 rethrow=0 return_oop=0}
                      ; - java.lang.ThreadLocal$ThreadLocalMap::getEntry@8
                      ; - java.lang.ThreadLocal::get@12
                      ; - java.lang.ThreadLocal::get@4
                      ; - com.jetbrains.internal.IoOverNio$RecursionGuard::create@5
                      ; - java.io.FileInputStream::<init>@92
                      ; - jdk.internal.loader.URLClassPath$FileLoader$1::getInputStream@8
                      ; - jdk.internal.loader.Resource::cachedInputStream@9
                      ; - jdk.internal.loader.Resource::getByteBuffer@1
                      ; - java.net.URLClassLoader::defineClass@132
                      ; - java.net.URLClassLoader$1::run@43
                      ; - java.net.URLClassLoader$1::run@1
  0x00000210ee20de38: c464 66ff 

  0x00000210ee20de3c: ;   {other}
  0x00000210ee20de3c: 0f1f 8400 | ac7d 00b7 | baf6 ffff | ff48 8b6c | 2420 4c8b | 9424 a800 | 0000 4c89 | 5424 2044 
  0x00000210ee20de5c: 8b5c 2440 | 4489 5c24 | 2844 8b54 | 2444 4489 | 5424 2c4c | 8b54 2468 | 4c89 5424 | 504c 8954 
  0x00000210ee20de7c: 2460 6690 

  0x00000210ee20de80: ;   {runtime_call UncommonTrapBlob}
  0x00000210ee20de80: c5f8 77e8 

  0x00000210ee20de84: ; ImmutableOopMap {rbp=Oop [32]=Oop [40]=NarrowOop [44]=NarrowOop [56]=NarrowOop [80]=Oop [92]=NarrowOop [96]=Oop [112]=Oop }
                      ;*arraylength {reexecute=0 rethrow=0 return_oop=0}
                      ; - java.lang.ThreadLocal$ThreadLocalMap::getEntry@8
                      ; - java.lang.ThreadLocal::get@12
                      ; - java.lang.ThreadLocal::get@4
                      ; - com.jetbrains.internal.IoOverNio::isAllowedInThisThread@9
                      ; - java.io.IoOverNioFileSystem::acquireNioFs@16
                      ; - java.io.IoOverNioFileSystem::isInvalid@4
                      ; - java.io.File::isInvalid@13
                      ; - java.io.FileInputStream::<init>@66
                      ; - jdk.internal.loader.URLClassPath$FileLoader$1::getInputStream@8
                      ; - jdk.internal.loader.Resource::cachedInputStream@9
                      ; - jdk.internal.loader.Resource::getByteBuffer@1
                      ; - java.net.URLClassLoader::defineClass@132
                      ; - java.net.URLClassLoader$1::run@43
                      ; - java.net.URLClassLoader$1::run@1
  0x00000210ee20de84: 7864 66ff 

  0x00000210ee20de88: ;   {other}
  0x00000210ee20de88: 0f1f 8400 | f87d 00b8 | baf6 ffff | ff48 8b6c | 2420 4c8b | 9424 a800 | 0000 4c89 | 5424 2044 
  0x00000210ee20dea8: 8b54 2440 | 4489 5424 | 2844 8b5c | 2444 4489 | 5c24 2c4c | 8b54 2468 | 4c89 5424 | 504c 8954 
  0x00000210ee20dec8: 2460 6690 

  0x00000210ee20decc: ;   {runtime_call UncommonTrapBlob}
  0x00000210ee20decc: c5f8 77e8 

  0x00000210ee20ded0: ; ImmutableOopMap {rbp=Oop [32]=Oop [40]=NarrowOop [44]=NarrowOop [56]=NarrowOop [80]=Oop [92]=NarrowOop [96]=Oop [112]=Oop }
                      ;*invokevirtual equals {reexecute=0 rethrow=0 return_oop=0}
                      ; - java.io.IoOverNioFileSystem::isInvalid@30
                      ; - java.io.File::isInvalid@13
                      ; - java.io.FileInputStream::<init>@66
                      ; - jdk.internal.loader.URLClassPath$FileLoader$1::getInputStream@8
                      ; - jdk.internal.loader.Resource::cachedInputStream@9
                      ; - jdk.internal.loader.Resource::getByteBuffer@1
                      ; - java.net.URLClassLoader::defineClass@132
                      ; - java.net.URLClassLoader$1::run@43
                      ; - java.net.URLClassLoader$1::run@1
  0x00000210ee20ded0: 2c64 66ff 

  0x00000210ee20ded4: ;   {other}
  0x00000210ee20ded4: 0f1f 8400 | 447e 00b9 | ba45 ffff | ff48 8b6c | 2420 4c8b | 9424 8800 | 0000 4c89 | 5424 2044 
  0x00000210ee20def4: 8b44 2440 | 4489 4424 | 2844 8b54 | 2444 4489 | 5424 2c4c | 8b54 2468 | 4c89 5424 | 504c 8954 
  0x00000210ee20df14: 2458 4c89 | 5c24 6844 | 894c 2470 

  0x00000210ee20df20: ;   {runtime_call UncommonTrapBlob}
  0x00000210ee20df20: c5f8 77e8 

  0x00000210ee20df24: ; ImmutableOopMap {rbp=Oop [32]=Oop [40]=NarrowOop [44]=NarrowOop [56]=NarrowOop [80]=Oop [88]=Oop [104]=Oop [112]=NarrowOop }
                      ;*ifnull {reexecute=1 rethrow=0 return_oop=0}
                      ; - (reexecute) java.io.FileInputStream::<init>@28
                      ; - jdk.internal.loader.URLClassPath$FileLoader$1::getInputStream@8
                      ; - jdk.internal.loader.Resource::cachedInputStream@9
                      ; - jdk.internal.loader.Resource::getByteBuffer@1
                      ; - java.net.URLClassLoader::defineClass@132
                      ; - java.net.URLClassLoader$1::run@43
                      ; - java.net.URLClassLoader$1::run@1
  0x00000210ee20df24: d863 66ff 

  0x00000210ee20df28: ;   {other}
  0x00000210ee20df28: 0f1f 8400 | 987e 00ba | ba45 ffff | ff48 8b6c | 2420 4c8b | 9424 a800 | 0000 4c89 | 5424 2044 
  0x00000210ee20df48: 8b44 2440 | 4489 4424 | 2844 8b54 | 2444 4489 | 5424 2c44 | 8b54 245c | 4489 5424 | 3c4c 8b54 
  0x00000210ee20df68: 2460 4c89 | 5424 5844 | 895c 2464 

  0x00000210ee20df74: ;   {runtime_call UncommonTrapBlob}
  0x00000210ee20df74: c5f8 77e8 

  0x00000210ee20df78: ; ImmutableOopMap {rbp=Oop [32]=Oop [40]=NarrowOop [44]=NarrowOop [56]=NarrowOop [60]=NarrowOop [88]=Oop [100]=NarrowOop [104]=Oop [112]=Oop }
                      ;*ifnull {reexecute=1 rethrow=0 return_oop=0}
                      ; - (reexecute) java.lang.ThreadLocal::get@7
                      ; - java.lang.ThreadLocal::get@4
                      ; - com.jetbrains.internal.IoOverNio$RecursionGuard::create@5
                      ; - java.io.FileInputStream::<init>@92
                      ; - jdk.internal.loader.URLClassPath$FileLoader$1::getInputStream@8
                      ; - jdk.internal.loader.Resource::cachedInputStream@9
                      ; - jdk.internal.loader.Resource::getByteBuffer@1
                      ; - java.net.URLClassLoader::defineClass@132
                      ; - java.net.URLClassLoader$1::run@43
                      ; - java.net.URLClassLoader$1::run@1
  0x00000210ee20df78: 8463 66ff 

  0x00000210ee20df7c: ;   {other}
  0x00000210ee20df7c: 0f1f 8400 | ec7e 00bb | ba45 ffff | ff48 8b6c | 2420 4c8b | 9424 a800 | 0000 4c89 | 5424 2044 
  0x00000210ee20df9c: 8b5c 2440 | 4489 5c24 | 2844 8b54 | 2444 4489 | 5424 2c44 | 8984 2488 | 0000 0090 

  0x00000210ee20dfb8: ;   {runtime_call UncommonTrapBlob}
  0x00000210ee20dfb8: c5f8 77e8 

  0x00000210ee20dfbc: ; ImmutableOopMap {rbp=Oop [32]=Oop [40]=NarrowOop [44]=NarrowOop [56]=NarrowOop [92]=NarrowOop [96]=Oop [104]=Oop [112]=Oop [120]=NarrowOop [136]=NarrowOop }
                      ;*ifnull {reexecute=1 rethrow=0 return_oop=0}
                      ; - (reexecute) java.lang.ThreadLocal::get@7
                      ; - java.lang.ThreadLocal::get@4
                      ; - com.jetbrains.internal.IoOverNio::isAllowedInThisThread@9
                      ; - java.io.IoOverNioFileSystem::acquireNioFs@16
                      ; - java.io.IoOverNioFileSystem::isInvalid@4
                      ; - java.io.File::isInvalid@13
                      ; - java.io.FileInputStream::<init>@66
                      ; - jdk.internal.loader.URLClassPath$FileLoader$1::getInputStream@8
                      ; - jdk.internal.loader.Resource::cachedInputStream@9
                      ; - jdk.internal.loader.Resource::getByteBuffer@1
                      ; - java.net.URLClassLoader::defineClass@132
                      ; - java.net.URLClassLoader$1::run@43
                      ; - java.net.URLClassLoader$1::run@1
  0x00000210ee20dfbc: 4063 66ff 

  0x00000210ee20dfc0: ;   {other}
  0x00000210ee20dfc0: 0f1f 8400 | 307f 00bc | ba97 ffff | ff48 8b6c | 2420 448b | 5c24 3844 | 895c 2420 | 4c8b 9424 
  0x00000210ee20dfe0: 8000 0000 | 4c89 5424 | 2844 8b54 | 2440 4489 | 5424 2444 | 8b54 2444 | 4489 5424 | 3866 6690 
  0x00000210ee20e000: ;   {runtime_call UncommonTrapBlob}
  0x00000210ee20e000: c5f8 77e8 

  0x00000210ee20e004: ; ImmutableOopMap {rbp=Oop [32]=NarrowOop [36]=NarrowOop [40]=Oop [56]=NarrowOop [60]=NarrowOop [88]=Oop }
                      ;*invokevirtual clone {reexecute=1 rethrow=0 return_oop=0}
                      ; - (reexecute) java.util.Arrays::copyOfRange@18
                      ; - java.lang.StringLatin1::newString@16
                      ; - java.lang.String::substring@41
                      ; - java.net.URLClassLoader::defineClass@28
                      ; - java.net.URLClassLoader$1::run@43
                      ; - java.net.URLClassLoader$1::run@1
  0x00000210ee20e004: f862 66ff 

  0x00000210ee20e008: ;   {other}
  0x00000210ee20e008: 0f1f 8400 | 787f 00bd | baf6 ffff | ff48 8b6c | 2420 4c8b | 9424 a800 | 0000 4c89 | 5424 2044 
  0x00000210ee20e028: 8b5c 2440 | 4489 5c24 | 2844 8b54 | 2444 4489 | 5424 2c4c | 8b54 2468 | 4c89 5424 | 504c 8954 
  0x00000210ee20e048: 2460 6690 

  0x00000210ee20e04c: ;   {runtime_call UncommonTrapBlob}
  0x00000210ee20e04c: c5f8 77e8 

  0x00000210ee20e050: ; ImmutableOopMap {rbp=Oop [32]=Oop [40]=NarrowOop [44]=NarrowOop [56]=NarrowOop [80]=Oop [92]=NarrowOop [96]=Oop [112]=Oop }
                      ;*invokevirtual isInvalid {reexecute=0 rethrow=0 return_oop=0}
                      ; - java.io.IoOverNioFileSystem::isInvalid@61
                      ; - java.io.File::isInvalid@13
                      ; - java.io.FileInputStream::<init>@66
                      ; - jdk.internal.loader.URLClassPath$FileLoader$1::getInputStream@8
                      ; - jdk.internal.loader.Resource::cachedInputStream@9
                      ; - jdk.internal.loader.Resource::getByteBuffer@1
                      ; - java.net.URLClassLoader::defineClass@132
                      ; - java.net.URLClassLoader$1::run@43
                      ; - java.net.URLClassLoader$1::run@1
  0x00000210ee20e050: ac62 66ff 

  0x00000210ee20e054: ;   {other}
  0x00000210ee20e054: 0f1f 8400 | c47f 00be | baf6 ffff | ff48 8b6c | 2420 4c8b | 9424 a800 | 0000 4c89 | 5424 2044 
  0x00000210ee20e074: 8b5c 2440 | 4489 5c24 | 2844 8b54 | 2444 4489 | 5424 2c4c | 8b54 2468 | 4c89 5424 | 504c 8954 
  0x00000210ee20e094: 2460 6690 

  0x00000210ee20e098: ;   {runtime_call UncommonTrapBlob}
  0x00000210ee20e098: c5f8 77e8 

  0x00000210ee20e09c: ; ImmutableOopMap {rbp=Oop [32]=Oop [40]=NarrowOop [44]=NarrowOop [56]=NarrowOop [80]=Oop [92]=NarrowOop [96]=Oop [112]=Oop }
                      ;*arraylength {reexecute=0 rethrow=0 return_oop=0}
                      ; - java.lang.ThreadLocal$ThreadLocalMap::getEntry@8
                      ; - java.lang.ThreadLocal::get@12
                      ; - java.lang.ThreadLocal::get@4
                      ; - com.jetbrains.internal.IoOverNio$RecursionGuard::create@46
                      ; - java.io.FileInputStream::<init>@92
                      ; - jdk.internal.loader.URLClassPath$FileLoader$1::getInputStream@8
                      ; - jdk.internal.loader.Resource::cachedInputStream@9
                      ; - jdk.internal.loader.Resource::getByteBuffer@1
                      ; - java.net.URLClassLoader::defineClass@132
                      ; - java.net.URLClassLoader$1::run@43
                      ; - java.net.URLClassLoader$1::run@1
  0x00000210ee20e09c: 6062 66ff 

  0x00000210ee20e0a0: ;   {other}
  0x00000210ee20e0a0: 0f1f 8400 | 1080 00bf | baf6 ffff | ff48 8b6c | 2420 4c8b | 9424 a800 | 0000 4c89 | 5424 2044 
  0x00000210ee20e0c0: 8b5c 2440 | 4489 5c24 | 2844 8b54 | 2444 4489 | 5424 2c4c | 8b54 2468 | 4c89 5424 | 504c 8954 
  0x00000210ee20e0e0: 2460 448b | 5424 5c44 | 8954 243c | 4c8b 5424 | 784c 8954 | 2458 6690 

  0x00000210ee20e0f8: ;   {runtime_call UncommonTrapBlob}
  0x00000210ee20e0f8: c5f8 77e8 

  0x00000210ee20e0fc: ; ImmutableOopMap {rbp=Oop [32]=Oop [40]=NarrowOop [44]=NarrowOop [56]=NarrowOop [60]=NarrowOop [80]=Oop [88]=Oop [96]=Oop [112]=Oop [144]=NarrowOop }
                      ;*arraylength {reexecute=0 rethrow=0 return_oop=0}
                      ; - java.lang.ThreadLocal$ThreadLocalMap::getEntry@8
                      ; - java.lang.ThreadLocal::get@12
                      ; - java.lang.ThreadLocal::get@4
                      ; - com.jetbrains.internal.IoOverNio::isAllowedInThisThread@9
                      ; - java.io.IoOverNioFileSystem::acquireNioFs@16
                      ; - java.io.IoOverNioFileSystem::getNioPath@6
                      ; - java.io.FileInputStream::<init>@104
                      ; - jdk.internal.loader.URLClassPath$FileLoader$1::getInputStream@8
                      ; - jdk.internal.loader.Resource::cachedInputStream@9
                      ; - jdk.internal.loader.Resource::getByteBuffer@1
                      ; - java.net.URLClassLoader::defineClass@132
                      ; - java.net.URLClassLoader$1::run@43
                      ; - java.net.URLClassLoader$1::run@1
  0x00000210ee20e0fc: 0062 66ff 

  0x00000210ee20e100: ;   {other}
  0x00000210ee20e100: 0f1f 8400 | 7080 00c0 | ba45 ffff | ff48 8b6c | 2420 4c8b | 9424 a800 | 0000 4c89 | 5424 2044 
  0x00000210ee20e120: 8b5c 2440 | 4489 5c24 | 2844 8b54 | 2444 4489 | 5424 2c4c | 8b54 2468 | 4c89 5424 | 504c 8954 
  0x00000210ee20e140: 2460 448b | 5c24 5c44 | 895c 243c | 4c8b 5424 | 784c 8954 | 2458 4489 | 4424 7c44 | 8984 2480 
  0x00000210ee20e160: 0000 0090 

  0x00000210ee20e164: ;   {runtime_call UncommonTrapBlob}
  0x00000210ee20e164: c5f8 77e8 

  0x00000210ee20e168: ; ImmutableOopMap {rbp=Oop [32]=Oop [40]=NarrowOop [44]=NarrowOop [56]=NarrowOop [60]=NarrowOop [80]=Oop [88]=Oop [96]=Oop [112]=Oop [124]=NarrowOop [128]=NarrowOop }
                      ;*ifnonnull {reexecute=1 rethrow=0 return_oop=0}
                      ; - (reexecute) java.util.Objects::requireNonNull@1
                      ; - sun.nio.fs.WindowsFileSystem::getPath@1
                      ; - java.io.IoOverNioFileSystem::getNioPath@22
                      ; - java.io.FileInputStream::<init>@104
                      ; - jdk.internal.loader.URLClassPath$FileLoader$1::getInputStream@8
                      ; - jdk.internal.loader.Resource::cachedInputStream@9
                      ; - jdk.internal.loader.Resource::getByteBuffer@1
                      ; - java.net.URLClassLoader::defineClass@132
                      ; - java.net.URLClassLoader$1::run@43
                      ; - java.net.URLClassLoader$1::run@1
  0x00000210ee20e168: 9461 66ff 

  0x00000210ee20e16c: ;   {other}
  0x00000210ee20e16c: 0f1f 8400 | dc80 00c1 | baf6 ffff | ff48 8b6c | 2420 4c8b | 9424 8800 | 0000 4c89 | 5424 2044 
  0x00000210ee20e18c: 8b5c 2440 | 4489 5c24 | 2844 8b54 | 2444 4489 | 5424 2c4c | 8b54 2468 | 4c89 5424 | 504c 8954 
  0x00000210ee20e1ac: 2460 448b | 5424 5c44 | 8954 243c 

  0x00000210ee20e1b8: ;   {runtime_call UncommonTrapBlob}
  0x00000210ee20e1b8: c5f8 77e8 

  0x00000210ee20e1bc: ; ImmutableOopMap {rbp=Oop [32]=Oop [40]=NarrowOop [44]=NarrowOop [56]=NarrowOop [60]=NarrowOop [80]=Oop [96]=Oop [112]=Oop [120]=Oop }
                      ;*invokevirtual type {reexecute=0 rethrow=0 return_oop=0}
                      ; - sun.nio.fs.WindowsPath::parse@11
                      ; - sun.nio.fs.WindowsFileSystem::getPath@102
                      ; - java.io.IoOverNioFileSystem::getNioPath@22
                      ; - java.io.FileInputStream::<init>@104
                      ; - jdk.internal.loader.URLClassPath$FileLoader$1::getInputStream@8
                      ; - jdk.internal.loader.Resource::cachedInputStream@9
                      ; - jdk.internal.loader.Resource::getByteBuffer@1
                      ; - java.net.URLClassLoader::defineClass@132
                      ; - java.net.URLClassLoader$1::run@43
                      ; - java.net.URLClassLoader$1::run@1
  0x00000210ee20e1bc: 4061 66ff 

  0x00000210ee20e1c0: ;   {other}
  0x00000210ee20e1c0: 0f1f 8400 | 3081 00c2 | baf6 ffff | ff48 8b6c | 2420 4c8b | 9424 a800 | 0000 4c89 | 5424 2044 
  0x00000210ee20e1e0: 8b5c 2440 | 4489 5c24 | 2844 8b54 | 2444 4489 | 5424 2c4c | 8b54 2468 | 4c89 5424 | 504c 8954 
  0x00000210ee20e200: 2460 6690 

  0x00000210ee20e204: ;   {runtime_call UncommonTrapBlob}
  0x00000210ee20e204: c5f8 77e8 

  0x00000210ee20e208: ; ImmutableOopMap {rbp=Oop [32]=Oop [40]=NarrowOop [44]=NarrowOop [56]=NarrowOop [80]=Oop [92]=NarrowOop [96]=Oop [112]=Oop }
                      ;*arraylength {reexecute=0 rethrow=0 return_oop=0}
                      ; - java.lang.ThreadLocal$ThreadLocalMap::set@6
                      ; - java.lang.ThreadLocal::set@13
                      ; - java.lang.ThreadLocal::set@5
                      ; - com.jetbrains.internal.IoOverNio$RecursionGuard::create@62
                      ; - java.io.FileInputStream::<init>@92
                      ; - jdk.internal.loader.URLClassPath$FileLoader$1::getInputStream@8
                      ; - jdk.internal.loader.Resource::cachedInputStream@9
                      ; - jdk.internal.loader.Resource::getByteBuffer@1
                      ; - java.net.URLClassLoader::defineClass@132
                      ; - java.net.URLClassLoader$1::run@43
                      ; - java.net.URLClassLoader$1::run@1
  0x00000210ee20e208: f460 66ff 

  0x00000210ee20e20c: ;   {other}
  0x00000210ee20e20c: 0f1f 8400 | 7c81 00c3 | baf6 ffff | ff48 8b6c | 2420 4c8b | 9424 a800 | 0000 4c89 | 5424 2044 
  0x00000210ee20e22c: 8b5c 2440 | 4489 5c24 | 2844 8b54 | 2444 4489 | 5424 2c4c | 8b54 2468 | 4c89 5424 | 504c 8954 
  0x00000210ee20e24c: 2460 448b | 5c24 5c44 | 895c 243c | 4c8b 5424 | 784c 8954 | 2458 6690 

  0x00000210ee20e264: ;   {runtime_call UncommonTrapBlob}
  0x00000210ee20e264: c5f8 77e8 

  0x00000210ee20e268: ; ImmutableOopMap {rbp=Oop [32]=Oop [40]=NarrowOop [44]=NarrowOop [56]=NarrowOop [60]=NarrowOop [80]=Oop [88]=Oop [96]=Oop [112]=Oop [136]=Oop }
                      ;*invokevirtual isEmpty {reexecute=0 rethrow=0 return_oop=0}
                      ; - sun.nio.fs.WindowsPath::getRoot@4
                      ; - sun.nio.fs.WindowsPath::getRoot@1
                      ; - java.io.IoOverNioFileSystem::isWindowsPipe@10
                      ; - java.io.IoOverNioFileSystem::getNioPath@43
                      ; - java.io.FileInputStream::<init>@104
                      ; - jdk.internal.loader.URLClassPath$FileLoader$1::getInputStream@8
                      ; - jdk.internal.loader.Resource::cachedInputStream@9
                      ; - jdk.internal.loader.Resource::getByteBuffer@1
                      ; - java.net.URLClassLoader::defineClass@132
                      ; - java.net.URLClassLoader$1::run@43
                      ; - java.net.URLClassLoader$1::run@1
  0x00000210ee20e268: 9460 66ff 

  0x00000210ee20e26c: ;   {other}
  0x00000210ee20e26c: 0f1f 8400 | dc81 00c4 | baf6 ffff | ff48 8b6c | 2420 4c8b | 9424 a800 | 0000 4c89 | 5424 2044 
  0x00000210ee20e28c: 8b5c 2440 | 4489 5c24 | 2844 8b54 | 2444 4489 | 5424 2c4c | 8b54 2468 | 4c89 5424 | 504c 8954 
  0x00000210ee20e2ac: 2460 448b | 5424 5c44 | 8954 243c | 4c8b 5424 | 784c 8954 | 2458 6690 

  0x00000210ee20e2c4: ;   {runtime_call UncommonTrapBlob}
  0x00000210ee20e2c4: c5f8 77e8 

  0x00000210ee20e2c8: ; ImmutableOopMap {rbp=Oop [32]=Oop [40]=NarrowOop [44]=NarrowOop [56]=NarrowOop [60]=NarrowOop [80]=Oop [88]=Oop [96]=Oop [112]=Oop [136]=Oop }
                      ;*arraylength {reexecute=0 rethrow=0 return_oop=0}
                      ; - java.lang.String::isEmpty@4
                      ; - sun.nio.fs.WindowsPath::getRoot@4
                      ; - sun.nio.fs.WindowsPath::getRoot@1
                      ; - java.io.IoOverNioFileSystem::isWindowsPipe@10
                      ; - java.io.IoOverNioFileSystem::getNioPath@43
                      ; - java.io.FileInputStream::<init>@104
                      ; - jdk.internal.loader.URLClassPath$FileLoader$1::getInputStream@8
                      ; - jdk.internal.loader.Resource::cachedInputStream@9
                      ; - jdk.internal.loader.Resource::getByteBuffer@1
                      ; - java.net.URLClassLoader::defineClass@132
                      ; - java.net.URLClassLoader$1::run@43
                      ; - java.net.URLClassLoader$1::run@1
  0x00000210ee20e2c8: 3460 66ff 

  0x00000210ee20e2cc: ;   {other}
  0x00000210ee20e2cc: 0f1f 8400 | 3c82 00c5 | baf6 ffff | ff48 8b6c | 2420 4c8b | 9424 a800 | 0000 4c89 | 5424 2044 
  0x00000210ee20e2ec: 8b54 2440 | 4489 5424 | 2844 8b5c | 2444 4489 | 5c24 2c4c | 8b54 2468 | 4c89 5424 | 504c 8954 
  0x00000210ee20e30c: 2460 448b | 5424 5c44 | 8954 243c | 4c8b 5424 | 784c 8954 | 2458 6690 

  0x00000210ee20e324: ;   {runtime_call UncommonTrapBlob}
  0x00000210ee20e324: c5f8 77e8 

  0x00000210ee20e328: ; ImmutableOopMap {rbp=Oop [32]=Oop [40]=NarrowOop [44]=NarrowOop [56]=NarrowOop [60]=NarrowOop [80]=Oop [88]=Oop [96]=Oop [112]=Oop [136]=Oop }
                      ;*invokevirtual provider {reexecute=0 rethrow=0 return_oop=0}
                      ; - java.nio.file.Files::provider@6
                      ; - java.nio.file.Files::readAttributes@1
                      ; - java.io.IoOverNioFileSystem::getNioPath@66
                      ; - java.io.FileInputStream::<init>@104
                      ; - jdk.internal.loader.URLClassPath$FileLoader$1::getInputStream@8
                      ; - jdk.internal.loader.Resource::cachedInputStream@9
                      ; - jdk.internal.loader.Resource::getByteBuffer@1
                      ; - java.net.URLClassLoader::defineClass@132
                      ; - java.net.URLClassLoader$1::run@43
                      ; - java.net.URLClassLoader$1::run@1
  0x00000210ee20e328: d45f 66ff 

  0x00000210ee20e32c: ;   {other}
  0x00000210ee20e32c: 0f1f 8400 | 9c82 00c6 | baf6 ffff | ff48 8b6c | 2420 4c8b | 9424 a800 | 0000 4c89 | 5424 2044 
  0x00000210ee20e34c: 8b5c 2440 | 4489 5c24 | 2844 8b54 | 2444 4489 | 5424 2c4c | 8b54 2468 | 4c89 5424 | 504c 8954 
  0x00000210ee20e36c: 2460 448b | 9424 9000 | 0000 4489 | 5424 5890 

  0x00000210ee20e37c: ;   {runtime_call UncommonTrapBlob}
  0x00000210ee20e37c: c5f8 77e8 

  0x00000210ee20e380: ; ImmutableOopMap {rbp=Oop [32]=Oop [40]=NarrowOop [44]=NarrowOop [56]=NarrowOop [80]=Oop [88]=NarrowOop [92]=NarrowOop [96]=Oop [112]=Oop [120]=Oop [136]=Oop [148]=NarrowOop }
                      ;*arraylength {reexecute=0 rethrow=0 return_oop=0}
                      ; - java.lang.ThreadLocal$ThreadLocalMap::getEntry@8
                      ; - java.lang.ThreadLocal::get@12
                      ; - java.lang.ThreadLocal::get@4
                      ; - com.jetbrains.internal.IoOverNio$RecursionGuard::ensureActive@3
                      ; - com.jetbrains.internal.IoOverNio$ParentForFileChannelImplHolder::set@0
                      ; - java.io.IoOverNioFileSystem::initializeStreamUsingNio@1
                      ; - java.io.FileInputStream::<init>@151
                      ; - jdk.internal.loader.URLClassPath$FileLoader$1::getInputStream@8
                      ; - jdk.internal.loader.Resource::cachedInputStream@9
                      ; - jdk.internal.loader.Resource::getByteBuffer@1
                      ; - java.net.URLClassLoader::defineClass@132
                      ; - java.net.URLClassLoader$1::run@43
                      ; - java.net.URLClassLoader$1::run@1
  0x00000210ee20e380: 7c5f 66ff 

  0x00000210ee20e384: ;   {other}
  0x00000210ee20e384: 0f1f 8400 | f482 00c7 | baf6 ffff | ff48 8b6c | 2420 4c8b | 9424 a000 | 0000 4c89 | 5424 2044 
  0x00000210ee20e3a4: 8b54 2440 | 4489 5424 | 2844 8b5c | 2444 4489 | 5c24 2c4c | 8b54 2468 | 4c89 5424 | 504c 8954 
  0x00000210ee20e3c4: 2460 448b | 5c24 5c44 | 895c 243c | 4c8b 5424 | 784c 8954 | 2458 6690 

  0x00000210ee20e3dc: ;   {runtime_call UncommonTrapBlob}
  0x00000210ee20e3dc: c5f8 77e8 

  0x00000210ee20e3e0: ; ImmutableOopMap {rbp=Oop [32]=Oop [40]=NarrowOop [44]=NarrowOop [56]=NarrowOop [60]=NarrowOop [80]=Oop [88]=Oop [96]=Oop [112]=Oop [136]=Oop }
                      ;*invokeinterface isRegularFile {reexecute=0 rethrow=0 return_oop=0}
                      ; - java.io.IoOverNioFileSystem::getNioPath@69
                      ; - java.io.FileInputStream::<init>@104
                      ; - jdk.internal.loader.URLClassPath$FileLoader$1::getInputStream@8
                      ; - jdk.internal.loader.Resource::cachedInputStream@9
                      ; - jdk.internal.loader.Resource::getByteBuffer@1
                      ; - java.net.URLClassLoader::defineClass@132
                      ; - java.net.URLClassLoader$1::run@43
                      ; - java.net.URLClassLoader$1::run@1
  0x00000210ee20e3e0: 1c5f 66ff 

  0x00000210ee20e3e4: ;   {other}
  0x00000210ee20e3e4: 0f1f 8400 | 5483 00c8 | baf6 ffff | ff48 8b6c | 2420 4c8b | 9424 a800 | 0000 4c89 | 5424 2044 
  0x00000210ee20e404: 8b5c 2440 | 4489 5c24 | 2844 8b54 | 2444 4489 | 5424 2c4c | 8b54 2468 | 4c89 5424 | 504c 8954 
  0x00000210ee20e424: 2460 448b | 9424 9000 | 0000 4489 | 5424 5890 

  0x00000210ee20e434: ;   {runtime_call UncommonTrapBlob}
  0x00000210ee20e434: c5f8 77e8 

  0x00000210ee20e438: ; ImmutableOopMap {rbp=Oop [32]=Oop [40]=NarrowOop [44]=NarrowOop [56]=NarrowOop [80]=Oop [88]=NarrowOop [92]=NarrowOop [96]=Oop [112]=Oop [120]=Oop [136]=Oop [148]=NarrowOop }
                      ;*arraylength {reexecute=0 rethrow=0 return_oop=0}
                      ; - java.lang.ThreadLocal$ThreadLocalMap::set@6
                      ; - java.lang.ThreadLocal::set@13
                      ; - java.lang.ThreadLocal::set@5
                      ; - com.jetbrains.internal.IoOverNio$ParentForFileChannelImplHolder::set@7
                      ; - java.io.IoOverNioFileSystem::initializeStreamUsingNio@1
                      ; - java.io.FileInputStream::<init>@151
                      ; - jdk.internal.loader.URLClassPath$FileLoader$1::getInputStream@8
                      ; - jdk.internal.loader.Resource::cachedInputStream@9
                      ; - jdk.internal.loader.Resource::getByteBuffer@1
                      ; - java.net.URLClassLoader::defineClass@132
                      ; - java.net.URLClassLoader$1::run@43
                      ; - java.net.URLClassLoader$1::run@1
  0x00000210ee20e438: c45e 66ff 

  0x00000210ee20e43c: ;   {other}
  0x00000210ee20e43c: 0f1f 8400 | ac83 00c9 | baf6 ffff | ff48 8b6c | 2420 4c8b | 9424 a800 | 0000 4c89 | 5424 2044 
  0x00000210ee20e45c: 8b54 2440 | 4489 5424 | 2844 8b5c | 2444 4489 | 5c24 2c44 | 8b9c 2488 | 0000 0044 | 895c 2458 
  0x00000210ee20e47c: 448b 9424 | 9400 0000 | 4489 9424 | 8800 0000 

  0x00000210ee20e48c: ;   {runtime_call UncommonTrapBlob}
  0x00000210ee20e48c: c5f8 77e8 

  0x00000210ee20e490: ; ImmutableOopMap {rbp=Oop [32]=Oop [40]=NarrowOop [44]=NarrowOop [56]=NarrowOop [88]=NarrowOop [92]=NarrowOop [96]=Oop [104]=Oop [112]=Oop [120]=Oop [136]=NarrowOop }
                      ;*invokevirtual length {reexecute=0 rethrow=0 return_oop=0}
                      ; - sun.nio.fs.WindowsPath::getPathForWin32Calls@15
                      ; - sun.nio.fs.WindowsPath::getPathForWin32Calls@2
                      ; - sun.nio.fs.WindowsFileSystemProvider::newFileChannel@41
                      ; - java.io.IoOverNioFileSystem::initializeStreamsUsingNio0@14
                      ; - java.io.IoOverNioFileSystem::initializeStreamUsingNio@12
                      ; - java.io.FileInputStream::<init>@151
                      ; - jdk.internal.loader.URLClassPath$FileLoader$1::getInputStream@8
                      ; - jdk.internal.loader.Resource::cachedInputStream@9
                      ; - jdk.internal.loader.Resource::getByteBuffer@1
                      ; - java.net.URLClassLoader::defineClass@132
                      ; - java.net.URLClassLoader$1::run@43
                      ; - java.net.URLClassLoader$1::run@1
  0x00000210ee20e490: 6c5e 66ff 

  0x00000210ee20e494: ;   {other}
  0x00000210ee20e494: 0f1f 8400 | 0484 00ca | baf6 ffff | ff48 8b6c | 2420 4c8b | 9424 a800 | 0000 4c89 | 5424 2044 
  0x00000210ee20e4b4: 8b54 2440 | 4489 5424 | 2844 8b5c | 2444 4489 | 5c24 2c44 | 8b94 2488 | 0000 0044 | 8954 2458 
  0x00000210ee20e4d4: 448b 9c24 | 9400 0000 | 4489 9c24 | 8800 0000 

  0x00000210ee20e4e4: ;   {runtime_call UncommonTrapBlob}
  0x00000210ee20e4e4: c5f8 77e8 

  0x00000210ee20e4e8: ; ImmutableOopMap {rbp=Oop [32]=Oop [40]=NarrowOop [44]=NarrowOop [56]=NarrowOop [88]=NarrowOop [92]=NarrowOop [96]=Oop [104]=Oop [112]=Oop [120]=Oop [136]=NarrowOop }
                      ;*arraylength {reexecute=0 rethrow=0 return_oop=0}
                      ; - java.lang.String::length@4
                      ; - sun.nio.fs.WindowsPath::getPathForWin32Calls@15
                      ; - sun.nio.fs.WindowsPath::getPathForWin32Calls@2
                      ; - sun.nio.fs.WindowsFileSystemProvider::newFileChannel@41
                      ; - java.io.IoOverNioFileSystem::initializeStreamsUsingNio0@14
                      ; - java.io.IoOverNioFileSystem::initializeStreamUsingNio@12
                      ; - java.io.FileInputStream::<init>@151
                      ; - jdk.internal.loader.URLClassPath$FileLoader$1::getInputStream@8
                      ; - jdk.internal.loader.Resource::cachedInputStream@9
                      ; - jdk.internal.loader.Resource::getByteBuffer@1
                      ; - java.net.URLClassLoader::defineClass@132
                      ; - java.net.URLClassLoader$1::run@43
                      ; - java.net.URLClassLoader$1::run@1
  0x00000210ee20e4e8: 145e 66ff 

  0x00000210ee20e4ec: ;   {other}
  0x00000210ee20e4ec: 0f1f 8400 | 5c84 00cb | baf6 ffff | ff48 8b6c | 2420 4c8b | 9424 a800 | 0000 4c89 | 5424 2044 
  0x00000210ee20e50c: 8b5c 2440 | 4489 5c24 | 2844 8b54 | 2444 4489 | 5424 2c4c | 8b54 2468 | 4c89 5424 | 504c 8954 
  0x00000210ee20e52c: 2460 6690 

  0x00000210ee20e530: ;   {runtime_call UncommonTrapBlob}
  0x00000210ee20e530: c5f8 77e8 

  0x00000210ee20e534: ; ImmutableOopMap {rbp=Oop [32]=Oop [40]=NarrowOop [44]=NarrowOop [56]=NarrowOop [80]=Oop [92]=NarrowOop [96]=Oop [112]=Oop }
                      ;*arraylength {reexecute=0 rethrow=0 return_oop=0}
                      ; - java.lang.ThreadLocal$ThreadLocalMap::cleanSomeSlots@10
                      ; - java.lang.ThreadLocal$ThreadLocalMap::set@113
                      ; - java.lang.ThreadLocal::set@13
                      ; - java.lang.ThreadLocal::set@5
                      ; - com.jetbrains.internal.IoOverNio$RecursionGuard::create@62
                      ; - java.io.FileInputStream::<init>@92
                      ; - jdk.internal.loader.URLClassPath$FileLoader$1::getInputStream@8
                      ; - jdk.internal.loader.Resource::cachedInputStream@9
                      ; - jdk.internal.loader.Resource::getByteBuffer@1
                      ; - java.net.URLClassLoader::defineClass@132
                      ; - java.net.URLClassLoader$1::run@43
                      ; - java.net.URLClassLoader$1::run@1
  0x00000210ee20e534: c85d 66ff 

  0x00000210ee20e538: ;   {other}
  0x00000210ee20e538: 0f1f 8400 | a884 00cc | baf6 ffff | ff48 8b6c | 2420 4c8b | 9424 a800 | 0000 4c89 | 5424 2044 
  0x00000210ee20e558: 8b5c 2440 | 4489 5c24 | 2844 8b54 | 2444 4489 | 5424 2c4c | 8b54 2468 | 4c89 5424 | 504c 8954 
  0x00000210ee20e578: 2460 448b | 9c24 9000 | 0000 4489 | 5c24 5890 

  0x00000210ee20e588: ;   {runtime_call UncommonTrapBlob}
  0x00000210ee20e588: c5f8 77e8 

  0x00000210ee20e58c: ; ImmutableOopMap {rbp=Oop [32]=Oop [40]=NarrowOop [44]=NarrowOop [56]=NarrowOop [80]=Oop [88]=NarrowOop [92]=NarrowOop [96]=Oop [112]=Oop [120]=Oop [136]=Oop [148]=NarrowOop }
                      ;*arraylength {reexecute=0 rethrow=0 return_oop=0}
                      ; - java.lang.ThreadLocal$ThreadLocalMap::cleanSomeSlots@10
                      ; - java.lang.ThreadLocal$ThreadLocalMap::set@113
                      ; - java.lang.ThreadLocal::set@13
                      ; - java.lang.ThreadLocal::set@5
                      ; - com.jetbrains.internal.IoOverNio$ParentForFileChannelImplHolder::set@7
                      ; - java.io.IoOverNioFileSystem::initializeStreamUsingNio@1
                      ; - java.io.FileInputStream::<init>@151
                      ; - jdk.internal.loader.URLClassPath$FileLoader$1::getInputStream@8
                      ; - jdk.internal.loader.Resource::cachedInputStream@9
                      ; - jdk.internal.loader.Resource::getByteBuffer@1
                      ; - java.net.URLClassLoader::defineClass@132
                      ; - java.net.URLClassLoader$1::run@43
                      ; - java.net.URLClassLoader$1::run@1
  0x00000210ee20e58c: 705d 66ff 

  0x00000210ee20e590: ;   {other}
  0x00000210ee20e590: 0f1f 8400 | 0085 00cd | ba45 ffff | ff48 8b6c | 2420 4c8b | 9424 a800 | 0000 4c89 | 5424 2044 
  0x00000210ee20e5b0: 8b44 2440 | 4489 4424 | 2844 8b54 | 2444 4489 | 5424 2c44 | 8b44 245c | 4489 4424 | 3c44 899c 
  0x00000210ee20e5d0: 248c 0000 | 0066 6690 

  0x00000210ee20e5d8: ;   {runtime_call UncommonTrapBlob}
  0x00000210ee20e5d8: c5f8 77e8 

  0x00000210ee20e5dc: ; ImmutableOopMap {rbp=Oop [32]=Oop [40]=NarrowOop [44]=NarrowOop [56]=NarrowOop [60]=NarrowOop [96]=Oop [104]=Oop [112]=Oop [120]=Oop [140]=NarrowOop }
                      ;*ifnull {reexecute=1 rethrow=0 return_oop=0}
                      ; - (reexecute) java.lang.ThreadLocal::get@7
                      ; - java.lang.ThreadLocal::get@4
                      ; - com.jetbrains.internal.IoOverNio$RecursionGuard::create@46
                      ; - java.io.FileInputStream::<init>@92
                      ; - jdk.internal.loader.URLClassPath$FileLoader$1::getInputStream@8
                      ; - jdk.internal.loader.Resource::cachedInputStream@9
                      ; - jdk.internal.loader.Resource::getByteBuffer@1
                      ; - java.net.URLClassLoader::defineClass@132
                      ; - java.net.URLClassLoader$1::run@43
                      ; - java.net.URLClassLoader$1::run@1
  0x00000210ee20e5dc: 205d 66ff 

  0x00000210ee20e5e0: ;   {other}
  0x00000210ee20e5e0: 0f1f 8400 | 5085 00ce | ba45 ffff | ff48 8b6c | 2420 4c8b | 9424 a800 | 0000 4c89 | 5424 2044 
  0x00000210ee20e600: 8b5c 2440 | 4489 5c24 | 2844 8b54 | 2444 4489 | 5424 2c44 | 8b54 245c | 4489 5424 | 3c4c 8b54 
  0x00000210ee20e620: 2478 4c89 | 5424 5844 | 8b9c 2490 | 0000 0044 | 895c 247c | 4489 8c24 | 8c00 0000 

  0x00000210ee20e63c: ;   {runtime_call UncommonTrapBlob}
  0x00000210ee20e63c: c5f8 77e8 

  0x00000210ee20e640: ; ImmutableOopMap {rbp=Oop [32]=Oop [40]=NarrowOop [44]=NarrowOop [56]=NarrowOop [60]=NarrowOop [88]=Oop [96]=Oop [104]=Oop [112]=Oop [124]=NarrowOop [140]=NarrowOop [144]=NarrowOop }
                      ;*ifnull {reexecute=1 rethrow=0 return_oop=0}
                      ; - (reexecute) java.lang.ThreadLocal::get@7
                      ; - java.lang.ThreadLocal::get@4
                      ; - com.jetbrains.internal.IoOverNio::isAllowedInThisThread@9
                      ; - java.io.IoOverNioFileSystem::acquireNioFs@16
                      ; - java.io.IoOverNioFileSystem::getNioPath@6
                      ; - java.io.FileInputStream::<init>@104
                      ; - jdk.internal.loader.URLClassPath$FileLoader$1::getInputStream@8
                      ; - jdk.internal.loader.Resource::cachedInputStream@9
                      ; - jdk.internal.loader.Resource::getByteBuffer@1
                      ; - java.net.URLClassLoader::defineClass@132
                      ; - java.net.URLClassLoader$1::run@43
                      ; - java.net.URLClassLoader$1::run@1
  0x00000210ee20e640: bc5c 66ff 

  0x00000210ee20e644: ;   {other}
  0x00000210ee20e644: 0f1f 8400 | b485 00cf | ba45 ffff | ff48 8b6c | 2420 4c8b | 9424 a800 | 0000 4c89 | 5424 2044 
  0x00000210ee20e664: 8b44 2440 | 4489 4424 | 2844 8b54 | 2444 4489 | 5424 2c44 | 8b84 2490 | 0000 0044 | 8944 2458 
  0x00000210ee20e684: 448b 9424 | 9400 0000 | 4489 9424 | 9000 0000 | 4489 9c24 | a800 0000 

  0x00000210ee20e69c: ;   {runtime_call UncommonTrapBlob}
  0x00000210ee20e69c: c5f8 77e8 

  0x00000210ee20e6a0: ; ImmutableOopMap {rbp=Oop [32]=Oop [40]=NarrowOop [44]=NarrowOop [56]=NarrowOop [88]=NarrowOop [92]=NarrowOop [96]=Oop [104]=Oop [112]=Oop [120]=Oop [136]=Oop [144]=NarrowOop [168]=NarrowOop }
                      ;*ifnull {reexecute=1 rethrow=0 return_oop=0}
                      ; - (reexecute) java.lang.ThreadLocal::get@7
                      ; - java.lang.ThreadLocal::get@4
                      ; - com.jetbrains.internal.IoOverNio$RecursionGuard::ensureActive@3
                      ; - com.jetbrains.internal.IoOverNio$ParentForFileChannelImplHolder::set@0
                      ; - java.io.IoOverNioFileSystem::initializeStreamUsingNio@1
                      ; - java.io.FileInputStream::<init>@151
                      ; - jdk.internal.loader.URLClassPath$FileLoader$1::getInputStream@8
                      ; - jdk.internal.loader.Resource::cachedInputStream@9
                      ; - jdk.internal.loader.Resource::getByteBuffer@1
                      ; - java.net.URLClassLoader::defineClass@132
                      ; - java.net.URLClassLoader$1::run@43
                      ; - java.net.URLClassLoader$1::run@1
  0x00000210ee20e6a0: 5c5c 66ff 

  0x00000210ee20e6a4: ;   {other}
  0x00000210ee20e6a4: 0f1f 8400 | 1486 00d0 | 488b d8e9 | 1b07 0000 | 448b 4008 | 4d33 db4f | 8d1c c390 | e9a9 0300 
  0x00000210ee20e6c4: 0044 8b58 

  0x00000210ee20e6c8: ;   {metadata('java/nio/file/NoSuchFileException')}
  0x00000210ee20e6c8: 0841 81fb | 45c1 0120 | 0f84 72aa | ffff 4d33 | d24f 8d14 | da4d 8b52 

  0x00000210ee20e6e0: ;   {metadata('java/io/IOException')}
  0x00000210ee20e6e0: 4849 bb48 | e209 0001 | 0000 004d | 3bd3 0f85 | 2805 0000 | e9f3 0100 | 0044 8b40 | 084d 33db 
  0x00000210ee20e700: 4f8d 1cc3 | e965 0300 | 0048 8be8 | e926 0300 | 0044 8b58 | 084d 33d2 | 4f8d 14da | 4d8b 5248 
  0x00000210ee20e720: ;   {metadata('java/io/IOException')}
  0x00000210ee20e720: 49bb 48e2 | 0900 0100 | 0000 4d3b | d30f 8465 | 0400 00e9 | bd02 0000 | e925 0200 | 0066 6690 
  0x00000210ee20e740: e9b0 0200 | 00e9 a504 | 0000 e996 | 0200 0044 | 8b50 084d | 33db 4f8d | 1cd3 4d8b 

  0x00000210ee20e75c: ;   {metadata('java/io/IOException')}
  0x00000210ee20e75c: 5348 49bb | 48e2 0900 | 0100 0000 | 4d3b d30f | 8584 0200 | 0048 8984 | 24c8 0000 | 004c 8b94 
  0x00000210ee20e77c: 24f0 0000 | 00e9 b303 | 0000 448b | 5008 4d33 | db4f 8d1c | d34d 8b53 

  0x00000210ee20e794: ;   {metadata('java/io/IOException')}
  0x00000210ee20e794: 4849 bb48 | e209 0001 | 0000 0090 | 4d3b d30f | 854c 0200 | 0048 8984 | 24c8 0000 | 004c 8b94 
  0x00000210ee20e7b4: 24f0 0000 | 00e9 7b03 | 0000 4c8b | d0e9 2705 | 0000 488b | 9424 8800 | 0000 4c8b | c04c 8b54 
  0x00000210ee20e7d4: 2450 4c89 | 5424 4844 | 8b54 2440 | 4489 5424 | 3c4c 8b54 | 2448 4c89 | 5424 404c | 8b54 2468 
  0x00000210ee20e7f4: 4c89 5424 | 584c 8954 | 2460 4c8b | 5424 704c | 8954 2468 

  0x00000210ee20e808: ;   {optimized virtual_call}
  0x00000210ee20e808: c5f8 77e8 

  0x00000210ee20e80c: ; ImmutableOopMap {[32]=Oop [40]=Oop [56]=NarrowOop [60]=NarrowOop [64]=Oop [72]=Oop [88]=Oop [96]=Oop [104]=Oop [136]=Oop [168]=Oop }
                      ;*invokevirtual addSuppressed {reexecute=0 rethrow=0 return_oop=0}
                      ; - java.io.FileInputStream::<init>@285
                      ; - jdk.internal.loader.URLClassPath$FileLoader$1::getInputStream@8
                      ; - jdk.internal.loader.Resource::cachedInputStream@9
                      ; - jdk.internal.loader.Resource::getByteBuffer@1
                      ; - java.net.URLClassLoader::defineClass@132
                      ; - java.net.URLClassLoader$1::run@43
                      ; - java.net.URLClassLoader$1::run@1
  0x00000210ee20e80c: 7002 66ff 

  0x00000210ee20e810: ;   {other}
  0x00000210ee20e810: 0f1f 8400 | 8087 00d1 | e92b 0400 | 0066 6690 | e93d 0100 | 00e9 3801 | 0000 e933 | 0100 0044 
  0x00000210ee20e830: 8b50 084d | 33db 4f8d | 1cd3 e93b | 0100 0090 | e91d 0100 | 0044 8b50 | 084d 33db | 4f8d 1cd3 
  0x00000210ee20e850: e925 0100 | 0044 8b58 | 084d 33d2 | 4f8d 14da | e99f 0300 | 004c 8bd0 | e980 0400 | 00e9 7301 
  0x00000210ee20e870: 0000 4c8b | d0e9 7304 | 0000 e966 | 0100 004c | 8bd0 e966 | 0400 00e9 | 5901 0000 | e98b 0300 
  0x00000210ee20e890: 004c 8bd0 | e954 0400 | 004c 8bd0 | 0f1f 4000 | e983 0400 | 0048 8bd8 | e922 0500 | 0048 8bd8 
  0x00000210ee20e8b0: e91a 0500 | 0048 8bd8 | e912 0500 | 0044 8b58 

  0x00000210ee20e8c0: ;   {metadata('java/nio/file/NoSuchFileException')}
  0x00000210ee20e8c0: 0841 81fb | 45c1 0120 | 0f84 7aa8 | ffff 4d33 | d24f 8d14 | da4d 8b52 

  0x00000210ee20e8d8: ;   {metadata('java/io/IOException')}
  0x00000210ee20e8d8: 4849 bb48 | e209 0001 | 0000 004d | 3bd3 0f85 | 3003 0000 | ba45 ffff | ff48 8b6c | 2420 4c8b 
  0x00000210ee20e8f8: 9424 a800 | 0000 4c89 | 5424 2044 | 8b5c 2440 | 4489 5c24 | 2844 8b54 | 2444 4489 | 5424 2c4c 
  0x00000210ee20e918: 8b54 2468 | 4c89 5424 | 504c 8954 | 2460 448b | 5424 5c44 | 8954 243c 

  0x00000210ee20e930: ;   {runtime_call UncommonTrapBlob}
  0x00000210ee20e930: c5f8 77e8 

  0x00000210ee20e934: ; ImmutableOopMap {rbp=Oop [32]=Oop [40]=NarrowOop [44]=NarrowOop [56]=NarrowOop [60]=NarrowOop [80]=Oop [96]=Oop [112]=Oop [120]=Oop }
                      ;*ifnull {reexecute=1 rethrow=0 return_oop=0}
                      ; - (reexecute) java.io.FileInputStream::<init>@112
                      ; - jdk.internal.loader.URLClassPath$FileLoader$1::getInputStream@8
                      ; - jdk.internal.loader.Resource::cachedInputStream@9
                      ; - jdk.internal.loader.Resource::getByteBuffer@1
                      ; - java.net.URLClassLoader::defineClass@132
                      ; - java.net.URLClassLoader$1::run@43
                      ; - java.net.URLClassLoader$1::run@1
  0x00000210ee20e934: c859 66ff 

  0x00000210ee20e938: ;   {other}
  0x00000210ee20e938: 0f1f 8400 | a888 00d2 | 488b d844 | 8b50 084d | 33c0 4f8d | 04d0 4c8b | 5424 604c | 8954 2428 
  0x00000210ee20e958: e905 0600 | 00eb 0390 | eb00 448b | 5008 4d33 | db4f 8d1c | d3eb 0b44 | 8b50 084d | 33db 4f8d 
  0x00000210ee20e978: 1cd3 4d8b 

  0x00000210ee20e97c: ;   {metadata('sun/nio/fs/WindowsException')}
  0x00000210ee20e97c: 5348 49bb | b804 0e00 | 0100 0000 | 4d3b d30f | 85a3 0000 | 0048 8bd0 | 4c8b 4424 | 604c 8b94 
  0x00000210ee20e99c: 24a8 0000 | 004c 8954 | 2460 6690 

  0x00000210ee20e9a8: ;   {optimized virtual_call}
  0x00000210ee20e9a8: c5f8 77e8 

  0x00000210ee20e9ac: ; ImmutableOopMap {[32]=Oop [40]=Oop [56]=NarrowOop [64]=NarrowOop [68]=NarrowOop [72]=Oop [80]=Oop [92]=NarrowOop [96]=Oop [104]=Oop [112]=Oop [120]=Oop [128]=Oop [136]=NarrowOop [148]=NarrowOop [152]=Oop [168]=Oop }
                      ;*invokevirtual rethrowAsIOException {reexecute=0 rethrow=0 return_oop=0}
                      ; - sun.nio.fs.WindowsFileSystemProvider::newFileChannel@79
                      ; - java.io.IoOverNioFileSystem::initializeStreamsUsingNio0@14
                      ; - java.io.IoOverNioFileSystem::initializeStreamUsingNio@12
                      ; - java.io.FileInputStream::<init>@151
                      ; - jdk.internal.loader.URLClassPath$FileLoader$1::getInputStream@8
                      ; - jdk.internal.loader.Resource::cachedInputStream@9
                      ; - jdk.internal.loader.Resource::getByteBuffer@1
                      ; - java.net.URLClassLoader::defineClass@132
                      ; - java.net.URLClassLoader$1::run@43
                      ; - java.net.URLClassLoader$1::run@1
  0x00000210ee20e9ac: d000 66ff 

  0x00000210ee20e9b0: ;   {other}
  0x00000210ee20e9b0: 0f1f 8400 | 2089 00d3 

  0x00000210ee20e9b8: ;   {oop(a 'sun/nio/fs/WindowsSecurityDescriptor'{0x0000000080c7c2b8})}
  0x00000210ee20e9b8: 48ba b8c2 | c780 0000 | 0000 6690 

  0x00000210ee20e9c4: ;   {optimized virtual_call}
  0x00000210ee20e9c4: c5f8 77e8 

  0x00000210ee20e9c8: ; ImmutableOopMap {[32]=Oop [40]=Oop [56]=NarrowOop [64]=NarrowOop [68]=NarrowOop [72]=Oop [80]=Oop [92]=NarrowOop [96]=Oop [104]=Oop [112]=Oop [120]=Oop [128]=Oop [136]=NarrowOop [148]=NarrowOop [152]=Oop [168]=Oop }
                      ;*invokevirtual release {reexecute=0 rethrow=0 return_oop=0}
                      ; - sun.nio.fs.WindowsFileSystemProvider::newFileChannel@92
                      ; - java.io.IoOverNioFileSystem::initializeStreamsUsingNio0@14
                      ; - java.io.IoOverNioFileSystem::initializeStreamUsingNio@12
                      ; - java.io.FileInputStream::<init>@151
                      ; - jdk.internal.loader.URLClassPath$FileLoader$1::getInputStream@8
                      ; - jdk.internal.loader.Resource::cachedInputStream@9
                      ; - jdk.internal.loader.Resource::getByteBuffer@1
                      ; - java.net.URLClassLoader::defineClass@132
                      ; - java.net.URLClassLoader$1::run@43
                      ; - java.net.URLClassLoader$1::run@1
  0x00000210ee20e9c8: b400 66ff 

  0x00000210ee20e9cc: ;   {other}
  0x00000210ee20e9cc: 0f1f 8400 | 3c89 00d4 | 4533 d24c | 8994 24f0 | 0000 0090 | e95b b8ff | ff48 8be8 | e9df 0100 
  0x00000210ee20e9ec: 004c 8bd0 | e9f8 0200 | 0048 8be8 | e9cf 0100 | 0048 8bd8 | e9ca 0300 | 0048 8984 | 2488 0000 
  0x00000210ee20ea0c: 00e9 1202 | 0000 e9d8 | 0100 0048 | 8bd8 e9b0 | 0300 004c | 8bd0 e9b0 | 0200 0044 | 8b50 084d 
  0x00000210ee20ea2c: 33db 4f8d | 1cd3 eb3a 

  0x00000210ee20ea34: ;   {oop(a 'sun/nio/fs/WindowsSecurityDescriptor'{0x0000000080c7c2b8})}
  0x00000210ee20ea34: 488b e848 | bab8 c2c7 | 8000 0000 | 004c 8b94 | 24a8 0000 | 004c 8954 | 2450 6690 

  0x00000210ee20ea50: ;   {optimized virtual_call}
  0x00000210ee20ea50: c5f8 77e8 

  0x00000210ee20ea54: ; ImmutableOopMap {rbp=Oop [32]=Oop [40]=Oop [56]=NarrowOop [64]=NarrowOop [68]=NarrowOop [80]=Oop [92]=NarrowOop [104]=Oop [112]=Oop [120]=Oop [128]=Oop [136]=NarrowOop [148]=NarrowOop [152]=Oop [168]=Oop }
                      ;*invokevirtual release {reexecute=0 rethrow=0 return_oop=0}
                      ; - sun.nio.fs.WindowsFileSystemProvider::newFileChannel@107
                      ; - java.io.IoOverNioFileSystem::initializeStreamsUsingNio0@14
                      ; - java.io.IoOverNioFileSystem::initializeStreamUsingNio@12
                      ; - java.io.FileInputStream::<init>@151
                      ; - jdk.internal.loader.URLClassPath$FileLoader$1::getInputStream@8
                      ; - jdk.internal.loader.Resource::cachedInputStream@9
                      ; - jdk.internal.loader.Resource::getByteBuffer@1
                      ; - java.net.URLClassLoader::defineClass@132
                      ; - java.net.URLClassLoader$1::run@43
                      ; - java.net.URLClassLoader$1::run@1
  0x00000210ee20ea54: 2800 66ff 

  0x00000210ee20ea58: ;   {other}
  0x00000210ee20ea58: 0f1f 8400 | c889 00d5 | 448b 4508 | 4d33 db4f | 8d1c c348 | 8bc5 4d8b 

  0x00000210ee20ea70: ;   {metadata('java/io/IOException')}
  0x00000210ee20ea70: 5348 49bb | 48e2 0900 | 0100 0000 | 0f1f 4000 | 4d3b d30f | 856c ffff | ff48 8984 | 24c8 0000 
  0x00000210ee20ea90: 0045 33d2 | e9a0 0000 | 0044 8b58 | 084d 33d2 | 4f8d 14da | 4d8b 5248 

  0x00000210ee20eaa8: ;   {metadata('java/io/IOException')}
  0x00000210ee20eaa8: 49bb 48e2 | 0900 0100 | 0000 4d3b | d30f 853a | ffff ff48 | 8984 24c8 | 0000 004c | 8b94 24f0 
  0x00000210ee20eac8: 0000 00e9 | 6900 0000 | 448b 5808 | 4d33 d24f | 8d14 da4d 

  0x00000210ee20eadc: ;   {metadata('java/io/IOException')}
  0x00000210ee20eadc: 8b52 4849 | bb48 e209 | 0001 0000 | 004d 3bd3 | 0f85 03ff | ffff 4889 | 8424 c800 | 0000 4c8b 
  0x00000210ee20eafc: 9424 f000 | 0000 eb35 | 448b 5008 | 4d33 db4f | 8d1c d34d 

  0x00000210ee20eb10: ;   {metadata('java/io/IOException')}
  0x00000210ee20eb10: 8b53 4849 | bb48 e209 | 0001 0000 | 0066 6690 | 4d3b d30f | 85cc feff | ff48 8984 | 24c8 0000 
  0x00000210ee20eb30: 004c 8b94 | 24f0 0000 | 004c 8954 

  0x00000210ee20eb3c: ;   {oop(a 'com/jetbrains/internal/IoOverNio$Debug'{0x0000000080c85238})}
  0x00000210ee20eb3c: 2448 48ba | 3852 c880 | 0000 0000 | 4c8b 9424 | a800 0000 | 4c89 5424 | 6066 6690 

  0x00000210ee20eb58: ;   {optimized virtual_call}
  0x00000210ee20eb58: c5f8 77e8 

  0x00000210ee20eb5c: ; ImmutableOopMap {[32]=Oop [40]=Oop [56]=NarrowOop [64]=NarrowOop [68]=NarrowOop [72]=Oop [92]=NarrowOop [96]=Oop [104]=Oop [112]=Oop [120]=Oop [128]=Oop [136]=NarrowOop [152]=Oop [168]=Oop [200]=Oop }
                      ;*invokevirtual writeErrors {reexecute=0 rethrow=0 return_oop=0}
                      ; - java.io.IoOverNioFileSystem::initializeStreamsUsingNio0@54
                      ; - java.io.IoOverNioFileSystem::initializeStreamUsingNio@12
                      ; - java.io.FileInputStream::<init>@151
                      ; - jdk.internal.loader.URLClassPath$FileLoader$1::getInputStream@8
                      ; - jdk.internal.loader.Resource::cachedInputStream@9
                      ; - jdk.internal.loader.Resource::getByteBuffer@1
                      ; - java.net.URLClassLoader::defineClass@132
                      ; - java.net.URLClassLoader$1::run@43
                      ; - java.net.URLClassLoader$1::run@1
  0x00000210ee20eb5c: 20ff 65ff 

  0x00000210ee20eb60: ;   {other}
  0x00000210ee20eb60: 0f1f 8400 | d08a 00d6 | 85c0 0f85 | 5005 0000 | 4c8b 5424 | 484d 85d2 | 741e 498b | d24c 8b54 
  0x00000210ee20eb80: 2460 4c89 | 5424 4890 

  0x00000210ee20eb88: ;   {optimized virtual_call}
  0x00000210ee20eb88: c5f8 77e8 

  0x00000210ee20eb8c: ; ImmutableOopMap {[32]=Oop [40]=Oop [56]=NarrowOop [64]=NarrowOop [68]=NarrowOop [72]=Oop [92]=NarrowOop [104]=Oop [112]=Oop [120]=Oop [128]=Oop [168]=Oop [200]=Oop }
                      ;*invokevirtual close {reexecute=0 rethrow=0 return_oop=0}
                      ; - java.io.IoOverNioFileSystem::initializeStreamsUsingNio0@112
                      ; - java.io.IoOverNioFileSystem::initializeStreamUsingNio@12
                      ; - java.io.FileInputStream::<init>@151
                      ; - jdk.internal.loader.URLClassPath$FileLoader$1::getInputStream@8
                      ; - jdk.internal.loader.Resource::cachedInputStream@9
                      ; - jdk.internal.loader.Resource::getByteBuffer@1
                      ; - java.net.URLClassLoader::defineClass@132
                      ; - java.net.URLClassLoader$1::run@43
                      ; - java.net.URLClassLoader$1::run@1
  0x00000210ee20eb8c: f0fe 65ff 

  0x00000210ee20eb90: ;   {other}
  0x00000210ee20eb90: 0f1f 8400 | 008b 00d7 | 488b 9424 | c800 0000 | 4c8b 9424 | a800 0000 | 4c89 5424 | 5066 6690 
  0x00000210ee20ebb0: ;   {static_call}
  0x00000210ee20ebb0: c5f8 77e8 

  0x00000210ee20ebb4: ; ImmutableOopMap {[32]=Oop [40]=Oop [56]=NarrowOop [64]=NarrowOop [68]=NarrowOop [80]=Oop [92]=NarrowOop [104]=Oop [112]=Oop [120]=Oop [128]=Oop [168]=Oop }
                      ;*invokestatic convertNioToIoExceptionInStreams {reexecute=0 rethrow=0 return_oop=1}
                      ; - java.io.IoOverNioFileSystem::initializeStreamsUsingNio0@122
                      ; - java.io.IoOverNioFileSystem::initializeStreamUsingNio@12
                      ; - java.io.FileInputStream::<init>@151
                      ; - jdk.internal.loader.URLClassPath$FileLoader$1::getInputStream@8
                      ; - jdk.internal.loader.Resource::cachedInputStream@9
                      ; - jdk.internal.loader.Resource::getByteBuffer@1
                      ; - java.net.URLClassLoader::defineClass@132
                      ; - java.net.URLClassLoader$1::run@43
                      ; - java.net.URLClassLoader$1::run@1
  0x00000210ee20ebb4: c804 66ff 

  0x00000210ee20ebb8: ;   {other}
  0x00000210ee20ebb8: 0f1f 8400 | 288b 00d8 | 4885 c00f | 84a3 0400 | 0048 8be8 | 4c8b 9424 | a800 0000 | 4c89 5424 
  0x00000210ee20ebd8: 5066 6690 

  0x00000210ee20ebdc: ;   {static_call}
  0x00000210ee20ebdc: c5f8 77e8 

  0x00000210ee20ebe0: ; ImmutableOopMap {rbp=Oop [32]=Oop [40]=Oop [56]=NarrowOop [64]=NarrowOop [80]=Oop [104]=Oop [112]=Oop [120]=Oop [128]=Oop [168]=Oop }
                      ;*invokestatic remove {reexecute=0 rethrow=0 return_oop=0}
                      ; - java.io.IoOverNioFileSystem::initializeStreamUsingNio@25
                      ; - java.io.FileInputStream::<init>@151
                      ; - jdk.internal.loader.URLClassPath$FileLoader$1::getInputStream@8
                      ; - jdk.internal.loader.Resource::cachedInputStream@9
                      ; - jdk.internal.loader.Resource::getByteBuffer@1
                      ; - java.net.URLClassLoader::defineClass@132
                      ; - java.net.URLClassLoader$1::run@43
                      ; - java.net.URLClassLoader$1::run@1
  0x00000210ee20ebe0: 9c04 66ff 

  0x00000210ee20ebe4: ;   {other}
  0x00000210ee20ebe4: 0f1f 8400 | 548b 00d9 | 488b c548 | 8984 2488 | 0000 00eb | 2b44 8b40 | 084d 33d2 | 4f8d 14c2 
  0x00000210ee20ec04: 4d8b 5258 

  0x00000210ee20ec08: ;   {metadata('java/nio/file/InvalidPathException')}
  0x00000210ee20ec08: 49bb 080f | 0e00 0100 | 0000 4d3b | d375 05e9 | d0fc ffff | 4889 8424 | 8800 0000 | 488b 5424 
  0x00000210ee20ec28: 784c 8b94 | 24a8 0000 | 004c 8954 | 2450 6690 

  0x00000210ee20ec38: ;   {optimized virtual_call}
  0x00000210ee20ec38: c5f8 77e8 

  0x00000210ee20ec3c: ; ImmutableOopMap {[32]=Oop [40]=Oop [56]=NarrowOop [64]=NarrowOop [80]=Oop [104]=Oop [112]=Oop [136]=Oop [168]=Oop }
                      ;*invokevirtual close {reexecute=0 rethrow=0 return_oop=0}
                      ; - java.io.FileInputStream::<init>@273
                      ; - jdk.internal.loader.URLClassPath$FileLoader$1::getInputStream@8
                      ; - jdk.internal.loader.Resource::cachedInputStream@9
                      ; - jdk.internal.loader.Resource::getByteBuffer@1
                      ; - java.net.URLClassLoader::defineClass@132
                      ; - java.net.URLClassLoader$1::run@43
                      ; - java.net.URLClassLoader$1::run@1
  0x00000210ee20ec3c: 40fe 65ff 

  0x00000210ee20ec40: ;   {other}
  0x00000210ee20ec40: 0f1f 8400 | b08b 00da | 488b 9c24 | 8800 0000 | e97a 0100 | 004c 8bd0 | e985 0000 | 004c 8bd0 
  0x00000210ee20ec60: e988 0000 | 0048 8bd8 | e98b 0300 | 0048 8bd8 | e983 0300 | 0048 8bd8 | e97b 0300 | 0048 8bd8 
  0x00000210ee20ec80: 448b 5008 | 4d33 c04f | 8d04 d04c | 8b54 2450 | 4c89 5424 | 28e9 c802 | 0000 4c8b | d0eb 034c 
  0x00000210ee20eca0: 8bd0 498b | da45 8b52 | 084d 33c0 | 4f8d 04d0 | 4c8b 5424 | 384c 8954 | 2428 e9a3 | 0200 004c 
  0x00000210ee20ecc0: 8bd0 eb03 | 4c8b d049 | 8bda e929 | 0300 004c | 8bd0 eb03 | 4c8b d049 | 8bda e919 | 0300 004c 
  0x00000210ee20ece0: 8bd0 498b | dae9 e500 | 0000 4c8b | d049 8bda | e9da 0000 | 004c 8b54 | 2468 4c89 | 5424 2890 
  0x00000210ee20ed00: e95d 0200 | 0048 8bd8 | 448b 5808 

  0x00000210ee20ed0c: ;   {metadata('java/nio/file/InvalidPathException')}
  0x00000210ee20ed0c: 4181 fbe1 | c101 200f | 85b6 0000 | 00bd 0100 | 0000 6690 | e9ad 9dff | ff4c 8bd0 | 498b dae9 
  0x00000210ee20ed2c: 9f00 0000 | 4c8b d0e9 | ea01 0000 | 488b d844 | 8b50 084d | 33c0 4f8d | 04d0 4d8b | 5050 4c3b 
  0x00000210ee20ed4c: d575 a645 | 33c9 eb1c | 488b d844 | 8b58 084d | 33c0 4f8d | 04d8 4d8b | 5050 4c3b | d575 524c 
  0x00000210ee20ed6c: 8b4c 2460 | 488b 5424 | 504c 8b44 | 2458 488b | 7c24 384c | 8b94 24a8 | 0000 004c | 8954 2460 
  0x00000210ee20ed8c: ;   {optimized virtual_call}
  0x00000210ee20ed8c: c5f8 77e8 

  0x00000210ee20ed90: ; ImmutableOopMap {[32]=Oop [40]=Oop [56]=Oop [64]=NarrowOop [68]=NarrowOop [72]=NarrowOop [80]=Oop [88]=Oop [96]=Oop [160]=Oop [168]=Oop }
                      ;*invokevirtual getAndVerifyPackage {reexecute=0 rethrow=0 return_oop=1}
                      ; - java.net.URLClassLoader::defineClass@97
                      ; - java.net.URLClassLoader$1::run@43
                      ; - java.net.URLClassLoader$1::run@1
  0x00000210ee20ed90: ecfc 65ff 

  0x00000210ee20ed94: ;   {other}
  0x00000210ee20ed94: 0f1f 8400 | 048d 00db | 0f1f 4000 | 4885 c00f | 84a6 0200 | 0044 8b54 | 2448 4c8b | 6c24 384c 
  0x00000210ee20edb4: 8b74 2450 | e922 88ff | ff4c 8b54 | 2468 4c89 | 5424 28e9 | 9601 0000 | 488b d84c | 8b9c 24a8 
  0x00000210ee20edd4: 0000 004c | 895c 2428 | 488d 8424 | 2001 0000 | 4883 3800 | 0f84 7900 | 0000 4d8b | 1341 f6c2 
  0x00000210ee20edf4: 020f 8462 | 0000 0049 | 83ba 8600 | 0000 0074 | 0949 ff8a | 8600 0000 | eb4b 498b | 8296 0000 
  0x00000210ee20ee14: 0049 0b82 | 8e00 0000 | 750a 49c7 | 423e 0000 | 0000 eb3d | 4983 ba9e | 0000 0000 | 7422 4833 
  0x00000210ee20ee34: c049 c742 | 3e00 0000 | 00f0 8304 | 2400 4983 | ba9e 0000 | 0000 750d | f04d 0fb1 | 7a3e 7505 
  0x00000210ee20ee54: 83c8 01eb | 0ca8 00eb | 084c 8b10 | f04d 0fb1 | 1375 0a49 | ff8f 5005 | 0000 4533 | d20f 85ad 
  0x00000210ee20ee74: 0100 0044 | 8b5b 084d | 33c0 4f8d | 04d8 e9db | 0000 0048 | 8bd8 448b | 5008 4d33 

  0x00000210ee20ee90: ;   {no_reloc}
  0x00000210ee20ee90: c04f 8d04 | d04c 8b54 | 2450 4c89 | 5424 2890 | e9bd 0000 | 0048 8bd8 | 448b 5808 | 4d33 c04f 
  0x00000210ee20eeb0: 8d04 d84c | 8b94 24a8 | 0000 004c | 8954 2428 | e99d 0000 | 0048 8bd8 | 448b 5008 | 4d33 c04f 
  0x00000210ee20eed0: 8d04 d04c | 8b54 2450 | 4c89 5424 | 2866 6690 | e97d 0000 | 0048 8bd8 | 448b 5008 | 4d33 c04f 
  0x00000210ee20eef0: 8d04 d04c | 8b54 2450 | 4c89 5424 | 2866 6690 | e95d 0000 | 0048 8bd8 | 448b 5008 | 4d33 c04f 
  0x00000210ee20ef10: 8d04 d04c | 8b54 2450 | 4c89 5424 | 28eb 434c | 8bd0 498b | da45 8b52 | 084d 33c0 | 4f8d 04d0 
  0x00000210ee20ef30: 4c8b 9424 | a800 0000 | 4c89 5424 | 28eb 234c | 8bd0 eb03 | 4c8b d049 | 8bda 458b | 5208 4d33 
  0x00000210ee20ef50: c04f 8d04 | d04c 8b94 | 24a8 0000 | 004c 8954 | 2428 4d8b 

  0x00000210ee20ef64: ;   {metadata('java/io/IOException')}
  0x00000210ee20ef64: 5048 49bb | 48e2 0900 | 0100 0000 | 4d3b d30f | 8492 0000 | 004d 8b50 

  0x00000210ee20ef7c: ;   {metadata('java/lang/ClassFormatError')}
  0x00000210ee20ef7c: 5049 bb08 | 0b27 0001 | 0000 004d | 3bd3 0f85 | 6800 0000 | 488b eb48 | 8b54 2428 | 6690 c5f8 
  0x00000210ee20ef9c: 7748 b8ff | ffff ffff 

  0x00000210ee20efa4: ;   {virtual_call}
  0x00000210ee20efa4: ffff ffe8 

  0x00000210ee20efa8: ; ImmutableOopMap {rbp=Oop [40]=Oop }
                      ;*invokevirtual getDataError {reexecute=0 rethrow=0 return_oop=1}
                      ; - java.net.URLClassLoader$1::run@63
                      ; - java.net.URLClassLoader$1::run@1
  0x00000210ee20efa8: d4fd 65ff 

  0x00000210ee20efac: ;   {other}
  0x00000210ee20efac: 0f1f 8400 | 1c8f 00dc | 4885 c074 | 3748 8b54 | 2428 c5f8 | 7748 b8ff | ffff ffff 

  0x00000210ee20efc8: ;   {virtual_call}
  0x00000210ee20efc8: ffff ffe8 

  0x00000210ee20efcc: ; ImmutableOopMap {rbp=Oop }
                      ;*invokevirtual getDataError {reexecute=0 rethrow=0 return_oop=1}
                      ; - java.net.URLClassLoader$1::run@71
                      ; - java.net.URLClassLoader$1::run@1
  0x00000210ee20efcc: b0fd 65ff 

  0x00000210ee20efd0: ;   {other}
  0x00000210ee20efd0: 0f1f 8400 | 408f 00dd | 488b d54c | 8bc0 6690 

  0x00000210ee20efe0: ;   {optimized virtual_call}
  0x00000210ee20efe0: c5f8 77e8 

  0x00000210ee20efe4: ; ImmutableOopMap {rbp=Oop }
                      ;*invokevirtual addSuppressed {reexecute=0 rethrow=0 return_oop=0}
                      ; - java.net.URLClassLoader$1::run@74
                      ; - java.net.URLClassLoader$1::run@1
  0x00000210ee20efe4: 98fa 65ff 

  0x00000210ee20efe8: ;   {other}
  0x00000210ee20efe8: 0f1f 8400 | 588f 00de | 488b d5eb | 0648 8bd8 | 488b d3c5 | f877 4881 | c430 0100 

  0x00000210ee20f004: ;   {runtime_call _rethrow_Java}
  0x00000210ee20f004: 005d e975 | 0a72 ff48 | 8beb ba2f | 0000 0090 

  0x00000210ee20f014: ;   {runtime_call UncommonTrapBlob}
  0x00000210ee20f014: c5f8 77e8 

  0x00000210ee20f018: ; ImmutableOopMap {rbp=Oop [32]=Oop }
                      ;*new {reexecute=0 rethrow=0 return_oop=0}
                      ; - java.net.URLClassLoader$1::run@48
                      ; - java.net.URLClassLoader$1::run@1
  0x00000210ee20f018: e452 66ff 

  0x00000210ee20f01c: ;   {other}
  0x00000210ee20f01c: 0f1f 8400 | 8c8f 00df | 498b cb48 | 8d94 2420 | 0100 004d | 8bc7 c5f8 | 7749 bab0 | d76d 7dff 
  0x00000210ee20f03c: 7f00 0041 

  0x00000210ee20f040: ;   {other}
  0x00000210ee20f040: ffd2 0f1f | 8400 0000 | 0000 e928 | feff ffba | fd00 0000 | 488b 6c24 | 2066 6690 

  0x00000210ee20f05c: ;   {runtime_call UncommonTrapBlob}
  0x00000210ee20f05c: c5f8 77e8 

  0x00000210ee20f060: ; ImmutableOopMap {rbp=Oop [88]=Oop [96]=Oop }
                      ;*new {reexecute=0 rethrow=0 return_oop=0}
                      ; - java.net.URLClassLoader::defineClass@103
                      ; - java.net.URLClassLoader$1::run@43
                      ; - java.net.URLClassLoader$1::run@1
  0x00000210ee20f060: 9c52 66ff 

  0x00000210ee20f064: ;   {other}
  0x00000210ee20f064: 0f1f 8400 | d48f 00e0 | baf6 ffff | ff48 8b6c | 2420 4c8b | 5424 504c | 8954 2420 | 448b 5424 
  0x00000210ee20f084: 4044 8954 | 2428 448b | 5c24 4444 | 895c 242c | 4c8b 5424 | 684c 8954 | 2450 4c89 | 5424 6044 
  0x00000210ee20f0a4: 8b54 245c | 4489 5424 | 3c66 6690 

  0x00000210ee20f0b0: ;   {runtime_call UncommonTrapBlob}
  0x00000210ee20f0b0: c5f8 77e8 

  0x00000210ee20f0b4: ; ImmutableOopMap {rbp=Oop [32]=Oop [40]=NarrowOop [44]=NarrowOop [56]=NarrowOop [60]=NarrowOop [80]=Oop [96]=Oop [112]=Oop [120]=Oop }
                      ;*athrow {reexecute=1 rethrow=0 return_oop=0}
                      ; - (reexecute) java.io.IoOverNioFileSystem::initializeStreamsUsingNio0@125
                      ; - java.io.IoOverNioFileSystem::initializeStreamUsingNio@12
                      ; - java.io.FileInputStream::<init>@151
                      ; - jdk.internal.loader.URLClassPath$FileLoader$1::getInputStream@8
                      ; - jdk.internal.loader.Resource::cachedInputStream@9
                      ; - jdk.internal.loader.Resource::getByteBuffer@1
                      ; - java.net.URLClassLoader::defineClass@132
                      ; - java.net.URLClassLoader$1::run@43
                      ; - java.net.URLClassLoader$1::run@1
  0x00000210ee20f0b4: 4852 66ff 

  0x00000210ee20f0b8: ;   {other}
  0x00000210ee20f0b8: 0f1f 8400 | 2890 00e1 | babe 0000 | 0048 8b6c | 2420 4c8b | 5424 604c | 8954 2420 | 448b 5424 
  0x00000210ee20f0d8: 4044 8954 | 2428 448b | 5c24 4444 | 895c 242c | 448b 9c24 | 8800 0000 | 4489 5c24 | 5866 6690 
  0x00000210ee20f0f8: ;   {runtime_call UncommonTrapBlob}
  0x00000210ee20f0f8: c5f8 77e8 

  0x00000210ee20f0fc: ; ImmutableOopMap {rbp=Oop [32]=Oop [40]=NarrowOop [44]=NarrowOop [56]=NarrowOop [72]=Oop [88]=NarrowOop [92]=NarrowOop [104]=Oop [112]=Oop [120]=Oop [200]=Oop }
                      ;*new {reexecute=0 rethrow=0 return_oop=0}
                      ; - java.io.IoOverNioFileSystem::initializeStreamsUsingNio0@60
                      ; - java.io.IoOverNioFileSystem::initializeStreamUsingNio@12
                      ; - java.io.FileInputStream::<init>@151
                      ; - jdk.internal.loader.URLClassPath$FileLoader$1::getInputStream@8
                      ; - jdk.internal.loader.Resource::cachedInputStream@9
                      ; - jdk.internal.loader.Resource::getByteBuffer@1
                      ; - java.net.URLClassLoader::defineClass@132
                      ; - java.net.URLClassLoader$1::run@43
                      ; - java.net.URLClassLoader$1::run@1
  0x00000210ee20f0fc: 0052 66ff 

  0x00000210ee20f100: ;   {other}
  0x00000210ee20f100: 0f1f 8400 | 7090 00e2 

  0x00000210ee20f108: ;   {internal_word}
  0x00000210ee20f108: 49ba 8379 | 20ee 1002 | 0000 4d89 | 9768 0400 

  0x00000210ee20f118: ;   {runtime_call SafepointBlob}
  0x00000210ee20f118: 00e9 e262 

  0x00000210ee20f11c: ;   {runtime_call StubRoutines (final stubs)}
  0x00000210ee20f11c: 66ff e8dd | c564 ffe9 | 1679 ffff 
[Stub Code]
  0x00000210ee20f128: ;   {no_reloc}
  0x00000210ee20f128: 48bb 0000 | 0000 0000 

  0x00000210ee20f130: ;   {runtime_call nmethod}
  0x00000210ee20f130: 0000 e9fb 

  0x00000210ee20f134: ;   {static_stub}
  0x00000210ee20f134: ffff ff48 | bbc8 8a50 | fb10 0200 

  0x00000210ee20f140: ;   {runtime_call I2C/C2I adapters}
  0x00000210ee20f140: 00e9 1443 

  0x00000210ee20f144: ;   {static_stub}
  0x00000210ee20f144: 66ff 48bb | 90c4 54fb | 1002 0000 

  0x00000210ee20f150: ;   {runtime_call I2C/C2I adapters}
  0x00000210ee20f150: e909 4e66 

  0x00000210ee20f154: ;   {static_stub}
  0x00000210ee20f154: ff48 bb00 | 0000 0000 

  0x00000210ee20f15c: ;   {runtime_call nmethod}
  0x00000210ee20f15c: 0000 00e9 | fbff ffff 

  0x00000210ee20f164: ;   {static_stub}
  0x00000210ee20f164: 48bb 288c | 50fb 1002 

  0x00000210ee20f16c: ;   {runtime_call I2C/C2I adapters}
  0x00000210ee20f16c: 0000 e9e7 

  0x00000210ee20f170: ;   {static_stub}
  0x00000210ee20f170: 4266 ff48 | bb00 0000 | 0000 0000 

  0x00000210ee20f17c: ;   {runtime_call nmethod}
  0x00000210ee20f17c: 00e9 fbff 

  0x00000210ee20f180: ;   {static_stub}
  0x00000210ee20f180: ffff 48bb | 0000 0000 | 0000 0000 

  0x00000210ee20f18c: ;   {runtime_call nmethod}
  0x00000210ee20f18c: e9fb ffff 

  0x00000210ee20f190: ;   {static_stub}
  0x00000210ee20f190: ff48 bb00 | 0000 0000 

  0x00000210ee20f198: ;   {runtime_call nmethod}
  0x00000210ee20f198: 0000 00e9 | fbff ffff 

  0x00000210ee20f1a0: ;   {static_stub}
  0x00000210ee20f1a0: 48bb 0000 | 0000 0000 

  0x00000210ee20f1a8: ;   {runtime_call nmethod}
  0x00000210ee20f1a8: 0000 e9fb 

  0x00000210ee20f1ac: ;   {static_stub}
  0x00000210ee20f1ac: ffff ff48 | bb00 0000 | 0000 0000 

  0x00000210ee20f1b8: ;   {runtime_call nmethod}
  0x00000210ee20f1b8: 00e9 fbff 

  0x00000210ee20f1bc: ;   {static_stub}
  0x00000210ee20f1bc: ffff 48bb | 0000 0000 | 0000 0000 

  0x00000210ee20f1c8: ;   {runtime_call nmethod}
  0x00000210ee20f1c8: e9fb ffff 

  0x00000210ee20f1cc: ;   {static_stub}
  0x00000210ee20f1cc: ff48 bb00 | 0000 0000 

  0x00000210ee20f1d4: ;   {runtime_call nmethod}
  0x00000210ee20f1d4: 0000 00e9 | fbff ffff 

  0x00000210ee20f1dc: ;   {static_stub}
  0x00000210ee20f1dc: 48bb 0000 | 0000 0000 

  0x00000210ee20f1e4: ;   {runtime_call nmethod}
  0x00000210ee20f1e4: 0000 e9fb 

  0x00000210ee20f1e8: ;   {static_stub}
  0x00000210ee20f1e8: ffff ff48 | bb00 0000 | 0000 0000 

  0x00000210ee20f1f4: ;   {runtime_call nmethod}
  0x00000210ee20f1f4: 00e9 fbff 

  0x00000210ee20f1f8: ;   {static_stub}
  0x00000210ee20f1f8: ffff 48bb | 0000 0000 | 0000 0000 

  0x00000210ee20f204: ;   {runtime_call nmethod}
  0x00000210ee20f204: e9fb ffff 

  0x00000210ee20f208: ;   {static_stub}
  0x00000210ee20f208: ff48 bb00 | 0000 0000 

  0x00000210ee20f210: ;   {runtime_call nmethod}
  0x00000210ee20f210: 0000 00e9 | fbff ffff 

  0x00000210ee20f218: ;   {static_stub}
  0x00000210ee20f218: 48bb 0000 | 0000 0000 

  0x00000210ee20f220: ;   {runtime_call nmethod}
  0x00000210ee20f220: 0000 e9fb 

  0x00000210ee20f224: ;   {static_stub}
  0x00000210ee20f224: ffff ff48 | bb00 0000 | 0000 0000 

  0x00000210ee20f230: ;   {runtime_call nmethod}
  0x00000210ee20f230: 00e9 fbff 

  0x00000210ee20f234: ;   {static_stub}
  0x00000210ee20f234: ffff 48bb | 302b 10fb | 1002 0000 

  0x00000210ee20f240: ;   {runtime_call I2C/C2I adapters}
  0x00000210ee20f240: e91d bc65 

  0x00000210ee20f244: ;   {static_stub}
  0x00000210ee20f244: ff48 bb00 | 0000 0000 

  0x00000210ee20f24c: ;   {runtime_call nmethod}
  0x00000210ee20f24c: 0000 00e9 | fbff ffff 

  0x00000210ee20f254: ;   {static_stub}
  0x00000210ee20f254: 48bb 0000 | 0000 0000 

  0x00000210ee20f25c: ;   {runtime_call nmethod}
  0x00000210ee20f25c: 0000 e9fb 

  0x00000210ee20f260: ;   {static_stub}
  0x00000210ee20f260: ffff ff48 | bb00 0000 | 0000 0000 

  0x00000210ee20f26c: ;   {runtime_call nmethod}
  0x00000210ee20f26c: 00e9 fbff 

  0x00000210ee20f270: ;   {static_stub}
  0x00000210ee20f270: ffff 48bb | 0000 0000 | 0000 0000 

  0x00000210ee20f27c: ;   {runtime_call nmethod}
  0x00000210ee20f27c: e9fb ffff 

  0x00000210ee20f280: ;   {static_stub}
  0x00000210ee20f280: ff48 bb00 | 0000 0000 

  0x00000210ee20f288: ;   {runtime_call nmethod}
  0x00000210ee20f288: 0000 00e9 | fbff ffff 

  0x00000210ee20f290: ;   {static_stub}
  0x00000210ee20f290: 48bb 0000 | 0000 0000 

  0x00000210ee20f298: ;   {runtime_call nmethod}
  0x00000210ee20f298: 0000 e9fb 

  0x00000210ee20f29c: ;   {static_stub}
  0x00000210ee20f29c: ffff ff48 | bb00 0000 | 0000 0000 

  0x00000210ee20f2a8: ;   {runtime_call nmethod}
  0x00000210ee20f2a8: 00e9 fbff 

  0x00000210ee20f2ac: ;   {static_stub}
  0x00000210ee20f2ac: ffff 48bb | 0000 0000 | 0000 0000 

  0x00000210ee20f2b8: ;   {runtime_call nmethod}
  0x00000210ee20f2b8: e9fb ffff 

  0x00000210ee20f2bc: ;   {static_stub}
  0x00000210ee20f2bc: ff48 bb00 | 0000 0000 

  0x00000210ee20f2c4: ;   {runtime_call nmethod}
  0x00000210ee20f2c4: 0000 00e9 | fbff ffff 

  0x00000210ee20f2cc: ;   {static_stub}
  0x00000210ee20f2cc: 48bb 0000 | 0000 0000 

  0x00000210ee20f2d4: ;   {runtime_call nmethod}
  0x00000210ee20f2d4: 0000 e9fb 

  0x00000210ee20f2d8: ;   {static_stub}
  0x00000210ee20f2d8: ffff ff48 | bba8 d703 | fb10 0200 

  0x00000210ee20f2e4: ;   {runtime_call I2C/C2I adapters}
  0x00000210ee20f2e4: 00e9 823b 

  0x00000210ee20f2e8: ;   {static_stub}
  0x00000210ee20f2e8: 65ff 48bb | 0000 0000 | 0000 0000 

  0x00000210ee20f2f4: ;   {runtime_call nmethod}
  0x00000210ee20f2f4: e9fb ffff 

  0x00000210ee20f2f8: ;   {static_stub}
  0x00000210ee20f2f8: ff48 bbb0 | 9a66 fb10 

  0x00000210ee20f300: ;   {runtime_call I2C/C2I adapters}
  0x00000210ee20f300: 0200 00e9 | ceeb 65ff 

  0x00000210ee20f308: ;   {static_stub}
  0x00000210ee20f308: 48bb 0000 | 0000 0000 

  0x00000210ee20f310: ;   {runtime_call nmethod}
  0x00000210ee20f310: 0000 e9fb 

  0x00000210ee20f314: ;   {static_stub}
  0x00000210ee20f314: ffff ff48 | bb80 8868 | fb10 0200 

  0x00000210ee20f320: ;   {runtime_call I2C/C2I adapters}
  0x00000210ee20f320: 00e9 4043 

  0x00000210ee20f324: ;   {static_stub}
  0x00000210ee20f324: 65ff 48bb | 007e 68fb | 1002 0000 

  0x00000210ee20f330: ;   {runtime_call I2C/C2I adapters}
  0x00000210ee20f330: e931 4365 

  0x00000210ee20f334: ;   {static_stub}
  0x00000210ee20f334: ff48 bb00 | 0000 0000 

  0x00000210ee20f33c: ;   {runtime_call nmethod}
  0x00000210ee20f33c: 0000 00e9 | fbff ffff 

  0x00000210ee20f344: ;   {static_stub}
  0x00000210ee20f344: 48bb 0000 | 0000 0000 

  0x00000210ee20f34c: ;   {runtime_call nmethod}
  0x00000210ee20f34c: 0000 e9fb 

  0x00000210ee20f350: ;   {static_stub}
  0x00000210ee20f350: ffff ff48 | bb00 0000 | 0000 0000 

  0x00000210ee20f35c: ;   {runtime_call nmethod}
  0x00000210ee20f35c: 00e9 fbff 

  0x00000210ee20f360: ;   {static_stub}
  0x00000210ee20f360: ffff 48bb | 0000 0000 | 0000 0000 

  0x00000210ee20f36c: ;   {runtime_call nmethod}
  0x00000210ee20f36c: e9fb ffff 

  0x00000210ee20f370: ;   {static_stub}
  0x00000210ee20f370: ff48 bb40 | 9966 fb10 

  0x00000210ee20f378: ;   {runtime_call I2C/C2I adapters}
  0x00000210ee20f378: 0200 00e9 | 56eb 65ff 

  0x00000210ee20f380: ;   {static_stub}
  0x00000210ee20f380: 48bb 0000 | 0000 0000 

  0x00000210ee20f388: ;   {runtime_call nmethod}
  0x00000210ee20f388: 0000 e9fb 

  0x00000210ee20f38c: ;   {runtime_call ExceptionBlob}
  0x00000210ee20f38c: ffff ffe9 | 6c81 68ff 
[Deopt Handler Code]
  0x00000210ee20f394: e800 0000 | 0048 832c 

  0x00000210ee20f39c: ;   {runtime_call DeoptimizationBlob}
  0x00000210ee20f39c: 2405 e9fd | 5266 fff4 | f4f4 f4f4 
[/MachCode]


---------------  P R O C E S S  ---------------

Threads class SMR info:
_java_thread_list=0x000002108bf4dd40, length=58, elements={
0x00000210e16d7e50, 0x00000210fa960d20, 0x00000210fa971980, 0x00000210fa961780,
0x00000210fa9621e0, 0x00000210fa962c40, 0x00000210fa99ef80, 0x00000210fa99f9e0,
0x00000210fa9a0770, 0x00000210fa9b1350, 0x00000210fac96480, 0x0000021081f34030,
0x00000210817f4150, 0x000002108133d830, 0x00000210819ab050, 0x0000021081c04510,
0x0000021081c02ad0, 0x0000021081c01db0, 0x0000021081c03160, 0x00000210849f5c50,
0x00000210849f34f0, 0x00000210849f62e0, 0x00000210849f6970, 0x00000210849f4210,
0x00000210849f4f30, 0x0000021081b5ea30, 0x0000021081b64610, 0x000002108b4de9b0,
0x000002108b4dcf70, 0x0000021085f11120, 0x0000021085f0e9c0, 0x0000021085f0fd70,
0x0000021085f10400, 0x0000021085f0dca0, 0x0000021085f10a90, 0x0000021085f124d0,
0x0000021085f0f050, 0x0000021085f117b0, 0x0000021085f13880, 0x0000021085f13f10,
0x0000021085f14c30, 0x0000021085f152c0, 0x0000021085f145a0, 0x0000021081b60b00,
0x0000021081b5dd10, 0x000002108b5b7ff0, 0x000002108b5b5200, 0x000002108b5b5890,
0x000002108b5b5f20, 0x000002108b5b65b0, 0x000002108b5b6c40, 0x0000021081b5f0c0,
0x0000021081b61eb0, 0x000002108c0d2fe0, 0x000002108c0d2950, 0x000002108c0d3670,
0x000002108c0d1c30, 0x000002108c882470
}

Java Threads: ( => current thread )
  0x00000210e16d7e50 JavaThread "main"                              [_thread_blocked, id=18708, stack(0x0000009b3b100000,0x0000009b3b200000) (1024K)]
  0x00000210fa960d20 JavaThread "Common-Cleaner"             daemon [_thread_blocked, id=19776, stack(0x0000009b3b900000,0x0000009b3ba00000) (1024K)]
  0x00000210fa971980 JavaThread "Reference Handler"          daemon [_thread_blocked, id=19788, stack(0x0000009b3ba00000,0x0000009b3bb00000) (1024K)]
  0x00000210fa961780 JavaThread "Finalizer"                  daemon [_thread_blocked, id=20048, stack(0x0000009b3bb00000,0x0000009b3bc00000) (1024K)]
  0x00000210fa9621e0 JavaThread "Signal Dispatcher"          daemon [_thread_blocked, id=19664, stack(0x0000009b3bc00000,0x0000009b3bd00000) (1024K)]
  0x00000210fa962c40 JavaThread "Attach Listener"            daemon [_thread_blocked, id=19596, stack(0x0000009b3bd00000,0x0000009b3be00000) (1024K)]
  0x00000210fa99ef80 JavaThread "Service Thread"             daemon [_thread_blocked, id=19632, stack(0x0000009b3be00000,0x0000009b3bf00000) (1024K)]
  0x00000210fa99f9e0 JavaThread "Monitor Deflation Thread"   daemon [_thread_blocked, id=19604, stack(0x0000009b3bf00000,0x0000009b3c000000) (1024K)]
  0x00000210fa9a0770 JavaThread "C2 CompilerThread0"         daemon [_thread_blocked, id=19636, stack(0x0000009b3c000000,0x0000009b3c100000) (1024K)]
  0x00000210fa9b1350 JavaThread "C1 CompilerThread0"         daemon [_thread_blocked, id=19524, stack(0x0000009b3c100000,0x0000009b3c200000) (1024K)]
  0x00000210fac96480 JavaThread "Notification Thread"        daemon [_thread_blocked, id=21020, stack(0x0000009b3c200000,0x0000009b3c300000) (1024K)]
  0x0000021081f34030 JavaThread "Daemon health stats"               [_thread_blocked, id=19576, stack(0x0000009b3c700000,0x0000009b3c800000) (1024K)]
  0x00000210817f4150 JavaThread "Incoming local TCP Connector on port 60536"        [_thread_in_native, id=19564, stack(0x0000009b3c800000,0x0000009b3c900000) (1024K)]
  0x000002108133d830 JavaThread "Daemon periodic checks"            [_thread_blocked, id=19528, stack(0x0000009b3c900000,0x0000009b3ca00000) (1024K)]
  0x00000210819ab050 JavaThread "Daemon"                            [_thread_blocked, id=19548, stack(0x0000009b3ca00000,0x0000009b3cb00000) (1024K)]
  0x0000021081c04510 JavaThread "Daemon worker"                     [_thread_blocked, id=19616, stack(0x0000009b3cd00000,0x0000009b3ce00000) (1024K)]
  0x0000021081c02ad0 JavaThread "Cache worker for journal cache (C:\Users\DELL\.gradle\caches\journal-1)"        [_thread_blocked, id=19640, stack(0x0000009b3d100000,0x0000009b3d200000) (1024K)]
  0x0000021081c01db0 JavaThread "File lock request listener"        [_thread_in_native, id=19620, stack(0x0000009b3d200000,0x0000009b3d300000) (1024K)]
  0x0000021081c03160 JavaThread "Cache worker for file hash cache (C:\Users\DELL\.gradle\caches\9.4.1\fileHashes)"        [_thread_blocked, id=19648, stack(0x0000009b3d300000,0x0000009b3d400000) (1024K)]
  0x00000210849f5c50 JavaThread "File watcher server"        daemon [_thread_in_native, id=19700, stack(0x0000009b3d600000,0x0000009b3d700000) (1024K)]
  0x00000210849f34f0 JavaThread "File watcher consumer"      daemon [_thread_blocked, id=15936, stack(0x0000009b3d700000,0x0000009b3d800000) (1024K)]
  0x00000210849f62e0 JavaThread "jar transforms"                    [_thread_blocked, id=16068, stack(0x0000009b3d800000,0x0000009b3d900000) (1024K)]
  0x00000210849f6970 JavaThread "jar transforms Thread 2"           [_thread_blocked, id=21056, stack(0x0000009b3d900000,0x0000009b3da00000) (1024K)]
  0x00000210849f4210 JavaThread "jar transforms Thread 3"           [_thread_blocked, id=21072, stack(0x0000009b3da00000,0x0000009b3db00000) (1024K)]
  0x00000210849f4f30 JavaThread "jar transforms Thread 4"           [_thread_blocked, id=19984, stack(0x0000009b3db00000,0x0000009b3dc00000) (1024K)]
  0x0000021081b5ea30 JavaThread "Cache worker for file content cache (C:\Users\DELL\.gradle\caches\9.4.1\fileContent)"        [_thread_blocked, id=20028, stack(0x0000009b3dc00000,0x0000009b3dd00000) (1024K)]
  0x0000021081b64610 JavaThread "Memory manager"                    [_thread_blocked, id=20984, stack(0x0000009b3c300000,0x0000009b3c400000) (1024K)]
  0x000002108b4de9b0 JavaThread "pool-3-thread-1"                   [_thread_blocked, id=20864, stack(0x0000009b3e500000,0x0000009b3e600000) (1024K)]
  0x000002108b4dcf70 JavaThread "VFS cleanup"                       [_thread_blocked, id=17760, stack(0x0000009b3ce00000,0x0000009b3cf00000) (1024K)]
  0x0000021085f11120 JavaThread "Handler for socket connection from /127.0.0.1:60536 to /127.0.0.1:60542"        [_thread_in_native, id=20588, stack(0x0000009b3af00000,0x0000009b3b000000) (1024K)]
  0x0000021085f0e9c0 JavaThread "Cancel handler"                    [_thread_blocked, id=17736, stack(0x0000009b3cb00000,0x0000009b3cc00000) (1024K)]
  0x0000021085f0fd70 JavaThread "Asynchronous log dispatcher for DefaultDaemonConnection: socket connection from /127.0.0.1:60536 to /127.0.0.1:60542"        [_thread_blocked, id=16716, stack(0x0000009b3cc00000,0x0000009b3cd00000) (1024K)]
  0x0000021085f10400 JavaThread "Stdin handler"                     [_thread_blocked, id=20612, stack(0x0000009b3cf00000,0x0000009b3d000000) (1024K)]
  0x0000021085f0dca0 JavaThread "Daemon client event forwarder"        [_thread_blocked, id=17920, stack(0x0000009b3d000000,0x0000009b3d100000) (1024K)]
  0x0000021085f10a90 JavaThread "Cache worker for file hash cache (C:\Users\DELL\AndroidStudioProjects\firstapp\.gradle\9.4.1\fileHashes)"        [_thread_blocked, id=20776, stack(0x0000009b3d400000,0x0000009b3d500000) (1024K)]
  0x0000021085f124d0 JavaThread "Cache worker for Build Output Cleanup Cache (C:\Users\DELL\AndroidStudioProjects\firstapp\.gradle\buildOutputCleanup)"        [_thread_blocked, id=17796, stack(0x0000009b3d500000,0x0000009b3d600000) (1024K)]
  0x0000021085f0f050 JavaThread "Cache worker for checksums cache (C:\Users\DELL\AndroidStudioProjects\firstapp\.gradle\9.4.1\checksums)"        [_thread_blocked, id=20656, stack(0x0000009b3de00000,0x0000009b3df00000) (1024K)]
  0x0000021085f117b0 JavaThread "Cache worker for cache directory md-supplier (C:\Users\DELL\.gradle\caches\9.4.1\md-supplier)"        [_thread_blocked, id=20704, stack(0x0000009b3df00000,0x0000009b3e000000) (1024K)]
  0x0000021085f13880 JavaThread "Cache worker for cache directory md-rule (C:\Users\DELL\.gradle\caches\9.4.1\md-rule)"        [_thread_blocked, id=20672, stack(0x0000009b3e000000,0x0000009b3e100000) (1024K)]
  0x0000021085f13f10 JavaThread "Build operations"                  [_thread_blocked, id=19892, stack(0x0000009b3e100000,0x0000009b3e200000) (1024K)]
  0x0000021085f14c30 JavaThread "Build operations Thread 2"         [_thread_blocked, id=17600, stack(0x0000009b3e200000,0x0000009b3e300000) (1024K)]
  0x0000021085f152c0 JavaThread "Build operations Thread 3"         [_thread_blocked, id=19216, stack(0x0000009b3e300000,0x0000009b3e400000) (1024K)]
  0x0000021085f145a0 JavaThread "Build operations Thread 4"         [_thread_blocked, id=19444, stack(0x0000009b3e400000,0x0000009b3e500000) (1024K)]
  0x0000021081b60b00 JavaThread "build event listener"              [_thread_blocked, id=19900, stack(0x0000009b3e600000,0x0000009b3e700000) (1024K)]
  0x0000021081b5dd10 JavaThread "build event listener"              [_thread_blocked, id=19256, stack(0x0000009b3e700000,0x0000009b3e800000) (1024K)]
  0x000002108b5b7ff0 JavaThread "pool-6-thread-1"                   [_thread_blocked, id=20240, stack(0x0000009b3e800000,0x0000009b3e900000) (1024K)]
  0x000002108b5b5200 JavaThread "build event listener"              [_thread_blocked, id=18348, stack(0x0000009b3e900000,0x0000009b3ea00000) (1024K)]
  0x000002108b5b5890 JavaThread "included builds"                   [_thread_blocked, id=20248, stack(0x0000009b3ea00000,0x0000009b3eb00000) (1024K)]
=>0x000002108b5b5f20 JavaThread "Execution worker"                  [_thread_in_vm, id=20332, stack(0x0000009b3eb00000,0x0000009b3ec00000) (1024K)]
  0x000002108b5b65b0 JavaThread "Execution worker Thread 2"         [_thread_blocked, id=20204, stack(0x0000009b3ec00000,0x0000009b3ed00000) (1024K)]
  0x000002108b5b6c40 JavaThread "Execution worker Thread 3"         [_thread_blocked, id=20800, stack(0x0000009b3ed00000,0x0000009b3ee00000) (1024K)]
  0x0000021081b5f0c0 JavaThread "Cache worker for execution history cache (C:\Users\DELL\AndroidStudioProjects\firstapp\.gradle\9.4.1\executionHistory)"        [_thread_blocked, id=20080, stack(0x0000009b3ee00000,0x0000009b3ef00000) (1024K)]
  0x0000021081b61eb0 JavaThread "WorkerExecutor Queue"              [_thread_blocked, id=17528, stack(0x0000009b3ef00000,0x0000009b3f000000) (1024K)]
  0x000002108c0d2fe0 JavaThread "ForkJoinPool-1-worker-1"    daemon [_thread_blocked, id=20652, stack(0x0000009b3dd00000,0x0000009b3de00000) (1024K)]
  0x000002108c0d2950 JavaThread "ForkJoinPool-1-worker-2"    daemon [_thread_blocked, id=17620, stack(0x0000009b3f000000,0x0000009b3f100000) (1024K)]
  0x000002108c0d3670 JavaThread "ForkJoinPool-1-worker-3"    daemon [_thread_blocked, id=17640, stack(0x0000009b3f100000,0x0000009b3f200000) (1024K)]
  0x000002108c0d1c30 JavaThread "ForkJoinPool-1-worker-4"    daemon [_thread_blocked, id=15548, stack(0x0000009b3f200000,0x0000009b3f300000) (1024K)]
  0x000002108c882470 JavaThread "C2 CompilerThread1"         daemon [_thread_blocked, id=15812, stack(0x0000009b3f300000,0x0000009b3f400000) (1024K)]
Total: 58

Other Threads:
  0x00000210fa7bea90 VMThread "VM Thread"                           [id=19728, stack(0x0000009b3b800000,0x0000009b3b900000) (1024K)] _threads_hazard_ptr=0x000002108bf4dd40
  0x00000210fa75a120 WatcherThread "VM Periodic Task Thread"        [id=19780, stack(0x0000009b3b700000,0x0000009b3b800000) (1024K)]
  0x00000210e30b3180 WorkerThread "GC Thread#0"                     [id=19764, stack(0x0000009b3b200000,0x0000009b3b300000) (1024K)]
  0x00000210ff3e8630 WorkerThread "GC Thread#1"                     [id=21028, stack(0x0000009b3c400000,0x0000009b3c500000) (1024K)]
  0x00000210ff44db30 WorkerThread "GC Thread#2"                     [id=19484, stack(0x0000009b3c500000,0x0000009b3c600000) (1024K)]
  0x0000021080490890 WorkerThread "GC Thread#3"                     [id=21044, stack(0x0000009b3c600000,0x0000009b3c700000) (1024K)]
  0x00000210e3102010 ConcurrentGCThread "G1 Main Marker"            [id=19792, stack(0x0000009b3b300000,0x0000009b3b400000) (1024K)]
  0x00000210e31031d0 WorkerThread "G1 Conc#0"                       [id=18776, stack(0x0000009b3b400000,0x0000009b3b500000) (1024K)]
  0x00000210fa62ae50 ConcurrentGCThread "G1 Refine#0"               [id=19844, stack(0x0000009b3b500000,0x0000009b3b600000) (1024K)]
  0x00000210fa62b7e0 ConcurrentGCThread "G1 Service"                [id=19796, stack(0x0000009b3b600000,0x0000009b3b700000) (1024K)]
Total: 10

Threads with active compile tasks:
Total: 0

VM state: synchronizing (normal execution)

VM Mutex/Monitor currently owned by a thread:  ([mutex/lock_event])
[0x00007fff7db564d0] Metaspace_lock - owner thread: 0x000002108b5b5f20
[0x00007fff7db586d0] Threads_lock - owner thread: 0x00000210fa7bea90

Heap address: 0x0000000080000000, size: 2048 MB, Compressed Oops mode: 32-bit

CDS archive(s) not mapped
Compressed class space mapped at: 0x0000000100000000-0x0000000140000000, reserved size: 1073741824
Narrow klass base: 0x0000000000000000, Narrow klass shift: 3, Narrow klass range: 0x140000000

GC Precious Log:
 CardTable entry size: 512
 Card Set container configuration: InlinePtr #cards 5 size 8 Array Of Cards #cards 12 size 40 Howl #buckets 4 coarsen threshold 1843 Howl Bitmap #cards 512 size 80 coarsen threshold 460 Card regions per heap region 1 cards per card region 2048
 CPUs: 4 total, 4 available
 Memory: 8050M
 Large Page Support: Disabled
 NUMA Support: Disabled
 Compressed Oops: Enabled (32-bit)
 Heap Region Size: 1M
 Heap Min Capacity: 8M
 Heap Initial Capacity: 126M
 Heap Max Capacity: 2G
 Pre-touch: Disabled
 Parallel Workers: 4
 Concurrent Workers: 1
 Concurrent Refinement Workers: 4
 Periodic GC: Disabled

Heap:
 garbage-first heap   total 375808K, used 275909K [0x0000000080000000, 0x0000000100000000)
  region size 1024K, 31 young (31744K), 3 survivors (3072K)
 Metaspace       used 163767K, committed 166400K, reserved 1245184K
  class space    used 22451K, committed 23744K, reserved 1048576K

Heap Regions: E=young(eden), S=young(survivor), O=old, HS=humongous(starts), HC=humongous(continues), CS=collection set, F=free, TAMS=top-at-mark-start, PB=parsable bottom
|   0|0x0000000080000000, 0x0000000080100000, 0x0000000080100000|100%|HS|  |TAMS 0x0000000080000000| PB 0x0000000080000000| Complete 
|   1|0x0000000080100000, 0x0000000080200000, 0x0000000080200000|100%|HC|  |TAMS 0x0000000080100000| PB 0x0000000080100000| Complete 
|   2|0x0000000080200000, 0x0000000080300000, 0x0000000080300000|100%|HC|  |TAMS 0x0000000080200000| PB 0x0000000080200000| Complete 
|   3|0x0000000080300000, 0x0000000080400000, 0x0000000080400000|100%|HC|  |TAMS 0x0000000080300000| PB 0x0000000080300000| Complete 
|   4|0x0000000080400000, 0x0000000080500000, 0x0000000080500000|100%| O|  |TAMS 0x0000000080400000| PB 0x0000000080400000| Untracked 
|   5|0x0000000080500000, 0x0000000080600000, 0x0000000080600000|100%| O|  |TAMS 0x0000000080500000| PB 0x0000000080500000| Untracked 
|   6|0x0000000080600000, 0x0000000080700000, 0x0000000080700000|100%| O|  |TAMS 0x0000000080600000| PB 0x0000000080600000| Untracked 
|   7|0x0000000080700000, 0x0000000080800000, 0x0000000080800000|100%| O|  |TAMS 0x0000000080700000| PB 0x0000000080700000| Untracked 
|   8|0x0000000080800000, 0x0000000080900000, 0x0000000080900000|100%|HS|  |TAMS 0x0000000080800000| PB 0x0000000080800000| Complete 
|   9|0x0000000080900000, 0x0000000080a00000, 0x0000000080a00000|100%| O|  |TAMS 0x0000000080900000| PB 0x0000000080900000| Untracked 
|  10|0x0000000080a00000, 0x0000000080b00000, 0x0000000080b00000|100%| O|  |TAMS 0x0000000080a00000| PB 0x0000000080a00000| Untracked 
|  11|0x0000000080b00000, 0x0000000080c00000, 0x0000000080c00000|100%| O|  |TAMS 0x0000000080b00000| PB 0x0000000080b00000| Untracked 
|  12|0x0000000080c00000, 0x0000000080d00000, 0x0000000080d00000|100%| O|  |TAMS 0x0000000080c00000| PB 0x0000000080c00000| Untracked 
|  13|0x0000000080d00000, 0x0000000080e00000, 0x0000000080e00000|100%| O|  |TAMS 0x0000000080d00000| PB 0x0000000080d00000| Untracked 
|  14|0x0000000080e00000, 0x0000000080f00000, 0x0000000080f00000|100%| O|  |TAMS 0x0000000080e00000| PB 0x0000000080e00000| Untracked 
|  15|0x0000000080f00000, 0x0000000081000000, 0x0000000081000000|100%| O|  |TAMS 0x0000000080f00000| PB 0x0000000080f00000| Untracked 
|  16|0x0000000081000000, 0x0000000081100000, 0x0000000081100000|100%| O|  |TAMS 0x0000000081000000| PB 0x0000000081000000| Untracked 
|  17|0x0000000081100000, 0x0000000081200000, 0x0000000081200000|100%| O|  |TAMS 0x0000000081100000| PB 0x0000000081100000| Untracked 
|  18|0x0000000081200000, 0x0000000081300000, 0x0000000081300000|100%| O|  |TAMS 0x0000000081200000| PB 0x0000000081200000| Untracked 
|  19|0x0000000081300000, 0x0000000081400000, 0x0000000081400000|100%| O|  |TAMS 0x0000000081300000| PB 0x0000000081300000| Untracked 
|  20|0x0000000081400000, 0x0000000081500000, 0x0000000081500000|100%| O|  |TAMS 0x0000000081400000| PB 0x0000000081400000| Untracked 
|  21|0x0000000081500000, 0x0000000081600000, 0x0000000081600000|100%| O|  |TAMS 0x0000000081500000| PB 0x0000000081500000| Untracked 
|  22|0x0000000081600000, 0x0000000081700000, 0x0000000081700000|100%| O|  |TAMS 0x0000000081600000| PB 0x0000000081600000| Untracked 
|  23|0x0000000081700000, 0x0000000081800000, 0x0000000081800000|100%| O|  |TAMS 0x0000000081700000| PB 0x0000000081700000| Untracked 
|  24|0x0000000081800000, 0x0000000081900000, 0x0000000081900000|100%|HS|  |TAMS 0x0000000081800000| PB 0x0000000081800000| Complete 
|  25|0x0000000081900000, 0x0000000081a00000, 0x0000000081a00000|100%|HC|  |TAMS 0x0000000081900000| PB 0x0000000081900000| Complete 
|  26|0x0000000081a00000, 0x0000000081b00000, 0x0000000081b00000|100%|HC|  |TAMS 0x0000000081a00000| PB 0x0000000081a00000| Complete 
|  27|0x0000000081b00000, 0x0000000081c00000, 0x0000000081c00000|100%|HC|  |TAMS 0x0000000081b00000| PB 0x0000000081b00000| Complete 
|  28|0x0000000081c00000, 0x0000000081d00000, 0x0000000081d00000|100%|HC|  |TAMS 0x0000000081c00000| PB 0x0000000081c00000| Complete 
|  29|0x0000000081d00000, 0x0000000081e00000, 0x0000000081e00000|100%|HC|  |TAMS 0x0000000081d00000| PB 0x0000000081d00000| Complete 
|  30|0x0000000081e00000, 0x0000000081f00000, 0x0000000081f00000|100%|HS|  |TAMS 0x0000000081e00000| PB 0x0000000081e00000| Complete 
|  31|0x0000000081f00000, 0x0000000082000000, 0x0000000082000000|100%|HC|  |TAMS 0x0000000081f00000| PB 0x0000000081f00000| Complete 
|  32|0x0000000082000000, 0x0000000082100000, 0x0000000082100000|100%|HS|  |TAMS 0x0000000082000000| PB 0x0000000082000000| Complete 
|  33|0x0000000082100000, 0x0000000082200000, 0x0000000082200000|100%| O|  |TAMS 0x0000000082100000| PB 0x0000000082100000| Untracked 
|  34|0x0000000082200000, 0x0000000082300000, 0x0000000082300000|100%| O|  |TAMS 0x0000000082200000| PB 0x0000000082200000| Untracked 
|  35|0x0000000082300000, 0x0000000082400000, 0x0000000082400000|100%| O|  |TAMS 0x0000000082300000| PB 0x0000000082300000| Untracked 
|  36|0x0000000082400000, 0x0000000082500000, 0x0000000082500000|100%|HS|  |TAMS 0x0000000082400000| PB 0x0000000082400000| Complete 
|  37|0x0000000082500000, 0x0000000082600000, 0x0000000082600000|100%|HC|  |TAMS 0x0000000082500000| PB 0x0000000082500000| Complete 
|  38|0x0000000082600000, 0x0000000082700000, 0x0000000082700000|100%|HC|  |TAMS 0x0000000082600000| PB 0x0000000082600000| Complete 
|  39|0x0000000082700000, 0x0000000082800000, 0x0000000082800000|100%|HC|  |TAMS 0x0000000082700000| PB 0x0000000082700000| Complete 
|  40|0x0000000082800000, 0x0000000082900000, 0x0000000082900000|100%|HC|  |TAMS 0x0000000082800000| PB 0x0000000082800000| Complete 
|  41|0x0000000082900000, 0x0000000082a00000, 0x0000000082a00000|100%|HC|  |TAMS 0x0000000082900000| PB 0x0000000082900000| Complete 
|  42|0x0000000082a00000, 0x0000000082b00000, 0x0000000082b00000|100%|HS|  |TAMS 0x0000000082a00000| PB 0x0000000082a00000| Complete 
|  43|0x0000000082b00000, 0x0000000082c00000, 0x0000000082c00000|100%|HC|  |TAMS 0x0000000082b00000| PB 0x0000000082b00000| Complete 
|  44|0x0000000082c00000, 0x0000000082d00000, 0x0000000082d00000|100%|HS|  |TAMS 0x0000000082c00000| PB 0x0000000082c00000| Complete 
|  45|0x0000000082d00000, 0x0000000082e00000, 0x0000000082e00000|100%| O|  |TAMS 0x0000000082d00000| PB 0x0000000082d00000| Untracked 
|  46|0x0000000082e00000, 0x0000000082f00000, 0x0000000082f00000|100%| O|  |TAMS 0x0000000082e00000| PB 0x0000000082e00000| Untracked 
|  47|0x0000000082f00000, 0x0000000083000000, 0x0000000083000000|100%| O|  |TAMS 0x0000000082f00000| PB 0x0000000082f00000| Untracked 
|  48|0x0000000083000000, 0x0000000083100000, 0x0000000083100000|100%| O|  |TAMS 0x0000000083000000| PB 0x0000000083000000| Untracked 
|  49|0x0000000083100000, 0x0000000083200000, 0x0000000083200000|100%| O|  |TAMS 0x0000000083100000| PB 0x0000000083100000| Untracked 
|  50|0x0000000083200000, 0x0000000083300000, 0x0000000083300000|100%| O|  |TAMS 0x0000000083200000| PB 0x0000000083200000| Untracked 
|  51|0x0000000083300000, 0x0000000083400000, 0x0000000083400000|100%|HS|  |TAMS 0x0000000083300000| PB 0x0000000083300000| Complete 
|  52|0x0000000083400000, 0x0000000083500000, 0x0000000083500000|100%|HC|  |TAMS 0x0000000083400000| PB 0x0000000083400000| Complete 
|  53|0x0000000083500000, 0x0000000083600000, 0x0000000083600000|100%| O|  |TAMS 0x0000000083500000| PB 0x0000000083500000| Untracked 
|  54|0x0000000083600000, 0x0000000083700000, 0x0000000083700000|100%| O|  |TAMS 0x0000000083600000| PB 0x0000000083600000| Untracked 
|  55|0x0000000083700000, 0x0000000083800000, 0x0000000083800000|100%| O|  |TAMS 0x0000000083700000| PB 0x0000000083700000| Untracked 
|  56|0x0000000083800000, 0x0000000083900000, 0x0000000083900000|100%| O|  |TAMS 0x0000000083800000| PB 0x0000000083800000| Untracked 
|  57|0x0000000083900000, 0x0000000083a00000, 0x0000000083a00000|100%| O|  |TAMS 0x0000000083900000| PB 0x0000000083900000| Untracked 
|  58|0x0000000083a00000, 0x0000000083b00000, 0x0000000083b00000|100%| O|  |TAMS 0x0000000083a00000| PB 0x0000000083a00000| Untracked 
|  59|0x0000000083b00000, 0x0000000083c00000, 0x0000000083c00000|100%| O|  |TAMS 0x0000000083b00000| PB 0x0000000083b00000| Untracked 
|  60|0x0000000083c00000, 0x0000000083d00000, 0x0000000083d00000|100%| O|  |TAMS 0x0000000083c00000| PB 0x0000000083c00000| Untracked 
|  61|0x0000000083d00000, 0x0000000083e00000, 0x0000000083e00000|100%| O|  |TAMS 0x0000000083d00000| PB 0x0000000083d00000| Untracked 
|  62|0x0000000083e00000, 0x0000000083f00000, 0x0000000083f00000|100%|HS|  |TAMS 0x0000000083e00000| PB 0x0000000083e00000| Complete 
|  63|0x0000000083f00000, 0x0000000084000000, 0x0000000084000000|100%| O|  |TAMS 0x0000000083f00000| PB 0x0000000083f00000| Untracked 
|  64|0x0000000084000000, 0x0000000084100000, 0x0000000084100000|100%| O|  |TAMS 0x0000000084000000| PB 0x0000000084000000| Untracked 
|  65|0x0000000084100000, 0x0000000084200000, 0x0000000084200000|100%| O|  |TAMS 0x0000000084100000| PB 0x0000000084100000| Untracked 
|  66|0x0000000084200000, 0x0000000084300000, 0x0000000084300000|100%| O|  |TAMS 0x0000000084200000| PB 0x0000000084200000| Untracked 
|  67|0x0000000084300000, 0x0000000084400000, 0x0000000084400000|100%|HS|  |TAMS 0x0000000084300000| PB 0x0000000084300000| Complete 
|  68|0x0000000084400000, 0x0000000084500000, 0x0000000084500000|100%|HS|  |TAMS 0x0000000084400000| PB 0x0000000084400000| Complete 
|  69|0x0000000084500000, 0x0000000084600000, 0x0000000084600000|100%|HS|  |TAMS 0x0000000084500000| PB 0x0000000084500000| Complete 
|  70|0x0000000084600000, 0x0000000084700000, 0x0000000084700000|100%| O|  |TAMS 0x0000000084600000| PB 0x0000000084600000| Untracked 
|  71|0x0000000084700000, 0x0000000084800000, 0x0000000084800000|100%|HS|  |TAMS 0x0000000084700000| PB 0x0000000084700000| Complete 
|  72|0x0000000084800000, 0x0000000084900000, 0x0000000084900000|100%|HC|  |TAMS 0x0000000084800000| PB 0x0000000084800000| Complete 
|  73|0x0000000084900000, 0x0000000084a00000, 0x0000000084a00000|100%|HS|  |TAMS 0x0000000084900000| PB 0x0000000084900000| Complete 
|  74|0x0000000084a00000, 0x0000000084b00000, 0x0000000084b00000|100%|HS|  |TAMS 0x0000000084a00000| PB 0x0000000084a00000| Complete 
|  75|0x0000000084b00000, 0x0000000084c00000, 0x0000000084c00000|100%| O|  |TAMS 0x0000000084b00000| PB 0x0000000084b00000| Untracked 
|  76|0x0000000084c00000, 0x0000000084d00000, 0x0000000084d00000|100%|HS|  |TAMS 0x0000000084c00000| PB 0x0000000084c00000| Complete 
|  77|0x0000000084d00000, 0x0000000084e00000, 0x0000000084e00000|100%| O|  |TAMS 0x0000000084d00000| PB 0x0000000084d00000| Untracked 
|  78|0x0000000084e00000, 0x0000000084f00000, 0x0000000084f00000|100%| O|  |TAMS 0x0000000084e00000| PB 0x0000000084e00000| Untracked 
|  79|0x0000000084f00000, 0x0000000085000000, 0x0000000085000000|100%| O|  |TAMS 0x0000000084f00000| PB 0x0000000084f00000| Untracked 
|  80|0x0000000085000000, 0x0000000085100000, 0x0000000085100000|100%| O|  |TAMS 0x0000000085000000| PB 0x0000000085000000| Untracked 
|  81|0x0000000085100000, 0x0000000085200000, 0x0000000085200000|100%| O|  |TAMS 0x0000000085100000| PB 0x0000000085100000| Untracked 
|  82|0x0000000085200000, 0x0000000085300000, 0x0000000085300000|100%| O|  |TAMS 0x0000000085200000| PB 0x0000000085200000| Untracked 
|  83|0x0000000085300000, 0x0000000085400000, 0x0000000085400000|100%| O|  |TAMS 0x0000000085300000| PB 0x0000000085300000| Untracked 
|  84|0x0000000085400000, 0x0000000085500000, 0x0000000085500000|100%| O|  |TAMS 0x0000000085400000| PB 0x0000000085400000| Untracked 
|  85|0x0000000085500000, 0x0000000085600000, 0x0000000085600000|100%|HS|  |TAMS 0x0000000085500000| PB 0x0000000085500000| Complete 
|  86|0x0000000085600000, 0x0000000085700000, 0x0000000085700000|100%|HC|  |TAMS 0x0000000085600000| PB 0x0000000085600000| Complete 
|  87|0x0000000085700000, 0x0000000085800000, 0x0000000085800000|100%| O|  |TAMS 0x0000000085700000| PB 0x0000000085700000| Untracked 
|  88|0x0000000085800000, 0x0000000085900000, 0x0000000085900000|100%| O|  |TAMS 0x0000000085800000| PB 0x0000000085800000| Untracked 
|  89|0x0000000085900000, 0x0000000085a00000, 0x0000000085a00000|100%| O|  |TAMS 0x0000000085900000| PB 0x0000000085900000| Untracked 
|  90|0x0000000085a00000, 0x0000000085b00000, 0x0000000085b00000|100%|HS|  |TAMS 0x0000000085a00000| PB 0x0000000085a00000| Complete 
|  91|0x0000000085b00000, 0x0000000085c00000, 0x0000000085c00000|100%| O|  |TAMS 0x0000000085b00000| PB 0x0000000085b00000| Untracked 
|  92|0x0000000085c00000, 0x0000000085d00000, 0x0000000085d00000|100%| O|  |TAMS 0x0000000085c00000| PB 0x0000000085c00000| Untracked 
|  93|0x0000000085d00000, 0x0000000085e00000, 0x0000000085e00000|100%| O|  |TAMS 0x0000000085d00000| PB 0x0000000085d00000| Untracked 
|  94|0x0000000085e00000, 0x0000000085f00000, 0x0000000085f00000|100%| O|  |TAMS 0x0000000085e00000| PB 0x0000000085e00000| Untracked 
|  95|0x0000000085f00000, 0x0000000086000000, 0x0000000086000000|100%| O|  |TAMS 0x0000000085f00000| PB 0x0000000085f00000| Untracked 
|  96|0x0000000086000000, 0x0000000086100000, 0x0000000086100000|100%| O|  |TAMS 0x0000000086000000| PB 0x0000000086000000| Untracked 
|  97|0x0000000086100000, 0x0000000086200000, 0x0000000086200000|100%| O|  |TAMS 0x0000000086100000| PB 0x0000000086100000| Untracked 
|  98|0x0000000086200000, 0x0000000086300000, 0x0000000086300000|100%| O|  |TAMS 0x0000000086200000| PB 0x0000000086200000| Untracked 
|  99|0x0000000086300000, 0x0000000086400000, 0x0000000086400000|100%| O|  |TAMS 0x0000000086300000| PB 0x0000000086300000| Untracked 
| 100|0x0000000086400000, 0x0000000086500000, 0x0000000086500000|100%| O|  |TAMS 0x0000000086400000| PB 0x0000000086400000| Untracked 
| 101|0x0000000086500000, 0x0000000086600000, 0x0000000086600000|100%| O|  |TAMS 0x0000000086500000| PB 0x0000000086500000| Untracked 
| 102|0x0000000086600000, 0x0000000086700000, 0x0000000086700000|100%| O|  |TAMS 0x0000000086600000| PB 0x0000000086600000| Untracked 
| 103|0x0000000086700000, 0x0000000086800000, 0x0000000086800000|100%| O|  |TAMS 0x0000000086700000| PB 0x0000000086700000| Untracked 
| 104|0x0000000086800000, 0x0000000086900000, 0x0000000086900000|100%| O|  |TAMS 0x0000000086800000| PB 0x0000000086800000| Untracked 
| 105|0x0000000086900000, 0x0000000086a00000, 0x0000000086a00000|100%|HS|  |TAMS 0x0000000086900000| PB 0x0000000086900000| Complete 
| 106|0x0000000086a00000, 0x0000000086b00000, 0x0000000086b00000|100%|HC|  |TAMS 0x0000000086a00000| PB 0x0000000086a00000| Complete 
| 107|0x0000000086b00000, 0x0000000086c00000, 0x0000000086c00000|100%| O|  |TAMS 0x0000000086b00000| PB 0x0000000086b00000| Untracked 
| 108|0x0000000086c00000, 0x0000000086d00000, 0x0000000086d00000|100%| O|  |TAMS 0x0000000086c00000| PB 0x0000000086c00000| Untracked 
| 109|0x0000000086d00000, 0x0000000086e00000, 0x0000000086e00000|100%| O|  |TAMS 0x0000000086d00000| PB 0x0000000086d00000| Untracked 
| 110|0x0000000086e00000, 0x0000000086f00000, 0x0000000086f00000|100%| O|  |TAMS 0x0000000086e00000| PB 0x0000000086e00000| Untracked 
| 111|0x0000000086f00000, 0x0000000087000000, 0x0000000087000000|100%| O|  |TAMS 0x0000000086f00000| PB 0x0000000086f00000| Untracked 
| 112|0x0000000087000000, 0x0000000087100000, 0x0000000087100000|100%| O|  |TAMS 0x0000000087000000| PB 0x0000000087000000| Untracked 
| 113|0x0000000087100000, 0x0000000087200000, 0x0000000087200000|100%| O|  |TAMS 0x0000000087100000| PB 0x0000000087100000| Untracked 
| 114|0x0000000087200000, 0x0000000087300000, 0x0000000087300000|100%| O|  |TAMS 0x0000000087200000| PB 0x0000000087200000| Untracked 
| 115|0x0000000087300000, 0x0000000087400000, 0x0000000087400000|100%| O|  |TAMS 0x0000000087300000| PB 0x0000000087300000| Untracked 
| 116|0x0000000087400000, 0x0000000087500000, 0x0000000087500000|100%| O|  |TAMS 0x0000000087400000| PB 0x0000000087400000| Untracked 
| 117|0x0000000087500000, 0x0000000087600000, 0x0000000087600000|100%| O|  |TAMS 0x0000000087500000| PB 0x0000000087500000| Untracked 
| 118|0x0000000087600000, 0x0000000087700000, 0x0000000087700000|100%| O|  |TAMS 0x0000000087600000| PB 0x0000000087600000| Untracked 
| 119|0x0000000087700000, 0x0000000087800000, 0x0000000087800000|100%| O|  |TAMS 0x0000000087700000| PB 0x0000000087700000| Untracked 
| 120|0x0000000087800000, 0x0000000087900000, 0x0000000087900000|100%| O|  |TAMS 0x0000000087800000| PB 0x0000000087800000| Untracked 
| 121|0x0000000087900000, 0x0000000087a00000, 0x0000000087a00000|100%| O|  |TAMS 0x0000000087900000| PB 0x0000000087900000| Untracked 
| 122|0x0000000087a00000, 0x0000000087b00000, 0x0000000087b00000|100%| O|  |TAMS 0x0000000087a00000| PB 0x0000000087a00000| Untracked 
| 123|0x0000000087b00000, 0x0000000087c00000, 0x0000000087c00000|100%| O|  |TAMS 0x0000000087b00000| PB 0x0000000087b00000| Untracked 
| 124|0x0000000087c00000, 0x0000000087d00000, 0x0000000087d00000|100%| O|  |TAMS 0x0000000087c00000| PB 0x0000000087c00000| Untracked 
| 125|0x0000000087d00000, 0x0000000087e00000, 0x0000000087e00000|100%| O|  |TAMS 0x0000000087d00000| PB 0x0000000087d00000| Untracked 
| 126|0x0000000087e00000, 0x0000000087f00000, 0x0000000087f00000|100%| O|  |TAMS 0x0000000087e00000| PB 0x0000000087e00000| Untracked 
| 127|0x0000000087f00000, 0x0000000088000000, 0x0000000088000000|100%| O|  |TAMS 0x0000000087f00000| PB 0x0000000087f00000| Untracked 
| 128|0x0000000088000000, 0x0000000088100000, 0x0000000088100000|100%| O|  |TAMS 0x0000000088000000| PB 0x0000000088000000| Untracked 
| 129|0x0000000088100000, 0x0000000088200000, 0x0000000088200000|100%| O|  |TAMS 0x0000000088100000| PB 0x0000000088100000| Untracked 
| 130|0x0000000088200000, 0x0000000088300000, 0x0000000088300000|100%| O|  |TAMS 0x0000000088200000| PB 0x0000000088200000| Untracked 
| 131|0x0000000088300000, 0x0000000088400000, 0x0000000088400000|100%| O|  |TAMS 0x0000000088300000| PB 0x0000000088300000| Untracked 
| 132|0x0000000088400000, 0x0000000088500000, 0x0000000088500000|100%| O|  |TAMS 0x0000000088400000| PB 0x0000000088400000| Untracked 
| 133|0x0000000088500000, 0x0000000088600000, 0x0000000088600000|100%| O|  |TAMS 0x0000000088500000| PB 0x0000000088500000| Untracked 
| 134|0x0000000088600000, 0x0000000088700000, 0x0000000088700000|100%| O|Cm|TAMS 0x0000000088600000| PB 0x0000000088600000| Complete 
| 135|0x0000000088700000, 0x0000000088800000, 0x0000000088800000|100%| O|  |TAMS 0x0000000088700000| PB 0x0000000088700000| Untracked 
| 136|0x0000000088800000, 0x0000000088900000, 0x0000000088900000|100%| O|  |TAMS 0x0000000088800000| PB 0x0000000088800000| Untracked 
| 137|0x0000000088900000, 0x0000000088a00000, 0x0000000088a00000|100%| O|  |TAMS 0x0000000088900000| PB 0x0000000088900000| Untracked 
| 138|0x0000000088a00000, 0x0000000088b00000, 0x0000000088b00000|100%| O|  |TAMS 0x0000000088a00000| PB 0x0000000088a00000| Untracked 
| 139|0x0000000088b00000, 0x0000000088c00000, 0x0000000088c00000|100%| O|  |TAMS 0x0000000088b00000| PB 0x0000000088b00000| Untracked 
| 140|0x0000000088c00000, 0x0000000088d00000, 0x0000000088d00000|100%| O|  |TAMS 0x0000000088c00000| PB 0x0000000088c00000| Untracked 
| 141|0x0000000088d00000, 0x0000000088e00000, 0x0000000088e00000|100%| O|  |TAMS 0x0000000088d00000| PB 0x0000000088d00000| Untracked 
| 142|0x0000000088e00000, 0x0000000088f00000, 0x0000000088f00000|100%| O|  |TAMS 0x0000000088e00000| PB 0x0000000088e00000| Untracked 
| 143|0x0000000088f00000, 0x0000000089000000, 0x0000000089000000|100%| O|  |TAMS 0x0000000088f00000| PB 0x0000000088f00000| Untracked 
| 144|0x0000000089000000, 0x0000000089100000, 0x0000000089100000|100%| O|  |TAMS 0x0000000089000000| PB 0x0000000089000000| Untracked 
| 145|0x0000000089100000, 0x0000000089200000, 0x0000000089200000|100%| O|  |TAMS 0x0000000089100000| PB 0x0000000089100000| Untracked 
| 146|0x0000000089200000, 0x0000000089300000, 0x0000000089300000|100%| O|  |TAMS 0x0000000089200000| PB 0x0000000089200000| Untracked 
| 147|0x0000000089300000, 0x0000000089400000, 0x0000000089400000|100%| O|  |TAMS 0x0000000089300000| PB 0x0000000089300000| Untracked 
| 148|0x0000000089400000, 0x0000000089500000, 0x0000000089500000|100%| O|  |TAMS 0x0000000089400000| PB 0x0000000089400000| Untracked 
| 149|0x0000000089500000, 0x0000000089600000, 0x0000000089600000|100%| O|  |TAMS 0x0000000089500000| PB 0x0000000089500000| Untracked 
| 150|0x0000000089600000, 0x0000000089700000, 0x0000000089700000|100%| O|  |TAMS 0x0000000089600000| PB 0x0000000089600000| Untracked 
| 151|0x0000000089700000, 0x0000000089800000, 0x0000000089800000|100%| O|  |TAMS 0x0000000089700000| PB 0x0000000089700000| Untracked 
| 152|0x0000000089800000, 0x0000000089900000, 0x0000000089900000|100%| O|  |TAMS 0x0000000089800000| PB 0x0000000089800000| Untracked 
| 153|0x0000000089900000, 0x0000000089a00000, 0x0000000089a00000|100%| O|  |TAMS 0x0000000089900000| PB 0x0000000089900000| Untracked 
| 154|0x0000000089a00000, 0x0000000089b00000, 0x0000000089b00000|100%| O|  |TAMS 0x0000000089a00000| PB 0x0000000089a00000| Untracked 
| 155|0x0000000089b00000, 0x0000000089c00000, 0x0000000089c00000|100%| O|  |TAMS 0x0000000089b00000| PB 0x0000000089b00000| Untracked 
| 156|0x0000000089c00000, 0x0000000089c00000, 0x0000000089d00000|  0%| F|  |TAMS 0x0000000089c00000| PB 0x0000000089c00000| Untracked 
| 157|0x0000000089d00000, 0x0000000089d00000, 0x0000000089e00000|  0%| F|  |TAMS 0x0000000089d00000| PB 0x0000000089d00000| Untracked 
| 158|0x0000000089e00000, 0x0000000089f00000, 0x0000000089f00000|100%| O|  |TAMS 0x0000000089e00000| PB 0x0000000089e00000| Untracked 
| 159|0x0000000089f00000, 0x000000008a000000, 0x000000008a000000|100%| O|  |TAMS 0x0000000089f00000| PB 0x0000000089f00000| Untracked 
| 160|0x000000008a000000, 0x000000008a100000, 0x000000008a100000|100%| O|  |TAMS 0x000000008a000000| PB 0x000000008a000000| Untracked 
| 161|0x000000008a100000, 0x000000008a200000, 0x000000008a200000|100%| O|  |TAMS 0x000000008a100000| PB 0x000000008a100000| Untracked 
| 162|0x000000008a200000, 0x000000008a300000, 0x000000008a300000|100%| O|  |TAMS 0x000000008a200000| PB 0x000000008a200000| Untracked 
| 163|0x000000008a300000, 0x000000008a400000, 0x000000008a400000|100%| O|  |TAMS 0x000000008a300000| PB 0x000000008a300000| Untracked 
| 164|0x000000008a400000, 0x000000008a500000, 0x000000008a500000|100%| O|  |TAMS 0x000000008a400000| PB 0x000000008a400000| Untracked 
| 165|0x000000008a500000, 0x000000008a600000, 0x000000008a600000|100%| O|  |TAMS 0x000000008a500000| PB 0x000000008a500000| Untracked 
| 166|0x000000008a600000, 0x000000008a700000, 0x000000008a700000|100%| O|  |TAMS 0x000000008a600000| PB 0x000000008a600000| Untracked 
| 167|0x000000008a700000, 0x000000008a800000, 0x000000008a800000|100%| O|  |TAMS 0x000000008a700000| PB 0x000000008a700000| Untracked 
| 168|0x000000008a800000, 0x000000008a900000, 0x000000008a900000|100%| O|  |TAMS 0x000000008a800000| PB 0x000000008a800000| Untracked 
| 169|0x000000008a900000, 0x000000008aa00000, 0x000000008aa00000|100%| O|  |TAMS 0x000000008a900000| PB 0x000000008a900000| Untracked 
| 170|0x000000008aa00000, 0x000000008ab00000, 0x000000008ab00000|100%| O|  |TAMS 0x000000008aa00000| PB 0x000000008aa00000| Untracked 
| 171|0x000000008ab00000, 0x000000008ac00000, 0x000000008ac00000|100%| O|Cm|TAMS 0x000000008ab00000| PB 0x000000008ab00000| Complete 
| 172|0x000000008ac00000, 0x000000008ad00000, 0x000000008ad00000|100%| O|  |TAMS 0x000000008ac00000| PB 0x000000008ac00000| Untracked 
| 173|0x000000008ad00000, 0x000000008ae00000, 0x000000008ae00000|100%| O|  |TAMS 0x000000008ad00000| PB 0x000000008ad00000| Untracked 
| 174|0x000000008ae00000, 0x000000008af00000, 0x000000008af00000|100%| O|  |TAMS 0x000000008ae00000| PB 0x000000008ae00000| Untracked 
| 175|0x000000008af00000, 0x000000008b000000, 0x000000008b000000|100%| O|  |TAMS 0x000000008af00000| PB 0x000000008af00000| Untracked 
| 176|0x000000008b000000, 0x000000008b100000, 0x000000008b100000|100%| O|  |TAMS 0x000000008b000000| PB 0x000000008b000000| Untracked 
| 177|0x000000008b100000, 0x000000008b200000, 0x000000008b200000|100%| O|  |TAMS 0x000000008b100000| PB 0x000000008b100000| Untracked 
| 178|0x000000008b200000, 0x000000008b300000, 0x000000008b300000|100%| O|Cm|TAMS 0x000000008b200000| PB 0x000000008b200000| Complete 
| 179|0x000000008b300000, 0x000000008b400000, 0x000000008b400000|100%| O|  |TAMS 0x000000008b300000| PB 0x000000008b300000| Untracked 
| 180|0x000000008b400000, 0x000000008b500000, 0x000000008b500000|100%| O|  |TAMS 0x000000008b400000| PB 0x000000008b400000| Untracked 
| 181|0x000000008b500000, 0x000000008b600000, 0x000000008b600000|100%| O|  |TAMS 0x000000008b500000| PB 0x000000008b500000| Untracked 
| 182|0x000000008b600000, 0x000000008b700000, 0x000000008b700000|100%| O|  |TAMS 0x000000008b600000| PB 0x000000008b600000| Untracked 
| 183|0x000000008b700000, 0x000000008b800000, 0x000000008b800000|100%| O|  |TAMS 0x000000008b700000| PB 0x000000008b700000| Untracked 
| 184|0x000000008b800000, 0x000000008b900000, 0x000000008b900000|100%| O|  |TAMS 0x000000008b800000| PB 0x000000008b800000| Untracked 
| 185|0x000000008b900000, 0x000000008ba00000, 0x000000008ba00000|100%| O|  |TAMS 0x000000008b900000| PB 0x000000008b900000| Untracked 
| 186|0x000000008ba00000, 0x000000008bb00000, 0x000000008bb00000|100%| O|  |TAMS 0x000000008ba00000| PB 0x000000008ba00000| Untracked 
| 187|0x000000008bb00000, 0x000000008bc00000, 0x000000008bc00000|100%|HS|  |TAMS 0x000000008bb00000| PB 0x000000008bb00000| Complete 
| 188|0x000000008bc00000, 0x000000008bd00000, 0x000000008bd00000|100%|HS|  |TAMS 0x000000008bc00000| PB 0x000000008bc00000| Complete 
| 189|0x000000008bd00000, 0x000000008be00000, 0x000000008be00000|100%|HS|  |TAMS 0x000000008bd00000| PB 0x000000008bd00000| Complete 
| 190|0x000000008be00000, 0x000000008bf00000, 0x000000008bf00000|100%|HS|  |TAMS 0x000000008be00000| PB 0x000000008be00000| Complete 
| 191|0x000000008bf00000, 0x000000008c000000, 0x000000008c000000|100%| O|  |TAMS 0x000000008bf00000| PB 0x000000008bf00000| Untracked 
| 192|0x000000008c000000, 0x000000008c100000, 0x000000008c100000|100%| O|  |TAMS 0x000000008c000000| PB 0x000000008c000000| Untracked 
| 193|0x000000008c100000, 0x000000008c200000, 0x000000008c200000|100%| O|  |TAMS 0x000000008c100000| PB 0x000000008c100000| Untracked 
| 194|0x000000008c200000, 0x000000008c300000, 0x000000008c300000|100%| O|  |TAMS 0x000000008c200000| PB 0x000000008c200000| Untracked 
| 195|0x000000008c300000, 0x000000008c400000, 0x000000008c400000|100%| O|  |TAMS 0x000000008c300000| PB 0x000000008c300000| Untracked 
| 196|0x000000008c400000, 0x000000008c500000, 0x000000008c500000|100%| O|  |TAMS 0x000000008c400000| PB 0x000000008c400000| Untracked 
| 197|0x000000008c500000, 0x000000008c600000, 0x000000008c600000|100%| O|Cm|TAMS 0x000000008c500000| PB 0x000000008c500000| Complete 
| 198|0x000000008c600000, 0x000000008c700000, 0x000000008c700000|100%| O|  |TAMS 0x000000008c600000| PB 0x000000008c600000| Untracked 
| 199|0x000000008c700000, 0x000000008c800000, 0x000000008c800000|100%| O|  |TAMS 0x000000008c700000| PB 0x000000008c700000| Untracked 
| 200|0x000000008c800000, 0x000000008c900000, 0x000000008c900000|100%| O|  |TAMS 0x000000008c800000| PB 0x000000008c800000| Untracked 
| 201|0x000000008c900000, 0x000000008ca00000, 0x000000008ca00000|100%| O|  |TAMS 0x000000008c900000| PB 0x000000008c900000| Untracked 
| 202|0x000000008ca00000, 0x000000008cb00000, 0x000000008cb00000|100%| O|  |TAMS 0x000000008ca00000| PB 0x000000008ca00000| Untracked 
| 203|0x000000008cb00000, 0x000000008cc00000, 0x000000008cc00000|100%| O|Cm|TAMS 0x000000008cb00000| PB 0x000000008cb00000| Complete 
| 204|0x000000008cc00000, 0x000000008cd00000, 0x000000008cd00000|100%| O|  |TAMS 0x000000008cc00000| PB 0x000000008cc00000| Untracked 
| 205|0x000000008cd00000, 0x000000008ce00000, 0x000000008ce00000|100%| O|  |TAMS 0x000000008cd00000| PB 0x000000008cd00000| Untracked 
| 206|0x000000008ce00000, 0x000000008cf00000, 0x000000008cf00000|100%| O|  |TAMS 0x000000008ce00000| PB 0x000000008ce00000| Untracked 
| 207|0x000000008cf00000, 0x000000008d000000, 0x000000008d000000|100%| O|  |TAMS 0x000000008cf00000| PB 0x000000008cf00000| Untracked 
| 208|0x000000008d000000, 0x000000008d100000, 0x000000008d100000|100%| O|Cm|TAMS 0x000000008d000000| PB 0x000000008d000000| Complete 
| 209|0x000000008d100000, 0x000000008d200000, 0x000000008d200000|100%| O|  |TAMS 0x000000008d100000| PB 0x000000008d100000| Untracked 
| 210|0x000000008d200000, 0x000000008d300000, 0x000000008d300000|100%| O|  |TAMS 0x000000008d200000| PB 0x000000008d200000| Untracked 
| 211|0x000000008d300000, 0x000000008d400000, 0x000000008d400000|100%| O|  |TAMS 0x000000008d300000| PB 0x000000008d300000| Untracked 
| 212|0x000000008d400000, 0x000000008d500000, 0x000000008d500000|100%| O|  |TAMS 0x000000008d400000| PB 0x000000008d400000| Untracked 
| 213|0x000000008d500000, 0x000000008d600000, 0x000000008d600000|100%| O|  |TAMS 0x000000008d500000| PB 0x000000008d500000| Untracked 
| 214|0x000000008d600000, 0x000000008d700000, 0x000000008d700000|100%| O|  |TAMS 0x000000008d600000| PB 0x000000008d600000| Untracked 
| 215|0x000000008d700000, 0x000000008d800000, 0x000000008d800000|100%| O|  |TAMS 0x000000008d700000| PB 0x000000008d700000| Untracked 
| 216|0x000000008d800000, 0x000000008d900000, 0x000000008d900000|100%| O|  |TAMS 0x000000008d800000| PB 0x000000008d800000| Untracked 
| 217|0x000000008d900000, 0x000000008da00000, 0x000000008da00000|100%| O|  |TAMS 0x000000008d900000| PB 0x000000008d900000| Untracked 
| 218|0x000000008da00000, 0x000000008db00000, 0x000000008db00000|100%| O|  |TAMS 0x000000008da00000| PB 0x000000008da00000| Untracked 
| 219|0x000000008db00000, 0x000000008db00000, 0x000000008dc00000|  0%| F|  |TAMS 0x000000008db00000| PB 0x000000008db00000| Untracked 
| 220|0x000000008dc00000, 0x000000008dc00000, 0x000000008dd00000|  0%| F|  |TAMS 0x000000008dc00000| PB 0x000000008dc00000| Untracked 
| 221|0x000000008dd00000, 0x000000008dd00000, 0x000000008de00000|  0%| F|  |TAMS 0x000000008dd00000| PB 0x000000008dd00000| Untracked 
| 222|0x000000008de00000, 0x000000008de00000, 0x000000008df00000|  0%| F|  |TAMS 0x000000008de00000| PB 0x000000008de00000| Untracked 
| 223|0x000000008df00000, 0x000000008df00000, 0x000000008e000000|  0%| F|  |TAMS 0x000000008df00000| PB 0x000000008df00000| Untracked 
| 224|0x000000008e000000, 0x000000008e000000, 0x000000008e100000|  0%| F|  |TAMS 0x000000008e000000| PB 0x000000008e000000| Untracked 
| 225|0x000000008e100000, 0x000000008e100000, 0x000000008e200000|  0%| F|  |TAMS 0x000000008e100000| PB 0x000000008e100000| Untracked 
| 226|0x000000008e200000, 0x000000008e200000, 0x000000008e300000|  0%| F|  |TAMS 0x000000008e200000| PB 0x000000008e200000| Untracked 
| 227|0x000000008e300000, 0x000000008e300000, 0x000000008e400000|  0%| F|  |TAMS 0x000000008e300000| PB 0x000000008e300000| Untracked 
| 228|0x000000008e400000, 0x000000008e400000, 0x000000008e500000|  0%| F|  |TAMS 0x000000008e400000| PB 0x000000008e400000| Untracked 
| 229|0x000000008e500000, 0x000000008e500000, 0x000000008e600000|  0%| F|  |TAMS 0x000000008e500000| PB 0x000000008e500000| Untracked 
| 230|0x000000008e600000, 0x000000008e700000, 0x000000008e700000|100%|HS|  |TAMS 0x000000008e600000| PB 0x000000008e600000| Complete 
| 231|0x000000008e700000, 0x000000008e800000, 0x000000008e800000|100%|HC|  |TAMS 0x000000008e700000| PB 0x000000008e700000| Complete 
| 232|0x000000008e800000, 0x000000008e900000, 0x000000008e900000|100%|HC|  |TAMS 0x000000008e800000| PB 0x000000008e800000| Complete 
| 233|0x000000008e900000, 0x000000008ea00000, 0x000000008ea00000|100%|HC|  |TAMS 0x000000008e900000| PB 0x000000008e900000| Complete 
| 234|0x000000008ea00000, 0x000000008eb00000, 0x000000008eb00000|100%|HC|  |TAMS 0x000000008ea00000| PB 0x000000008ea00000| Complete 
| 235|0x000000008eb00000, 0x000000008ec00000, 0x000000008ec00000|100%|HC|  |TAMS 0x000000008eb00000| PB 0x000000008eb00000| Complete 
| 236|0x000000008ec00000, 0x000000008ed00000, 0x000000008ed00000|100%|HC|  |TAMS 0x000000008ec00000| PB 0x000000008ec00000| Complete 
| 237|0x000000008ed00000, 0x000000008ee00000, 0x000000008ee00000|100%| O|  |TAMS 0x000000008ed00000| PB 0x000000008ed00000| Untracked 
| 238|0x000000008ee00000, 0x000000008ef00000, 0x000000008ef00000|100%| O|  |TAMS 0x000000008ee00000| PB 0x000000008ee00000| Untracked 
| 239|0x000000008ef00000, 0x000000008f000000, 0x000000008f000000|100%| O|  |TAMS 0x000000008ef00000| PB 0x000000008ef00000| Untracked 
| 240|0x000000008f000000, 0x000000008f100000, 0x000000008f100000|100%| O|  |TAMS 0x000000008f000000| PB 0x000000008f000000| Untracked 
| 241|0x000000008f100000, 0x000000008f200000, 0x000000008f200000|100%| O|  |TAMS 0x000000008f100000| PB 0x000000008f100000| Untracked 
| 242|0x000000008f200000, 0x000000008f300000, 0x000000008f300000|100%| O|  |TAMS 0x000000008f200000| PB 0x000000008f200000| Untracked 
| 243|0x000000008f300000, 0x000000008f400000, 0x000000008f400000|100%| O|  |TAMS 0x000000008f300000| PB 0x000000008f300000| Untracked 
| 244|0x000000008f400000, 0x000000008f47ef90, 0x000000008f500000| 49%| O|  |TAMS 0x000000008f400000| PB 0x000000008f400000| Untracked 
| 245|0x000000008f500000, 0x000000008f500000, 0x000000008f600000|  0%| F|  |TAMS 0x000000008f500000| PB 0x000000008f500000| Untracked 
| 246|0x000000008f600000, 0x000000008f600000, 0x000000008f700000|  0%| F|  |TAMS 0x000000008f600000| PB 0x000000008f600000| Untracked 
| 247|0x000000008f700000, 0x000000008f700000, 0x000000008f800000|  0%| F|  |TAMS 0x000000008f700000| PB 0x000000008f700000| Untracked 
| 248|0x000000008f800000, 0x000000008f800000, 0x000000008f900000|  0%| F|  |TAMS 0x000000008f800000| PB 0x000000008f800000| Untracked 
| 249|0x000000008f900000, 0x000000008f900000, 0x000000008fa00000|  0%| F|  |TAMS 0x000000008f900000| PB 0x000000008f900000| Untracked 
| 250|0x000000008fa00000, 0x000000008fa00000, 0x000000008fb00000|  0%| F|  |TAMS 0x000000008fa00000| PB 0x000000008fa00000| Untracked 
| 251|0x000000008fb00000, 0x000000008fb00000, 0x000000008fc00000|  0%| F|  |TAMS 0x000000008fb00000| PB 0x000000008fb00000| Untracked 
| 252|0x000000008fc00000, 0x000000008fc00000, 0x000000008fd00000|  0%| F|  |TAMS 0x000000008fc00000| PB 0x000000008fc00000| Untracked 
| 253|0x000000008fd00000, 0x000000008fd00000, 0x000000008fe00000|  0%| F|  |TAMS 0x000000008fd00000| PB 0x000000008fd00000| Untracked 
| 254|0x000000008fe00000, 0x000000008fe00000, 0x000000008ff00000|  0%| F|  |TAMS 0x000000008fe00000| PB 0x000000008fe00000| Untracked 
| 255|0x000000008ff00000, 0x000000008ff00000, 0x0000000090000000|  0%| F|  |TAMS 0x000000008ff00000| PB 0x000000008ff00000| Untracked 
| 256|0x0000000090000000, 0x0000000090000000, 0x0000000090100000|  0%| F|  |TAMS 0x0000000090000000| PB 0x0000000090000000| Untracked 
| 257|0x0000000090100000, 0x0000000090100000, 0x0000000090200000|  0%| F|  |TAMS 0x0000000090100000| PB 0x0000000090100000| Untracked 
| 258|0x0000000090200000, 0x0000000090200000, 0x0000000090300000|  0%| F|  |TAMS 0x0000000090200000| PB 0x0000000090200000| Untracked 
| 259|0x0000000090300000, 0x0000000090300000, 0x0000000090400000|  0%| F|  |TAMS 0x0000000090300000| PB 0x0000000090300000| Untracked 
| 260|0x0000000090400000, 0x0000000090400000, 0x0000000090500000|  0%| F|  |TAMS 0x0000000090400000| PB 0x0000000090400000| Untracked 
| 261|0x0000000090500000, 0x0000000090500000, 0x0000000090600000|  0%| F|  |TAMS 0x0000000090500000| PB 0x0000000090500000| Untracked 
| 262|0x0000000090600000, 0x0000000090600000, 0x0000000090700000|  0%| F|  |TAMS 0x0000000090600000| PB 0x0000000090600000| Untracked 
| 263|0x0000000090700000, 0x00000000907f2868, 0x0000000090800000| 94%| S|CS|TAMS 0x0000000090700000| PB 0x0000000090700000| Complete 
| 264|0x0000000090800000, 0x0000000090900000, 0x0000000090900000|100%| S|CS|TAMS 0x0000000090800000| PB 0x0000000090800000| Complete 
| 265|0x0000000090900000, 0x0000000090a00000, 0x0000000090a00000|100%| S|CS|TAMS 0x0000000090900000| PB 0x0000000090900000| Complete 
| 266|0x0000000090a00000, 0x0000000090a00000, 0x0000000090b00000|  0%| F|  |TAMS 0x0000000090a00000| PB 0x0000000090a00000| Untracked 
| 267|0x0000000090b00000, 0x0000000090b00000, 0x0000000090c00000|  0%| F|  |TAMS 0x0000000090b00000| PB 0x0000000090b00000| Untracked 
| 268|0x0000000090c00000, 0x0000000090c00000, 0x0000000090d00000|  0%| F|  |TAMS 0x0000000090c00000| PB 0x0000000090c00000| Untracked 
| 269|0x0000000090d00000, 0x0000000090d00000, 0x0000000090e00000|  0%| F|  |TAMS 0x0000000090d00000| PB 0x0000000090d00000| Untracked 
| 270|0x0000000090e00000, 0x0000000090e00000, 0x0000000090f00000|  0%| F|  |TAMS 0x0000000090e00000| PB 0x0000000090e00000| Untracked 
| 271|0x0000000090f00000, 0x0000000090f00000, 0x0000000091000000|  0%| F|  |TAMS 0x0000000090f00000| PB 0x0000000090f00000| Untracked 
| 272|0x0000000091000000, 0x0000000091000000, 0x0000000091100000|  0%| F|  |TAMS 0x0000000091000000| PB 0x0000000091000000| Untracked 
| 273|0x0000000091100000, 0x0000000091100000, 0x0000000091200000|  0%| F|  |TAMS 0x0000000091100000| PB 0x0000000091100000| Untracked 
| 274|0x0000000091200000, 0x0000000091200000, 0x0000000091300000|  0%| F|  |TAMS 0x0000000091200000| PB 0x0000000091200000| Untracked 
| 275|0x0000000091300000, 0x0000000091300000, 0x0000000091400000|  0%| F|  |TAMS 0x0000000091300000| PB 0x0000000091300000| Untracked 
| 276|0x0000000091400000, 0x0000000091400000, 0x0000000091500000|  0%| F|  |TAMS 0x0000000091400000| PB 0x0000000091400000| Untracked 
| 277|0x0000000091500000, 0x0000000091500000, 0x0000000091600000|  0%| F|  |TAMS 0x0000000091500000| PB 0x0000000091500000| Untracked 
| 278|0x0000000091600000, 0x0000000091600000, 0x0000000091700000|  0%| F|  |TAMS 0x0000000091600000| PB 0x0000000091600000| Untracked 
| 279|0x0000000091700000, 0x0000000091700000, 0x0000000091800000|  0%| F|  |TAMS 0x0000000091700000| PB 0x0000000091700000| Untracked 
| 280|0x0000000091800000, 0x0000000091800000, 0x0000000091900000|  0%| F|  |TAMS 0x0000000091800000| PB 0x0000000091800000| Untracked 
| 281|0x0000000091900000, 0x0000000091900000, 0x0000000091a00000|  0%| F|  |TAMS 0x0000000091900000| PB 0x0000000091900000| Untracked 
| 282|0x0000000091a00000, 0x0000000091a00000, 0x0000000091b00000|  0%| F|  |TAMS 0x0000000091a00000| PB 0x0000000091a00000| Untracked 
| 283|0x0000000091b00000, 0x0000000091b00000, 0x0000000091c00000|  0%| F|  |TAMS 0x0000000091b00000| PB 0x0000000091b00000| Untracked 
| 284|0x0000000091c00000, 0x0000000091c00000, 0x0000000091d00000|  0%| F|  |TAMS 0x0000000091c00000| PB 0x0000000091c00000| Untracked 
| 285|0x0000000091d00000, 0x0000000091d00000, 0x0000000091e00000|  0%| F|  |TAMS 0x0000000091d00000| PB 0x0000000091d00000| Untracked 
| 286|0x0000000091e00000, 0x0000000091e00000, 0x0000000091f00000|  0%| F|  |TAMS 0x0000000091e00000| PB 0x0000000091e00000| Untracked 
| 287|0x0000000091f00000, 0x0000000091f00000, 0x0000000092000000|  0%| F|  |TAMS 0x0000000091f00000| PB 0x0000000091f00000| Untracked 
| 288|0x0000000092000000, 0x0000000092000000, 0x0000000092100000|  0%| F|  |TAMS 0x0000000092000000| PB 0x0000000092000000| Untracked 
| 289|0x0000000092100000, 0x0000000092100000, 0x0000000092200000|  0%| F|  |TAMS 0x0000000092100000| PB 0x0000000092100000| Untracked 
| 290|0x0000000092200000, 0x0000000092200000, 0x0000000092300000|  0%| F|  |TAMS 0x0000000092200000| PB 0x0000000092200000| Untracked 
| 291|0x0000000092300000, 0x0000000092300000, 0x0000000092400000|  0%| F|  |TAMS 0x0000000092300000| PB 0x0000000092300000| Untracked 
| 292|0x0000000092400000, 0x0000000092400000, 0x0000000092500000|  0%| F|  |TAMS 0x0000000092400000| PB 0x0000000092400000| Untracked 
| 293|0x0000000092500000, 0x0000000092500000, 0x0000000092600000|  0%| F|  |TAMS 0x0000000092500000| PB 0x0000000092500000| Untracked 
| 294|0x0000000092600000, 0x0000000092600000, 0x0000000092700000|  0%| F|  |TAMS 0x0000000092600000| PB 0x0000000092600000| Untracked 
| 295|0x0000000092700000, 0x0000000092700000, 0x0000000092800000|  0%| F|  |TAMS 0x0000000092700000| PB 0x0000000092700000| Untracked 
| 296|0x0000000092800000, 0x0000000092800000, 0x0000000092900000|  0%| F|  |TAMS 0x0000000092800000| PB 0x0000000092800000| Untracked 
| 297|0x0000000092900000, 0x0000000092900000, 0x0000000092a00000|  0%| F|  |TAMS 0x0000000092900000| PB 0x0000000092900000| Untracked 
| 298|0x0000000092a00000, 0x0000000092a00000, 0x0000000092b00000|  0%| F|  |TAMS 0x0000000092a00000| PB 0x0000000092a00000| Untracked 
| 299|0x0000000092b00000, 0x0000000092b00000, 0x0000000092c00000|  0%| F|  |TAMS 0x0000000092b00000| PB 0x0000000092b00000| Untracked 
| 300|0x0000000092c00000, 0x0000000092c00000, 0x0000000092d00000|  0%| F|  |TAMS 0x0000000092c00000| PB 0x0000000092c00000| Untracked 
| 301|0x0000000092d00000, 0x0000000092d00000, 0x0000000092e00000|  0%| F|  |TAMS 0x0000000092d00000| PB 0x0000000092d00000| Untracked 
| 302|0x0000000092e00000, 0x0000000092e00000, 0x0000000092f00000|  0%| F|  |TAMS 0x0000000092e00000| PB 0x0000000092e00000| Untracked 
| 303|0x0000000092f00000, 0x0000000092f00000, 0x0000000093000000|  0%| F|  |TAMS 0x0000000092f00000| PB 0x0000000092f00000| Untracked 
| 304|0x0000000093000000, 0x0000000093000000, 0x0000000093100000|  0%| F|  |TAMS 0x0000000093000000| PB 0x0000000093000000| Untracked 
| 305|0x0000000093100000, 0x0000000093100000, 0x0000000093200000|  0%| F|  |TAMS 0x0000000093100000| PB 0x0000000093100000| Untracked 
| 306|0x0000000093200000, 0x0000000093200000, 0x0000000093300000|  0%| F|  |TAMS 0x0000000093200000| PB 0x0000000093200000| Untracked 
| 307|0x0000000093300000, 0x0000000093300000, 0x0000000093400000|  0%| F|  |TAMS 0x0000000093300000| PB 0x0000000093300000| Untracked 
| 308|0x0000000093400000, 0x0000000093400000, 0x0000000093500000|  0%| F|  |TAMS 0x0000000093400000| PB 0x0000000093400000| Untracked 
| 309|0x0000000093500000, 0x0000000093500000, 0x0000000093600000|  0%| F|  |TAMS 0x0000000093500000| PB 0x0000000093500000| Untracked 
| 310|0x0000000093600000, 0x0000000093600000, 0x0000000093700000|  0%| F|  |TAMS 0x0000000093600000| PB 0x0000000093600000| Untracked 
| 311|0x0000000093700000, 0x0000000093700000, 0x0000000093800000|  0%| F|  |TAMS 0x0000000093700000| PB 0x0000000093700000| Untracked 
| 312|0x0000000093800000, 0x0000000093800000, 0x0000000093900000|  0%| F|  |TAMS 0x0000000093800000| PB 0x0000000093800000| Untracked 
| 313|0x0000000093900000, 0x0000000093900000, 0x0000000093a00000|  0%| F|  |TAMS 0x0000000093900000| PB 0x0000000093900000| Untracked 
| 314|0x0000000093a00000, 0x0000000093a00000, 0x0000000093b00000|  0%| F|  |TAMS 0x0000000093a00000| PB 0x0000000093a00000| Untracked 
| 315|0x0000000093b00000, 0x0000000093b00000, 0x0000000093c00000|  0%| F|  |TAMS 0x0000000093b00000| PB 0x0000000093b00000| Untracked 
| 316|0x0000000093c00000, 0x0000000093c00000, 0x0000000093d00000|  0%| F|  |TAMS 0x0000000093c00000| PB 0x0000000093c00000| Untracked 
| 317|0x0000000093d00000, 0x0000000093d00000, 0x0000000093e00000|  0%| F|  |TAMS 0x0000000093d00000| PB 0x0000000093d00000| Untracked 
| 318|0x0000000093e00000, 0x0000000093e00000, 0x0000000093f00000|  0%| F|  |TAMS 0x0000000093e00000| PB 0x0000000093e00000| Untracked 
| 319|0x0000000093f00000, 0x0000000093f00000, 0x0000000094000000|  0%| F|  |TAMS 0x0000000093f00000| PB 0x0000000093f00000| Untracked 
| 320|0x0000000094000000, 0x0000000094000000, 0x0000000094100000|  0%| F|  |TAMS 0x0000000094000000| PB 0x0000000094000000| Untracked 
| 321|0x0000000094100000, 0x0000000094100000, 0x0000000094200000|  0%| F|  |TAMS 0x0000000094100000| PB 0x0000000094100000| Untracked 
| 322|0x0000000094200000, 0x0000000094200000, 0x0000000094300000|  0%| F|  |TAMS 0x0000000094200000| PB 0x0000000094200000| Untracked 
| 323|0x0000000094300000, 0x0000000094300000, 0x0000000094400000|  0%| F|  |TAMS 0x0000000094300000| PB 0x0000000094300000| Untracked 
| 324|0x0000000094400000, 0x0000000094400000, 0x0000000094500000|  0%| F|  |TAMS 0x0000000094400000| PB 0x0000000094400000| Untracked 
| 325|0x0000000094500000, 0x0000000094500000, 0x0000000094600000|  0%| F|  |TAMS 0x0000000094500000| PB 0x0000000094500000| Untracked 
| 326|0x0000000094600000, 0x0000000094600000, 0x0000000094700000|  0%| F|  |TAMS 0x0000000094600000| PB 0x0000000094600000| Untracked 
| 327|0x0000000094700000, 0x0000000094700000, 0x0000000094800000|  0%| F|  |TAMS 0x0000000094700000| PB 0x0000000094700000| Untracked 
| 328|0x0000000094800000, 0x0000000094800000, 0x0000000094900000|  0%| F|  |TAMS 0x0000000094800000| PB 0x0000000094800000| Untracked 
| 329|0x0000000094900000, 0x0000000094900000, 0x0000000094a00000|  0%| F|  |TAMS 0x0000000094900000| PB 0x0000000094900000| Untracked 
| 330|0x0000000094a00000, 0x0000000094ab71f0, 0x0000000094b00000| 71%| E|  |TAMS 0x0000000094a00000| PB 0x0000000094a00000| Complete 
| 331|0x0000000094b00000, 0x0000000094c00000, 0x0000000094c00000|100%| E|  |TAMS 0x0000000094b00000| PB 0x0000000094b00000| Complete 
| 332|0x0000000094c00000, 0x0000000094d00000, 0x0000000094d00000|100%| E|CS|TAMS 0x0000000094c00000| PB 0x0000000094c00000| Complete 
| 333|0x0000000094d00000, 0x0000000094e00000, 0x0000000094e00000|100%| E|CS|TAMS 0x0000000094d00000| PB 0x0000000094d00000| Complete 
| 334|0x0000000094e00000, 0x0000000094f00000, 0x0000000094f00000|100%| E|CS|TAMS 0x0000000094e00000| PB 0x0000000094e00000| Complete 
| 335|0x0000000094f00000, 0x0000000095000000, 0x0000000095000000|100%| E|CS|TAMS 0x0000000094f00000| PB 0x0000000094f00000| Complete 
| 336|0x0000000095000000, 0x0000000095100000, 0x0000000095100000|100%| E|CS|TAMS 0x0000000095000000| PB 0x0000000095000000| Complete 
| 337|0x0000000095100000, 0x0000000095200000, 0x0000000095200000|100%| E|CS|TAMS 0x0000000095100000| PB 0x0000000095100000| Complete 
| 338|0x0000000095200000, 0x0000000095300000, 0x0000000095300000|100%| E|CS|TAMS 0x0000000095200000| PB 0x0000000095200000| Complete 
| 339|0x0000000095300000, 0x0000000095400000, 0x0000000095400000|100%| E|CS|TAMS 0x0000000095300000| PB 0x0000000095300000| Complete 
| 340|0x0000000095400000, 0x0000000095500000, 0x0000000095500000|100%| E|CS|TAMS 0x0000000095400000| PB 0x0000000095400000| Complete 
| 341|0x0000000095500000, 0x0000000095600000, 0x0000000095600000|100%| E|CS|TAMS 0x0000000095500000| PB 0x0000000095500000| Complete 
| 342|0x0000000095600000, 0x0000000095700000, 0x0000000095700000|100%| E|CS|TAMS 0x0000000095600000| PB 0x0000000095600000| Complete 
| 343|0x0000000095700000, 0x0000000095800000, 0x0000000095800000|100%| E|CS|TAMS 0x0000000095700000| PB 0x0000000095700000| Complete 
| 344|0x0000000095800000, 0x0000000095900000, 0x0000000095900000|100%| E|CS|TAMS 0x0000000095800000| PB 0x0000000095800000| Complete 
| 345|0x0000000095900000, 0x0000000095a00000, 0x0000000095a00000|100%| E|CS|TAMS 0x0000000095900000| PB 0x0000000095900000| Complete 
| 346|0x0000000095a00000, 0x0000000095b00000, 0x0000000095b00000|100%| E|CS|TAMS 0x0000000095a00000| PB 0x0000000095a00000| Complete 
| 347|0x0000000095b00000, 0x0000000095c00000, 0x0000000095c00000|100%| E|CS|TAMS 0x0000000095b00000| PB 0x0000000095b00000| Complete 
| 348|0x0000000095c00000, 0x0000000095d00000, 0x0000000095d00000|100%| E|CS|TAMS 0x0000000095c00000| PB 0x0000000095c00000| Complete 
| 349|0x0000000095d00000, 0x0000000095e00000, 0x0000000095e00000|100%| E|CS|TAMS 0x0000000095d00000| PB 0x0000000095d00000| Complete 
| 350|0x0000000095e00000, 0x0000000095f00000, 0x0000000095f00000|100%| E|CS|TAMS 0x0000000095e00000| PB 0x0000000095e00000| Complete 
| 351|0x0000000095f00000, 0x0000000096000000, 0x0000000096000000|100%| E|CS|TAMS 0x0000000095f00000| PB 0x0000000095f00000| Complete 
| 352|0x0000000096000000, 0x0000000096100000, 0x0000000096100000|100%| E|CS|TAMS 0x0000000096000000| PB 0x0000000096000000| Complete 
| 353|0x0000000096100000, 0x0000000096200000, 0x0000000096200000|100%| E|CS|TAMS 0x0000000096100000| PB 0x0000000096100000| Complete 
|2035|0x00000000ff300000, 0x00000000ff400000, 0x00000000ff400000|100%| E|CS|TAMS 0x00000000ff300000| PB 0x00000000ff300000| Complete 
|2036|0x00000000ff400000, 0x00000000ff500000, 0x00000000ff500000|100%| E|CS|TAMS 0x00000000ff400000| PB 0x00000000ff400000| Complete 
|2037|0x00000000ff500000, 0x00000000ff600000, 0x00000000ff600000|100%| O|  |TAMS 0x00000000ff500000| PB 0x00000000ff500000| Untracked 
|2038|0x00000000ff600000, 0x00000000ff700000, 0x00000000ff700000|100%| O|  |TAMS 0x00000000ff600000| PB 0x00000000ff600000| Untracked 
|2039|0x00000000ff700000, 0x00000000ff800000, 0x00000000ff800000|100%| O|Cm|TAMS 0x00000000ff700000| PB 0x00000000ff700000| Complete 
|2040|0x00000000ff800000, 0x00000000ff900000, 0x00000000ff900000|100%| E|CS|TAMS 0x00000000ff800000| PB 0x00000000ff800000| Complete 
|2041|0x00000000ff900000, 0x00000000ffa00000, 0x00000000ffa00000|100%| O|  |TAMS 0x00000000ff900000| PB 0x00000000ff900000| Untracked 
|2042|0x00000000ffa00000, 0x00000000ffb00000, 0x00000000ffb00000|100%| O|  |TAMS 0x00000000ffa00000| PB 0x00000000ffa00000| Untracked 
|2043|0x00000000ffb00000, 0x00000000ffc00000, 0x00000000ffc00000|100%| O|  |TAMS 0x00000000ffb00000| PB 0x00000000ffb00000| Untracked 
|2044|0x00000000ffc00000, 0x00000000ffd00000, 0x00000000ffd00000|100%| O|  |TAMS 0x00000000ffc00000| PB 0x00000000ffc00000| Untracked 
|2045|0x00000000ffd00000, 0x00000000ffe00000, 0x00000000ffe00000|100%| O|  |TAMS 0x00000000ffd00000| PB 0x00000000ffd00000| Untracked 
|2046|0x00000000ffe00000, 0x00000000fff00000, 0x00000000fff00000|100%| E|CS|TAMS 0x00000000ffe00000| PB 0x00000000ffe00000| Complete 
|2047|0x00000000fff00000, 0x0000000100000000, 0x0000000100000000|100%| O|  |TAMS 0x00000000fff00000| PB 0x00000000fff00000| Untracked 

Card table byte_map: [0x00000210f5d30000,0x00000210f6130000] _byte_map_base: 0x00000210f5930000

Marking Bits: (CMBitMap*) 0x00000210e30b37a0
 Bits: [0x00000210f6130000, 0x00000210f8130000)

Polling page: 0x00000210e1690000

Metaspace:

Usage:
  Non-class:    138.00 MB used.
      Class:     21.92 MB used.
       Both:    159.93 MB used.

Virtual space:
  Non-class space:      192.00 MB reserved,     139.31 MB ( 73%) committed,  3 nodes.
      Class space:        1.00 GB reserved,      23.19 MB (  2%) committed,  1 nodes.
             Both:        1.19 GB reserved,     162.50 MB ( 13%) committed. 

Chunk freelists:
   Non-Class:  4.55 MB
       Class:  8.83 MB
        Both:  13.37 MB

MaxMetaspaceSize: unlimited
CompressedClassSpaceSize: 1.00 GB
Initial GC threshold: 21.00 MB
Current GC threshold: 251.69 MB
CDS: off
 - commit_granule_bytes: 65536.
 - commit_granule_words: 8192.
 - virtual_space_node_default_size: 8388608.
 - enlarge_chunks_in_place: 1.
 - use_allocation_guard: 0.


Internal statistics:

num_allocs_failed_limit: 6.
num_arena_births: 5222.
num_arena_deaths: 2.
num_vsnodes_births: 4.
num_vsnodes_deaths: 0.
num_space_committed: 2597.
num_space_uncommitted: 0.
num_chunks_returned_to_freelist: 8.
num_chunks_taken_from_freelist: 12362.
num_chunk_merges: 3.
num_chunk_splits: 8159.
num_chunks_enlarged: 5284.
num_inconsistent_stats: 0.

CodeHeap 'non-profiled nmethods': size=120000Kb used=10472Kb max_used=10472Kb free=109527Kb
 bounds [0x00000210eddc0000, 0x00000210ee800000, 0x00000210f52f0000]
CodeHeap 'profiled nmethods': size=120000Kb used=30008Kb max_used=30008Kb free=89991Kb
 bounds [0x00000210e62f0000, 0x00000210e8040000, 0x00000210ed820000]
CodeHeap 'non-nmethods': size=5760Kb used=2158Kb max_used=2259Kb free=3601Kb
 bounds [0x00000210ed820000, 0x00000210eda90000, 0x00000210eddc0000]
CodeCache: size=245760Kb, used=42638Kb, max_used=42739Kb, free=203119Kb
 total_blobs=16861, nmethods=15854, adapters=910, full_count=0
Compilation: enabled, stopped_count=0, restarted_count=0

Compilation events (20 events):
Event: 50.127 Thread 0x000002108c882470 nmethod 18884 0x00000210ee7f9b10 code [0x00000210ee7f9ca0, 0x00000210ee7f9d78]
Event: 50.128 Thread 0x00000210fa9b1350 nmethod 18886 0x00000210e8039d90 code [0x00000210e8039f40, 0x00000210e803a0e0]
Event: 50.128 Thread 0x00000210fa9b1350 18889       3       com.android.tools.r8.synthesis.c::a (8 bytes)
Event: 50.128 Thread 0x00000210fa9b1350 nmethod 18889 0x00000210e803a190 code [0x00000210e803a360, 0x00000210e803a680]
Event: 50.128 Thread 0x00000210fa9b1350 18887       3       com.android.tools.r8.synthesis.c::a (50 bytes)
Event: 50.128 Thread 0x00000210fa9a0770 18895       4       com.android.tools.r8.synthesis.w0::c (2 bytes)
Event: 50.129 Thread 0x00000210fa9b1350 nmethod 18887 0x00000210e803a810 code [0x00000210e803aa20, 0x00000210e803b260]
Event: 50.129 Thread 0x00000210fa9b1350 18888       3       com.android.tools.r8.synthesis.c$$Lambda/0x00000001015bd348::apply (8 bytes)
Event: 50.129 Thread 0x00000210fa9a0770 nmethod 18895 0x00000210ee7f9e10 code [0x00000210ee7f9fa0, 0x00000210ee7fa028]
Event: 50.129 Thread 0x00000210fa9b1350 nmethod 18888 0x00000210e803b510 code [0x00000210e803b6e0, 0x00000210e803bb68]
Event: 50.129 Thread 0x00000210fa9b1350 18892       3       com.android.tools.r8.synthesis.w0::a (8 bytes)
Event: 50.129 Thread 0x00000210fa9b1350 nmethod 18892 0x00000210e803bd10 code [0x00000210e803bec0, 0x00000210e803c098]
Event: 50.129 Thread 0x00000210fa9b1350 18893       3       com.android.tools.r8.synthesis.c$$Lambda/0x00000001015bd0e0::accept (12 bytes)
Event: 50.129 Thread 0x00000210fa9b1350 nmethod 18893 0x00000210e803c190 code [0x00000210e803c340, 0x00000210e803c568]
Event: 50.129 Thread 0x00000210fa9b1350 18894       3       com.android.tools.r8.synthesis.c::a (35 bytes)
Event: 50.129 Thread 0x00000210fa9b1350 nmethod 18894 0x00000210e803c690 code [0x00000210e803c880, 0x00000210e803cd38]
Event: 50.129 Thread 0x00000210fa9b1350 18890       3       com.android.tools.r8.synthesis.w0::getHolder (8 bytes)
Event: 50.130 Thread 0x00000210fa9b1350 nmethod 18890 0x00000210e803cf10 code [0x00000210e803d0c0, 0x00000210e803d2b0]
Event: 50.130 Thread 0x00000210fa9b1350 18891   !   3       com.android.tools.r8.graph.g7$a::a (106 bytes)
Event: 50.131 Thread 0x00000210fa9b1350 nmethod 18891 0x00000210e803d390 code [0x00000210e803d600, 0x00000210e803e1e0]

GC Heap History (20 events):
Event: 40.035 GC heap before
{Heap before GC invocations=50 (full 0):
 garbage-first heap   total 242688K, used 225619K [0x0000000080000000, 0x0000000100000000)
  region size 1024K, 74 young (75776K), 4 survivors (4096K)
 Metaspace       used 142108K, committed 144704K, reserved 1179648K
  class space    used 19208K, committed 20480K, reserved 1048576K
}
Event: 40.049 GC heap after
{Heap after GC invocations=51 (full 0):
 garbage-first heap   total 242688K, used 159085K [0x0000000080000000, 0x0000000100000000)
  region size 1024K, 9 young (9216K), 9 survivors (9216K)
 Metaspace       used 142108K, committed 144704K, reserved 1179648K
  class space    used 19208K, committed 20480K, reserved 1048576K
}
Event: 41.172 GC heap before
{Heap before GC invocations=52 (full 0):
 garbage-first heap   total 266240K, used 225645K [0x0000000080000000, 0x0000000100000000)
  region size 1024K, 74 young (75776K), 9 survivors (9216K)
 Metaspace       used 144135K, committed 146752K, reserved 1179648K
  class space    used 19478K, committed 20800K, reserved 1048576K
}
Event: 41.194 GC heap after
{Heap after GC invocations=53 (full 0):
 garbage-first heap   total 266240K, used 167329K [0x0000000080000000, 0x0000000100000000)
  region size 1024K, 8 young (8192K), 8 survivors (8192K)
 Metaspace       used 144135K, committed 146752K, reserved 1179648K
  class space    used 19478K, committed 20800K, reserved 1048576K
}
Event: 44.781 GC heap before
{Heap before GC invocations=53 (full 0):
 garbage-first heap   total 266240K, used 245153K [0x0000000080000000, 0x0000000100000000)
  region size 1024K, 85 young (87040K), 8 survivors (8192K)
 Metaspace       used 146359K, committed 148992K, reserved 1179648K
  class space    used 19864K, committed 21184K, reserved 1048576K
}
Event: 44.807 GC heap after
{Heap after GC invocations=54 (full 0):
 garbage-first heap   total 267264K, used 175981K [0x0000000080000000, 0x0000000100000000)
  region size 1024K, 10 young (10240K), 10 survivors (10240K)
 Metaspace       used 146359K, committed 148992K, reserved 1179648K
  class space    used 19864K, committed 21184K, reserved 1048576K
}
Event: 44.970 GC heap before
{Heap before GC invocations=54 (full 0):
 garbage-first heap   total 267264K, used 184173K [0x0000000080000000, 0x0000000100000000)
  region size 1024K, 19 young (19456K), 10 survivors (10240K)
 Metaspace       used 147551K, committed 150208K, reserved 1179648K
  class space    used 20005K, committed 21312K, reserved 1048576K
}
Event: 44.982 GC heap after
{Heap after GC invocations=55 (full 0):
 garbage-first heap   total 267264K, used 177824K [0x0000000080000000, 0x0000000100000000)
  region size 1024K, 2 young (2048K), 2 survivors (2048K)
 Metaspace       used 147551K, committed 150208K, reserved 1179648K
  class space    used 20005K, committed 21312K, reserved 1048576K
}
Event: 46.065 GC heap before
{Heap before GC invocations=56 (full 0):
 garbage-first heap   total 301056K, used 248480K [0x0000000080000000, 0x0000000100000000)
  region size 1024K, 70 young (71680K), 2 survivors (2048K)
 Metaspace       used 151735K, committed 154368K, reserved 1245184K
  class space    used 20596K, committed 21888K, reserved 1048576K
}
Event: 46.077 GC heap after
{Heap after GC invocations=57 (full 0):
 garbage-first heap   total 301056K, used 188259K [0x0000000080000000, 0x0000000100000000)
  region size 1024K, 9 young (9216K), 9 survivors (9216K)
 Metaspace       used 151735K, committed 154368K, reserved 1245184K
  class space    used 20596K, committed 21888K, reserved 1048576K
}
Event: 46.443 GC heap before
{Heap before GC invocations=57 (full 0):
 garbage-first heap   total 301056K, used 272227K [0x0000000080000000, 0x0000000100000000)
  region size 1024K, 92 young (94208K), 9 survivors (9216K)
 Metaspace       used 151946K, committed 154560K, reserved 1245184K
  class space    used 20602K, committed 21888K, reserved 1048576K
}
Event: 46.472 GC heap after
{Heap after GC invocations=58 (full 0):
 garbage-first heap   total 301056K, used 204800K [0x0000000080000000, 0x0000000100000000)
  region size 1024K, 12 young (12288K), 12 survivors (12288K)
 Metaspace       used 151946K, committed 154560K, reserved 1245184K
  class space    used 20602K, committed 21888K, reserved 1048576K
}
Event: 46.686 GC heap before
{Heap before GC invocations=58 (full 0):
 garbage-first heap   total 301056K, used 270336K [0x0000000080000000, 0x0000000100000000)
  region size 1024K, 77 young (78848K), 12 survivors (12288K)
 Metaspace       used 151970K, committed 154560K, reserved 1245184K
  class space    used 20607K, committed 21888K, reserved 1048576K
}
Event: 46.731 GC heap after
{Heap after GC invocations=59 (full 0):
 garbage-first heap   total 301056K, used 216064K [0x0000000080000000, 0x0000000100000000)
  region size 1024K, 10 young (10240K), 10 survivors (10240K)
 Metaspace       used 151970K, committed 154560K, reserved 1245184K
  class space    used 20607K, committed 21888K, reserved 1048576K
}
Event: 46.761 GC heap before
{Heap before GC invocations=59 (full 0):
 garbage-first heap   total 301056K, used 226304K [0x0000000080000000, 0x0000000100000000)
  region size 1024K, 20 young (20480K), 10 survivors (10240K)
 Metaspace       used 151973K, committed 154560K, reserved 1245184K
  class space    used 20608K, committed 21888K, reserved 1048576K
}
Event: 46.781 GC heap after
{Heap after GC invocations=60 (full 0):
 garbage-first heap   total 301056K, used 222167K [0x0000000080000000, 0x0000000100000000)
  region size 1024K, 4 young (4096K), 4 survivors (4096K)
 Metaspace       used 151973K, committed 154560K, reserved 1245184K
  class space    used 20608K, committed 21888K, reserved 1048576K
}
Event: 47.291 GC heap before
{Heap before GC invocations=60 (full 0):
 garbage-first heap   total 375808K, used 278487K [0x0000000080000000, 0x0000000100000000)
  region size 1024K, 56 young (57344K), 4 survivors (4096K)
 Metaspace       used 152023K, committed 154624K, reserved 1245184K
  class space    used 20615K, committed 21888K, reserved 1048576K
}
Event: 47.323 GC heap after
{Heap after GC invocations=61 (full 0):
 garbage-first heap   total 375808K, used 240128K [0x0000000080000000, 0x0000000100000000)
  region size 1024K, 7 young (7168K), 7 survivors (7168K)
 Metaspace       used 152023K, committed 154624K, reserved 1245184K
  class space    used 20615K, committed 21888K, reserved 1048576K
}
Event: 49.368 GC heap before
{Heap before GC invocations=62 (full 0):
 garbage-first heap   total 375808K, used 344576K [0x0000000080000000, 0x0000000100000000)
  region size 1024K, 92 young (94208K), 7 survivors (7168K)
 Metaspace       used 162234K, committed 164928K, reserved 1245184K
  class space    used 22248K, committed 23552K, reserved 1048576K
}
Event: 49.393 GC heap after
{Heap after GC invocations=63 (full 0):
 garbage-first heap   total 375808K, used 249285K [0x0000000080000000, 0x0000000100000000)
  region size 1024K, 3 young (3072K), 3 survivors (3072K)
 Metaspace       used 162234K, committed 164928K, reserved 1245184K
  class space    used 22248K, committed 23552K, reserved 1048576K
}

Dll operation events (3 events):
Event: 0.022 Loaded shared library C:\Program Files\Android\Android Studio\jbr\bin\java.dll
Event: 0.033 Loaded shared library C:\Program Files\Android\Android Studio\jbr\bin\zip.dll
Event: 0.798 Loaded shared library C:\Program Files\Android\Android Studio\jbr\bin\verify.dll

Deoptimization events (20 events):
Event: 49.863 Thread 0x000002108b5b5f20 DEOPT PACKING pc=0x00000210ede7f5d8 sp=0x0000009b3ebfa720
Event: 49.863 Thread 0x000002108b5b5f20 DEOPT UNPACKING pc=0x00000210ed8743a2 sp=0x0000009b3ebfa6d8 mode 2
Event: 49.876 Thread 0x000002108b5b5f20 Uncommon trap: trap_request=0xffffff45 fr.pc=0x00000210ee42526c relative=0x00000000000003ec
Event: 49.876 Thread 0x000002108b5b5f20 Uncommon trap: reason=unstable_if action=reinterpret pc=0x00000210ee42526c method=com.android.tools.r8.internal.p80.F(Ljava/lang/String;)Z @ 26 c2
Event: 49.876 Thread 0x000002108b5b5f20 DEOPT PACKING pc=0x00000210ee42526c sp=0x0000009b3ebf9de0
Event: 49.876 Thread 0x000002108b5b5f20 DEOPT UNPACKING pc=0x00000210ed8743a2 sp=0x0000009b3ebf9d28 mode 2
Event: 49.887 Thread 0x000002108b5b5f20 Uncommon trap: trap_request=0xffffff45 fr.pc=0x00000210ee59a5f0 relative=0x0000000000000290
Event: 49.887 Thread 0x000002108b5b5f20 Uncommon trap: reason=unstable_if action=reinterpret pc=0x00000210ee59a5f0 method=com.android.tools.r8.internal.p80.F(Ljava/lang/String;)Z @ 26 c2
Event: 49.887 Thread 0x000002108b5b5f20 DEOPT PACKING pc=0x00000210ee59a5f0 sp=0x0000009b3ebfa2d0
Event: 49.887 Thread 0x000002108b5b5f20 DEOPT UNPACKING pc=0x00000210ed8743a2 sp=0x0000009b3ebfa270 mode 2
Event: 49.998 Thread 0x000002108c0d3670 DEOPT PACKING pc=0x00000210e7dc9c3a sp=0x0000009b3f1fe520
Event: 49.998 Thread 0x000002108c0d3670 DEOPT UNPACKING pc=0x00000210ed874b42 sp=0x0000009b3f1fda30 mode 0
Event: 50.033 Thread 0x000002108c0d2950 DEOPT PACKING pc=0x00000210e7dc9c19 sp=0x0000009b3f0fe670
Event: 50.033 Thread 0x000002108c0d2950 DEOPT UNPACKING pc=0x00000210ed874b42 sp=0x0000009b3f0fdb80 mode 0
Event: 50.051 Thread 0x000002108c0d2950 DEOPT PACKING pc=0x00000210e7dc9c19 sp=0x0000009b3f0fe380
Event: 50.051 Thread 0x000002108c0d2950 DEOPT UNPACKING pc=0x00000210ed874b42 sp=0x0000009b3f0fd890 mode 0
Event: 50.096 Thread 0x000002108c0d3670 Uncommon trap: trap_request=0xffffff45 fr.pc=0x00000210ee7f0f6c relative=0x000000000000014c
Event: 50.096 Thread 0x000002108c0d3670 Uncommon trap: reason=unstable_if action=reinterpret pc=0x00000210ee7f0f6c method=java.util.concurrent.ForkJoinPool$WorkQueue.tryPoll()Ljava/util/concurrent/ForkJoinTask; @ 46 c2
Event: 50.096 Thread 0x000002108c0d3670 DEOPT PACKING pc=0x00000210ee7f0f6c sp=0x0000009b3f1ff0d0
Event: 50.097 Thread 0x000002108c0d3670 DEOPT UNPACKING pc=0x00000210ed8743a2 sp=0x0000009b3f1ff068 mode 2

Classes loaded (20 events):
Event: 45.723 Loading class java/util/concurrent/ForkJoinPool$DefaultForkJoinWorkerThreadFactory$1
Event: 45.723 Loading class java/util/concurrent/ForkJoinPool$DefaultForkJoinWorkerThreadFactory$1 done
Event: 46.841 Loading class java/util/concurrent/CountedCompleter
Event: 46.841 Loading class java/util/concurrent/CountedCompleter done
Event: 46.948 Loading class java/util/concurrent/ConcurrentHashMap$TreeNode
Event: 46.950 Loading class java/util/concurrent/ConcurrentHashMap$TreeNode done
Event: 46.950 Loading class java/util/concurrent/ConcurrentHashMap$TreeBin
Event: 46.950 Loading class java/util/concurrent/ConcurrentHashMap$TreeBin done
Event: 48.822 Loading class java/util/IdentityHashMap$EntrySpliterator
Event: 48.822 Loading class java/util/IdentityHashMap$IdentityHashMapSpliterator
Event: 48.822 Loading class java/util/IdentityHashMap$IdentityHashMapSpliterator done
Event: 48.822 Loading class java/util/IdentityHashMap$EntrySpliterator done
Event: 48.877 Loading class java/util/PriorityQueue
Event: 48.877 Loading class java/util/PriorityQueue done
Event: 49.015 Loading class java/util/SortedSet$1
Event: 49.015 Loading class java/util/SortedSet$1 done
Event: 49.196 Loading class java/util/concurrent/ForkJoinTask$AdaptedCallable
Event: 49.196 Loading class java/util/concurrent/ForkJoinTask$AdaptedCallable done
Event: 49.810 Loading class java/util/IdentityHashMap$ValueIterator
Event: 49.810 Loading class java/util/IdentityHashMap$ValueIterator done

Classes unloaded (1 events):
Event: 45.283 Thread 0x00000210fa7bea90 Unloading class 0x0000000100f5c000 'java/lang/invoke/LambdaForm$MH+0x0000000100f5c000'

Classes redefined (0 events):
No events

Internal exceptions (20 events):
Event: 49.910 Thread 0x000002108b5b5f20 Exception <a 'sun/nio/fs/WindowsException'{0x00000000954dbf68}> (0x00000000954dbf68) 
thrown [s\src\hotspot\share\prims\jni.cpp, line 537]
Event: 49.912 Thread 0x000002108b5b5f20 Exception <a 'sun/nio/fs/WindowsException'{0x00000000954e7aa0}> (0x00000000954e7aa0) 
thrown [s\src\hotspot\share\prims\jni.cpp, line 537]
Event: 49.917 Thread 0x000002108b5b5f20 Exception <a 'sun/nio/fs/WindowsException'{0x000000009531e7c8}> (0x000000009531e7c8) 
thrown [s\src\hotspot\share\prims\jni.cpp, line 537]
Event: 49.920 Thread 0x000002108b5b5f20 Exception <a 'sun/nio/fs/WindowsException'{0x0000000095331938}> (0x0000000095331938) 
thrown [s\src\hotspot\share\prims\jni.cpp, line 537]
Event: 49.921 Thread 0x000002108b5b5f20 Exception <a 'java/lang/NoSuchMethodError'{0x00000000953370e0}: 'void java.lang.invoke.DirectMethodHandle$Holder.invokeStatic(java.lang.Object, java.lang.Object, java.lang.Object, java.lang.Object, java.lang.Object, java.lang.Object, java.lang.Object, java.lang.Object, java.lang.Object)'> (0x00000000953370e0) 
thrown [s\src\hotspot\share\interpreter\linkResolver.cpp, line 784]
Event: 49.922 Thread 0x000002108c0d2950 Exception <a 'sun/nio/fs/WindowsException'{0x000000009594ec70}> (0x000000009594ec70) 
thrown [s\src\hotspot\share\prims\jni.cpp, line 537]
Event: 50.057 Thread 0x000002108c0d2950 Exception <a 'sun/nio/fs/WindowsException'{0x00000000950c3828}> (0x00000000950c3828) 
thrown [s\src\hotspot\share\prims\jni.cpp, line 537]
Event: 50.070 Thread 0x000002108c0d2950 Exception <a 'sun/nio/fs/WindowsException'{0x00000000950c8208}> (0x00000000950c8208) 
thrown [s\src\hotspot\share\prims\jni.cpp, line 537]
Event: 50.082 Thread 0x000002108c0d2950 Exception <a 'sun/nio/fs/WindowsException'{0x00000000950cdff0}> (0x00000000950cdff0) 
thrown [s\src\hotspot\share\prims\jni.cpp, line 537]
Event: 50.096 Thread 0x000002108c0d2950 Exception <a 'sun/nio/fs/WindowsException'{0x00000000950d2950}> (0x00000000950d2950) 
thrown [s\src\hotspot\share\prims\jni.cpp, line 537]
Event: 50.130 Thread 0x000002108b5b5f20 Exception <a 'sun/nio/fs/WindowsException'{0x0000000094b88098}> (0x0000000094b88098) 
thrown [s\src\hotspot\share\prims\jni.cpp, line 537]
Event: 50.133 Thread 0x000002108b5b5f20 Exception <a 'sun/nio/fs/WindowsException'{0x0000000094b9f298}> (0x0000000094b9f298) 
thrown [s\src\hotspot\share\prims\jni.cpp, line 537]
Event: 50.134 Thread 0x000002108b5b5f20 Exception <a 'sun/nio/fs/WindowsException'{0x0000000094ba87c0}> (0x0000000094ba87c0) 
thrown [s\src\hotspot\share\prims\jni.cpp, line 537]
Event: 50.137 Thread 0x000002108b5b5f20 Exception <a 'sun/nio/fs/WindowsException'{0x0000000094bb4bb8}> (0x0000000094bb4bb8) 
thrown [s\src\hotspot\share\prims\jni.cpp, line 537]
Event: 50.139 Thread 0x000002108b5b5f20 Exception <a 'sun/nio/fs/WindowsException'{0x0000000094bbea18}> (0x0000000094bbea18) 
thrown [s\src\hotspot\share\prims\jni.cpp, line 537]
Event: 50.142 Thread 0x000002108b5b5f20 Exception <a 'sun/nio/fs/WindowsException'{0x0000000094bd1ea0}> (0x0000000094bd1ea0) 
thrown [s\src\hotspot\share\prims\jni.cpp, line 537]
Event: 50.142 Thread 0x000002108b5b5f20 Exception <a 'sun/nio/fs/WindowsException'{0x0000000094bda978}> (0x0000000094bda978) 
thrown [s\src\hotspot\share\prims\jni.cpp, line 537]
Event: 50.144 Thread 0x000002108b5b5f20 Exception <a 'sun/nio/fs/WindowsException'{0x0000000094be5418}> (0x0000000094be5418) 
thrown [s\src\hotspot\share\prims\jni.cpp, line 537]
Event: 50.146 Thread 0x000002108b5b5f20 Exception <a 'sun/nio/fs/WindowsException'{0x0000000094bef570}> (0x0000000094bef570) 
thrown [s\src\hotspot\share\prims\jni.cpp, line 537]
Event: 50.148 Thread 0x000002108b5b5f20 Exception <a 'sun/nio/fs/WindowsException'{0x0000000094bf95d0}> (0x0000000094bf95d0) 
thrown [s\src\hotspot\share\prims\jni.cpp, line 537]

ZGC Phase Switch (0 events):
No events

VM Operations (20 events):
Event: 49.237 Executing safepoint VM operation: ICBufferFull
Event: 49.237 Executing safepoint VM operation: ICBufferFull done
Event: 49.355 Executing safepoint VM operation: ICBufferFull
Event: 49.355 Executing safepoint VM operation: ICBufferFull done
Event: 49.364 Executing non-safepoint VM operation: HandshakeAllThreads (Deoptimize)
Event: 49.364 Executing non-safepoint VM operation: HandshakeAllThreads (Deoptimize) done
Event: 49.368 Executing safepoint VM operation: G1CollectForAllocation (G1 Evacuation Pause)
Event: 49.393 Executing safepoint VM operation: G1CollectForAllocation (G1 Evacuation Pause) done
Event: 49.475 Executing non-safepoint VM operation: HandshakeAllThreads (Deoptimize)
Event: 49.475 Executing non-safepoint VM operation: HandshakeAllThreads (Deoptimize) done
Event: 49.480 Executing non-safepoint VM operation: HandshakeAllThreads (Deoptimize)
Event: 49.480 Executing non-safepoint VM operation: HandshakeAllThreads (Deoptimize) done
Event: 49.585 Executing safepoint VM operation: ICBufferFull
Event: 49.585 Executing safepoint VM operation: ICBufferFull done
Event: 49.875 Executing safepoint VM operation: ICBufferFull
Event: 49.875 Executing safepoint VM operation: ICBufferFull done
Event: 49.893 Executing non-safepoint VM operation: HandshakeAllThreads (Deoptimize)
Event: 49.893 Executing non-safepoint VM operation: HandshakeAllThreads (Deoptimize) done
Event: 49.900 Executing non-safepoint VM operation: HandshakeAllThreads (Deoptimize)
Event: 49.900 Executing non-safepoint VM operation: HandshakeAllThreads (Deoptimize) done

Memory protections (0 events):
No events

Nmethod flushes (20 events):
Event: 47.252 Thread 0x00000210fa7bea90 flushing  nmethod 0x00000210e6ed9290
Event: 47.252 Thread 0x00000210fa7bea90 flushing  nmethod 0x00000210e6ed9690
Event: 47.252 Thread 0x00000210fa7bea90 flushing  nmethod 0x00000210e6eff190
Event: 47.252 Thread 0x00000210fa7bea90 flushing  nmethod 0x00000210e6f55190
Event: 47.252 Thread 0x00000210fa7bea90 flushing  nmethod 0x00000210e6f56d10
Event: 47.252 Thread 0x00000210fa7bea90 flushing  nmethod 0x00000210e6fd0110
Event: 47.252 Thread 0x00000210fa7bea90 flushing  nmethod 0x00000210e6ff3790
Event: 47.252 Thread 0x00000210fa7bea90 flushing  nmethod 0x00000210e7168a10
Event: 47.252 Thread 0x00000210fa7bea90 flushing  nmethod 0x00000210e71c2d10
Event: 47.252 Thread 0x00000210fa7bea90 flushing  nmethod 0x00000210e72c2390
Event: 47.252 Thread 0x00000210fa7bea90 flushing  nmethod 0x00000210e7558310
Event: 47.252 Thread 0x00000210fa7bea90 flushing  nmethod 0x00000210e76ef110
Event: 47.252 Thread 0x00000210fa7bea90 flushing  nmethod 0x00000210e76f4990
Event: 47.252 Thread 0x00000210fa7bea90 flushing  nmethod 0x00000210e76f4e10
Event: 47.252 Thread 0x00000210fa7bea90 flushing  nmethod 0x00000210e76f5890
Event: 47.252 Thread 0x00000210fa7bea90 flushing  nmethod 0x00000210e7ae2610
Event: 47.252 Thread 0x00000210fa7bea90 flushing  nmethod 0x00000210e7d0ca90
Event: 47.252 Thread 0x00000210fa7bea90 flushing  nmethod 0x00000210e7d0ce90
Event: 47.252 Thread 0x00000210fa7bea90 flushing  nmethod 0x00000210e7d0dd10
Event: 47.252 Thread 0x00000210fa7bea90 flushing  nmethod 0x00000210e7d0f690

Events (20 events):
Event: 41.506 Thread 0x0000021081c04510 Thread added: 0x000002108b5b7ff0
Event: 41.507 Thread 0x0000021081c04510 Thread added: 0x000002108b5b5200
Event: 41.580 Thread 0x0000021081c04510 Thread added: 0x000002108b5b5890
Event: 41.610 Thread 0x000002108b5b5890 Thread added: 0x000002108b5b5f20
Event: 41.611 Thread 0x000002108b5b5890 Thread added: 0x000002108b5b65b0
Event: 41.611 Thread 0x000002108b5b5890 Thread added: 0x000002108b5b6c40
Event: 41.613 Thread 0x000002108b5b5890 Thread added: 0x0000021081b5f0c0
Event: 42.331 Thread 0x000002108c87e720 Thread exited: 0x000002108c87e720
Event: 44.053 Thread 0x00000210fa9b1350 Thread added: 0x000002108c87e720
Event: 44.474 Thread 0x000002108b5b5890 Thread added: 0x0000021081b61eb0
Event: 45.472 Thread 0x000002108c87e720 Thread exited: 0x000002108c87e720
Event: 45.724 Thread 0x000002108b5b5f20 Thread added: 0x000002108c0d2fe0
Event: 45.724 Thread 0x000002108b5b5f20 Thread added: 0x000002108c0d2950
Event: 45.724 Thread 0x000002108c0d2950 Thread added: 0x000002108c0d3670
Event: 45.725 Thread 0x000002108c0d3670 Thread added: 0x000002108c0d1c30
Event: 45.959 Thread 0x00000210fa9b1350 Thread added: 0x000002108c87f4c0
Event: 47.665 Thread 0x000002108c87f4c0 Thread exited: 0x000002108c87f4c0
Event: 47.886 Thread 0x00000210fa9b1350 Thread added: 0x000002108c880260
Event: 48.475 Thread 0x000002108c880260 Thread exited: 0x000002108c880260
Event: 49.714 Thread 0x00000210fa9b1350 Thread added: 0x000002108c882470


Dynamic libraries:
0x00007ff7b2180000 - 0x00007ff7b218a000 	C:\Program Files\Android\Android Studio\jbr\bin\java.exe
0x00007fffff600000 - 0x00007fffff868000 	C:\WINDOWS\SYSTEM32\ntdll.dll
0x00007ffffe270000 - 0x00007ffffe339000 	C:\WINDOWS\System32\KERNEL32.DLL
0x00007ffffce60000 - 0x00007ffffd252000 	C:\WINDOWS\System32\KERNELBASE.dll
0x00007ffffc980000 - 0x00007ffffcacb000 	C:\WINDOWS\System32\ucrtbase.dll
0x00007fffe1100000 - 0x00007fffe111b000 	C:\Program Files\Android\Android Studio\jbr\bin\VCRUNTIME140.dll
0x00007fffd1340000 - 0x00007fffd1358000 	C:\Program Files\Android\Android Studio\jbr\bin\jli.dll
0x00007ffffeb80000 - 0x00007ffffed45000 	C:\WINDOWS\System32\USER32.dll
0x00007fffe4ca0000 - 0x00007fffe4f33000 	C:\WINDOWS\WinSxS\amd64_microsoft.windows.common-controls_6595b64144ccf1df_6.0.26100.6899_none_3e0efeeae32e88c1\COMCTL32.dll
0x00007ffffcd80000 - 0x00007ffffcda7000 	C:\WINDOWS\System32\win32u.dll
0x00007ffffdc40000 - 0x00007ffffdce9000 	C:\WINDOWS\System32\msvcrt.dll
0x00007ffffdfe0000 - 0x00007ffffe00b000 	C:\WINDOWS\System32\GDI32.dll
0x00007ffffcad0000 - 0x00007ffffcbfd000 	C:\WINDOWS\System32\gdi32full.dll
0x00007ffffcdb0000 - 0x00007ffffce53000 	C:\WINDOWS\System32\msvcp_win.dll
0x00007fffff3a0000 - 0x00007fffff3cf000 	C:\WINDOWS\System32\IMM32.DLL
0x00007fffed900000 - 0x00007fffed90c000 	C:\Program Files\Android\Android Studio\jbr\bin\vcruntime140_1.dll
0x00007fffd12b0000 - 0x00007fffd133d000 	C:\Program Files\Android\Android Studio\jbr\bin\msvcp140.dll
0x00007fff7cfa0000 - 0x00007fff7dc36000 	C:\Program Files\Android\Android Studio\jbr\bin\server\jvm.dll
0x00007ffffdd70000 - 0x00007ffffde24000 	C:\WINDOWS\System32\ADVAPI32.dll
0x00007ffffe010000 - 0x00007ffffe0b6000 	C:\WINDOWS\System32\sechost.dll
0x00007ffffdb20000 - 0x00007ffffdc38000 	C:\WINDOWS\System32\RPCRT4.dll
0x00007ffffdcf0000 - 0x00007ffffdd64000 	C:\WINDOWS\System32\WS2_32.dll
0x00007ffffc5f0000 - 0x00007ffffc64e000 	C:\WINDOWS\SYSTEM32\POWRPROF.dll
0x00007fffe7510000 - 0x00007fffe7545000 	C:\WINDOWS\SYSTEM32\WINMM.dll
0x00007fffedab0000 - 0x00007fffedabb000 	C:\WINDOWS\SYSTEM32\VERSION.dll
0x00007ffffc5d0000 - 0x00007ffffc5e4000 	C:\WINDOWS\SYSTEM32\UMPDC.dll
0x00007ffffb530000 - 0x00007ffffb54b000 	C:\WINDOWS\SYSTEM32\kernel.appcore.dll
0x00007fffed560000 - 0x00007fffed56a000 	C:\Program Files\Android\Android Studio\jbr\bin\jimage.dll
0x00007ffff7030000 - 0x00007ffff7272000 	C:\WINDOWS\SYSTEM32\DBGHELP.DLL
0x00007ffffed70000 - 0x00007fffff0eb000 	C:\WINDOWS\System32\combase.dll
0x00007ffffe3c0000 - 0x00007ffffe497000 	C:\WINDOWS\System32\OLEAUT32.dll
0x00007fffdd980000 - 0x00007fffdd9bc000 	C:\WINDOWS\SYSTEM32\dbgcore.DLL
0x00007ffffc8e0000 - 0x00007ffffc978000 	C:\WINDOWS\System32\bcryptPrimitives.dll
0x00007fffd12a0000 - 0x00007fffd12ae000 	C:\Program Files\Android\Android Studio\jbr\bin\instrument.dll
0x00007fffdf4e0000 - 0x00007fffdf500000 	C:\Program Files\Android\Android Studio\jbr\bin\java.dll
0x00007fffdf4c0000 - 0x00007fffdf4d8000 	C:\Program Files\Android\Android Studio\jbr\bin\zip.dll
0x00007ffffd3d0000 - 0x00007ffffdb1d000 	C:\WINDOWS\System32\SHELL32.dll
0x00007ffffd260000 - 0x00007ffffd3cb000 	C:\WINDOWS\System32\wintypes.dll
0x00007ffffa3c0000 - 0x00007ffffac1d000 	C:\WINDOWS\SYSTEM32\windows.storage.dll
0x00007ffffe5c0000 - 0x00007ffffe6b2000 	C:\WINDOWS\System32\SHCORE.dll
0x00007fffff180000 - 0x00007fffff1e2000 	C:\WINDOWS\System32\shlwapi.dll
0x00007ffffc6b0000 - 0x00007ffffc6d9000 	C:\WINDOWS\SYSTEM32\profapi.dll
0x00007fffe39b0000 - 0x00007fffe39c0000 	C:\Program Files\Android\Android Studio\jbr\bin\net.dll
0x00007fffec370000 - 0x00007fffec48f000 	C:\WINDOWS\SYSTEM32\WINHTTP.dll
0x00007ffffbad0000 - 0x00007ffffbb3b000 	C:\WINDOWS\system32\mswsock.dll
0x00007fffdf4a0000 - 0x00007fffdf4b6000 	C:\Program Files\Android\Android Studio\jbr\bin\nio.dll
0x00007fffdc0e0000 - 0x00007fffdc0f0000 	C:\Program Files\Android\Android Studio\jbr\bin\verify.dll
0x00007fff9fa90000 - 0x00007fff9fab7000 	C:\Users\DELL\.gradle\native\660c5614fbf4a5f2a75b1949f50a0caf5cd603558e7d8a26e50b933a0cfb79d1\windows-amd64\native-platform.dll
0x00007fff8e2e0000 - 0x00007fff8e357000 	C:\Users\DELL\.gradle\native\0.2.8\x86_64-windows-gnu\gradle-fileevents.dll
0x00007fffdd5e0000 - 0x00007fffdd5e9000 	C:\Program Files\Android\Android Studio\jbr\bin\management.dll
0x00007fffdd5c0000 - 0x00007fffdd5cb000 	C:\Program Files\Android\Android Studio\jbr\bin\management_ext.dll
0x00007ffffe5b0000 - 0x00007ffffe5b8000 	C:\WINDOWS\System32\PSAPI.DLL
0x00007ffffaf20000 - 0x00007ffffaf54000 	C:\WINDOWS\SYSTEM32\IPHLPAPI.DLL
0x00007ffffe4a0000 - 0x00007ffffe4aa000 	C:\WINDOWS\System32\NSI.dll
0x00007fffdf440000 - 0x00007fffdf449000 	C:\Program Files\Android\Android Studio\jbr\bin\extnet.dll
0x00007ffffbd80000 - 0x00007ffffbd9b000 	C:\WINDOWS\SYSTEM32\CRYPTSP.dll
0x00007ffffb490000 - 0x00007ffffb4cb000 	C:\WINDOWS\system32\rsaenh.dll
0x00007ffffbb70000 - 0x00007ffffbb9b000 	C:\WINDOWS\SYSTEM32\USERENV.dll
0x00007ffffc680000 - 0x00007ffffc6a6000 	C:\WINDOWS\SYSTEM32\bcrypt.dll
0x00007ffffbda0000 - 0x00007ffffbdac000 	C:\WINDOWS\SYSTEM32\CRYPTBASE.dll
0x00007fff8d960000 - 0x00007fff8d968000 	C:\WINDOWS\system32\wshunix.dll

JVMTI agents:
C:\Users\DELL\.gradle\wrapper\dists\gradle-9.4.1-bin\arn2x92ynaizyzdaamcbpbhtj\gradle-9.4.1\lib\agents\gradle-instrumentation-agent-9.4.1.jar path:C:\Program Files\Android\Android Studio\jbr\bin\instrument.dll, loaded, initialized, instrumentlib options:none

dbghelp: loaded successfully - version: 4.0.5 - missing functions: none
symbol engine: initialized successfully - sym options: 0x614 - pdb path: .;C:\Program Files\Android\Android Studio\jbr\bin;C:\WINDOWS\SYSTEM32;C:\WINDOWS\WinSxS\amd64_microsoft.windows.common-controls_6595b64144ccf1df_6.0.26100.6899_none_3e0efeeae32e88c1;C:\Program Files\Android\Android Studio\jbr\bin\server;C:\Users\DELL\.gradle\native\660c5614fbf4a5f2a75b1949f50a0caf5cd603558e7d8a26e50b933a0cfb79d1\windows-amd64;C:\Users\DELL\.gradle\native\0.2.8\x86_64-windows-gnu

VM Arguments:
jvm_args: --add-opens=java.base/java.lang=ALL-UNNAMED --add-opens=java.base/java.lang.invoke=ALL-UNNAMED --add-opens=java.base/java.util=ALL-UNNAMED --add-opens=java.prefs/java.util.prefs=ALL-UNNAMED --add-exports=jdk.compiler/com.sun.tools.javac.api=ALL-UNNAMED --add-exports=jdk.compiler/com.sun.tools.javac.util=ALL-UNNAMED --add-opens=java.base/java.util=ALL-UNNAMED --add-opens=java.prefs/java.util.prefs=ALL-UNNAMED --add-opens=java.base/java.nio.charset=ALL-UNNAMED --add-opens=java.base/java.net=ALL-UNNAMED --add-opens=java.base/java.util.concurrent=ALL-UNNAMED --add-opens=java.base/java.util.concurrent.atomic=ALL-UNNAMED --add-opens=java.xml/javax.xml.namespace=ALL-UNNAMED --add-opens=java.base/java.time=ALL-UNNAMED -Xmx2048m -Dfile.encoding=UTF-8 -Duser.country=IN -Duser.language=en -Duser.variant -javaagent:C:\Users\DELL\.gradle\wrapper\dists\gradle-9.4.1-bin\arn2x92ynaizyzdaamcbpbhtj\gradle-9.4.1\lib\agents\gradle-instrumentation-agent-9.4.1.jar 
java_command: org.gradle.launcher.daemon.bootstrap.GradleDaemon 9.4.1
java_class_path (initial): C:\Users\DELL\.gradle\wrapper\dists\gradle-9.4.1-bin\arn2x92ynaizyzdaamcbpbhtj\gradle-9.4.1\lib\gradle-daemon-main-9.4.1.jar
Launcher Type: SUN_STANDARD

[Global flags]
     intx CICompilerCount                          = 3                                         {product} {ergonomic}
     uint ConcGCThreads                            = 1                                         {product} {ergonomic}
     uint G1ConcRefinementThreads                  = 4                                         {product} {ergonomic}
   size_t G1HeapRegionSize                         = 1048576                                   {product} {ergonomic}
    uintx GCDrainStackTargetSize                   = 64                                        {product} {ergonomic}
   size_t InitialHeapSize                          = 132120576                                 {product} {ergonomic}
   size_t MarkStackSize                            = 4194304                                   {product} {ergonomic}
   size_t MaxHeapSize                              = 2147483648                                {product} {command line}
   size_t MaxNewSize                               = 1287651328                                {product} {ergonomic}
   size_t MinHeapDeltaBytes                        = 1048576                                   {product} {ergonomic}
   size_t MinHeapSize                              = 8388608                                   {product} {ergonomic}
    uintx NonNMethodCodeHeapSize                   = 5832780                                {pd product} {ergonomic}
    uintx NonProfiledCodeHeapSize                  = 122912730                              {pd product} {ergonomic}
    uintx ProfiledCodeHeapSize                     = 122912730                              {pd product} {ergonomic}
    uintx ReservedCodeCacheSize                    = 251658240                              {pd product} {ergonomic}
     bool SegmentedCodeCache                       = true                                      {product} {ergonomic}
   size_t SoftMaxHeapSize                          = 2147483648                             {manageable} {ergonomic}
     bool UseCompressedOops                        = true                           {product lp64_product} {ergonomic}
     bool UseG1GC                                  = true                                      {product} {ergonomic}
     bool UseLargePagesIndividualAllocation        = false                                  {pd product} {ergonomic}

Logging:
Log output configuration:
 #0: stdout all=warning uptime,level,tags foldmultilines=false
 #1: stderr all=off uptime,level,tags foldmultilines=false

Release file:
JAVA_VERSION="21.0.10" 
MODULES="java.base java.compiler java.datatransfer java.xml java.prefs java.desktop java.instrument java.logging java.management java.security.sasl java.naming java.rmi java.management.rmi java.net.http java.scripting java.security.jgss java.transaction.xa java.sql java.sql.rowset java.xml.crypto java.se java.smartcardio jdk.accessibility jdk.internal.jvmstat jdk.attach jdk.charsets jdk.internal.opt jdk.zipfs jdk.compiler jdk.crypto.ec jdk.crypto.cryptoki jdk.dynalink jdk.hotspot.agent jdk.httpserver jdk.internal.ed jdk.internal.le jdk.internal.vm.ci jdk.jartool jdk.javadoc jdk.jcmd jdk.jdeps jdk.jdwp.agent jdk.jdi jdk.jfr jdk.jlink jdk.jsobject jdk.localedata jdk.management jdk.management.agent jdk.management.jfr jdk.naming.dns jdk.naming.rmi jdk.net jdk.sctp jdk.security.auth jdk.security.jgss jdk.unsupported jdk.unsupported.desktop jdk.xml.dom" 
IMPLEMENTOR="JetBrains s.r.o." 
JAVA_RUNTIME_VERSION="21.0.10+-14961533-b1163.108" 
LIBC="default" 
OS_ARCH="x86_64" 
OS_NAME="Windows" 
SOURCE=".:git:1351622c2ff2" 

Environment Variables:
PATH=C:\Program Files\Common Files\Oracle\Java\javapath;C:\WINDOWS\system32;C:\WINDOWS;C:\WINDOWS\System32\Wbem;C:\WINDOWS\System32\WindowsPowerShell\v1.0\;C:\WINDOWS\System32\OpenSSH\;C:\Program Files\MongoDB\Server\8.0\bin;C:\MinGW\bin;C:\Program Files\nodejs\;C:\msys64\mingw64\bin;C:\Users\DELL\AppData\Local\Programs\Python\Launcher\;C:\Users\DELL\AppData\Local\Programs\Python\Python313\Scripts\;C:\Users\DELL\AppData\Local\Programs\Python\Python313\;C:\Users\DELL\AppData\Local\Programs\Python\Python312\Scripts\;C:\Users\DELL\AppData\Local\Programs\Python\Python312\;C:\Users\DELL\AppData\Local\Microsoft\WindowsApps;C:\Users\DELL\AppData\Local\Programs\Microsoft VS Code\bin;C:\Users\DELL\AppData\Local\JetBrains\IntelliJ IDEA Community Edition 2024.1.4\bin;;C:\Program Files\mingw-w64-v11.0.0\mingw-w64-v11.0.0;C:\MinGW\bin;C:\msys64\ucrt64\bin;C:\Users\DELL\AppData\Roaming\npm
USERNAME=DELL
OS=Windows_NT
PROCESSOR_IDENTIFIER=Intel64 Family 6 Model 142 Stepping 10, GenuineIntel
TMP=C:\Users\DELL\AppData\Local\Temp
TEMP=C:\Users\DELL\AppData\Local\Temp




Periodic native trim disabled

JNI global refs:
JNI global refs: 26, weak refs: 0

JNI global refs memory usage: 835, weak refs: 833

Process memory usage:
Resident Set Size: 774664K (9% of 8243644K total physical memory with 674436K free physical memory)

OOME stack traces (most recent first):
Classloader memory used:
Loader org.gradle.internal.classloader.VisitableURLClassLoader$InstrumentingVisitableURLClassLoader: 60081K
Loader org.gradle.internal.classloader.VisitableURLClassLoader                         : 48650K
Loader bootstrap                                                                       : 30458K
Loader org.gradle.initialization.MixInLegacyTypesClassLoader                           : 14616K
Loader org.gradle.internal.classloader.VisitableURLClassLoader                         : 8568K
Loader jdk.internal.reflect.DelegatingClassLoader                                      : 824K
Loader org.gradle.groovy.scripts.internal.DefaultScriptCompilationHandler$ScriptClassLoader: 205K
Loader jdk.internal.loader.ClassLoaders$AppClassLoader                                 : 192K
Loader jdk.internal.loader.ClassLoaders$PlatformClassLoader                            : 169K

Classes loaded by more than one classloader:
Class Program                                                                         : loaded 5 times (x 72B)
Class com.google.common.collect.Iterators$MergingIterator                             : loaded 4 times (x 81B)
Class com.google.common.collect.Iterators$SingletonIterator                           : loaded 4 times (x 81B)
Class com.google.common.collect.UnmodifiableListIterator                              : loaded 4 times (x 95B)
Class com.google.common.collect.Iterators                                             : loaded 4 times (x 71B)
Class com.google.common.collect.ImmutableList                                         : loaded 4 times (x 206B)
Class com.google.common.collect.Lists$StringAsImmutableList                           : loaded 4 times (x 207B)
Class com.google.common.collect.AbstractIterator                                      : loaded 4 times (x 82B)
Class com.google.common.collect.AbstractIndexedListIterator                           : loaded 4 times (x 96B)
Class com.google.common.collect.Iterators$ArrayItr                                    : loaded 4 times (x 97B)
Class com.google.common.collect.Iterators$1                                           : loaded 4 times (x 81B)
Class com.google.common.collect.PeekingIterator                                       : loaded 4 times (x 70B)
Class com.google.common.collect.Iterators$4                                           : loaded 4 times (x 82B)
Class com.google.common.collect.Iterators$5                                           : loaded 4 times (x 82B)
Class com.google.common.base.Preconditions                                            : loaded 4 times (x 71B)
Class com.google.common.collect.ImmutableCollection                                   : loaded 4 times (x 125B)
Class com.google.common.collect.Lists                                                 : loaded 4 times (x 71B)
Class com.google.common.collect.Iterators$9                                           : loaded 4 times (x 81B)
Class com.google.common.collect.UnmodifiableIterator                                  : loaded 4 times (x 80B)
Class org.gradle.internal.IoActions                                                   : loaded 3 times (x 71B)
Class org.gradle.api.GradleException                                                  : loaded 3 times (x 82B)
Class com.google.common.base.CharMatcher$NegatedFastMatcher                           : loaded 3 times (x 113B)
Class com.google.common.base.Predicate                                                : loaded 3 times (x 70B)
Class com.google.common.base.CharMatcher$FastMatcher                                  : loaded 3 times (x 111B)
Class org.gradle.api.Action                                                           : loaded 3 times (x 70B)
Class org.gradle.internal.Cast                                                        : loaded 3 times (x 71B)
Class com.google.common.base.CharMatcher$Or                                           : loaded 3 times (x 112B)
Class com.google.common.collect.ImmutableSet                                          : loaded 3 times (x 145B)
Class com.google.common.base.CharMatcher$BitSetMatcher                                : loaded 3 times (x 112B)
Class com.google.common.collect.RegularImmutableList                                  : loaded 3 times (x 213B)
Class com.google.common.collect.ImmutableSet$RegularSetBuilderImpl                    : loaded 3 times (x 77B)
Class com.google.common.collect.ImmutableList$1                                       : loaded 3 times (x 97B)
Class com.google.common.collect.RegularImmutableSet                                   : loaded 3 times (x 149B)
Class com.google.common.collect.ImmutableAsList                                       : loaded 3 times (x 209B)
Class com.google.common.base.CharMatcher$Is                                           : loaded 3 times (x 111B)
Class com.google.common.collect.ImmutableSet$CachingAsList                            : loaded 3 times (x 148B)
Class com.google.common.base.CharMatcher$IsEither                                     : loaded 3 times (x 111B)
Class com.google.common.base.CharMatcher$Negated                                      : loaded 3 times (x 113B)
Class com.google.common.base.CharMatcher$AnyOf                                        : loaded 3 times (x 112B)
Class com.google.common.base.CharMatcher$ForPredicate                                 : loaded 3 times (x 112B)
Class com.google.common.base.Joiner$1                                                 : loaded 3 times (x 80B)
Class com.google.common.base.CharMatcher                                              : loaded 3 times (x 111B)
Class com.google.common.collect.SingletonImmutableSet                                 : loaded 3 times (x 146B)
Class com.google.common.base.Joiner$2                                                 : loaded 3 times (x 79B)
Class com.google.common.collect.ImmutableList$ReverseImmutableList                    : loaded 3 times (x 209B)
Class com.google.common.collect.SingletonImmutableList                                : loaded 3 times (x 207B)
Class com.google.common.base.CharMatcher$NamedFastMatcher                             : loaded 3 times (x 112B)
Class com.google.common.base.ExtraObjectsMethodsForWeb                                : loaded 3 times (x 71B)
Class com.google.common.collect.Multimap                                              : loaded 3 times (x 70B)
Class com.google.common.base.CharMatcher$1                                            : loaded 3 times (x 113B)
Class com.google.common.base.CharMatcher$InRange                                      : loaded 3 times (x 111B)
Class com.google.common.base.Objects                                                  : loaded 3 times (x 71B)
Class com.google.common.base.CharMatcher$And                                          : loaded 3 times (x 112B)
Class Build_gradle                                                                    : loaded 3 times (x 126B)
Class com.google.common.collect.ImmutableSet$SetBuilderImpl                           : loaded 3 times (x 76B)
Class com.google.common.collect.RegularImmutableAsList                                : loaded 3 times (x 217B)
Class com.google.common.collect.ForwardingObject                                      : loaded 3 times (x 72B)
Class com.google.common.collect.ImmutableList$Builder                                 : loaded 3 times (x 77B)
Class com.google.common.collect.ImmutableList$SubList                                 : loaded 3 times (x 209B)
Class com.intellij.gradle.toolingExtension.util.GradleVersionUtil                     : loaded 3 times (x 71B)
Class com.google.common.base.Function                                                 : loaded 3 times (x 70B)
Class com.google.common.base.Joiner                                                   : loaded 3 times (x 79B)
Class com.google.common.collect.ImmutableCollection$Builder                           : loaded 3 times (x 76B)
Class com.google.common.base.CharMatcher$IsNot                                        : loaded 3 times (x 111B)
Class org.objectweb.asm.MethodTooLargeException                                       : loaded 2 times (x 83B)
Class [Lcom.google.common.cache.CacheBuilder$OneWeigher;                              : loaded 2 times (x 69B)
Class com.google.common.base.Suppliers                                                : loaded 2 times (x 71B)
Class com.google.gson.internal.bind.JsonAdapterAnnotationTypeAdapterFactory$DummyTypeAdapterFactory: loaded 2 times (x 75B)
Class com.google.gson.internal.bind.TypeAdapters$31                                   : loaded 2 times (x 76B)
Class com.google.gson.JsonSyntaxException                                             : loaded 2 times (x 82B)
Class org.jetbrains.kotlin.idea.gradleTooling.AndroidAwareGradleModelProvider$Companion: loaded 2 times (x 71B)
Class [Lcom.amazon.ion.impl.bin.IonRawBinaryWriter$StreamCloseMode;                   : loaded 2 times (x 69B)
Class com.amazon.ion.impl.lite.IonSymbolLite                                          : loaded 2 times (x 246B)
Class com.amazon.ion.impl.bin.IonManagedBinaryWriter$ImportedSymbolResolverMode$1     : loaded 2 times (x 80B)
Class com.intellij.util.containers.IntObjectHashMap$ArrayProducer                     : loaded 2 times (x 70B)
Class org.gradle.internal.classloader.DefaultClassLoaderFactory                       : loaded 2 times (x 82B)
Class com.google.common.base.CharMatcher$None                                         : loaded 2 times (x 112B)
Class com.google.gson.internal.bind.TypeAdapters$32                                   : loaded 2 times (x 76B)
Class com.amazon.ion.impl.bin.IonManagedBinaryWriter$ImportedSymbolResolverMode$2     : loaded 2 times (x 80B)
Class com.google.common.collect.ReverseNaturalOrdering                                : loaded 2 times (x 114B)
Class kotlin.text.MatcherMatchResult$groupValues$1                                    : loaded 2 times (x 198B)
Class kotlin.sequences.SequencesKt___SequencesKt                                      : loaded 2 times (x 71B)
Class kotlin.collections.AbstractList$Companion                                       : loaded 2 times (x 71B)
Class com.google.gson.internal.bind.ObjectTypeAdapter                                 : loaded 2 times (x 74B)
Class [Lcom.google.common.collect.ImmutableMapEntry;                                  : loaded 2 times (x 69B)
Class [Lcom.android.ide.common.repository.AgpVersion$PreviewKind;                     : loaded 2 times (x 69B)
Class org.jetbrains.kotlin.idea.projectModel.KotlinTaskProperties                     : loaded 2 times (x 70B)
Class org.jetbrains.plugins.gradle.tooling.serialization.internal.IdeaProjectSerializationService: loaded 2 times (x 77B)
Class com.google.common.collect.Ordering                                              : loaded 2 times (x 114B)
Class kotlin.sequences.SequencesKt___SequencesKt$flatMap$2                            : loaded 2 times (x 125B)
Class com.android.builder.model.v2.models.AndroidDsl                                  : loaded 2 times (x 70B)
Class com.google.common.collect.ListMultimap                                          : loaded 2 times (x 70B)
Class com.google.common.collect.ImmutableEnumMap                                      : loaded 2 times (x 126B)
Class com.amazon.ion.impl.lite.IonSystemLite                                          : loaded 2 times (x 275B)
Class com.amazon.ion.util.InputStreamInterceptor                                      : loaded 2 times (x 70B)
Class com.amazon.ion.impl.bin.IonRawBinaryWriter$PreallocationMode                    : loaded 2 times (x 82B)
Class com.amazon.ion.impl.bin._Private_IonRawWriter                                   : loaded 2 times (x 70B)
Class com.amazon.ion.IonWriter                                                        : loaded 2 times (x 70B)
Class kotlin.text.StringsKt__AppendableKt                                             : loaded 2 times (x 71B)
Class com.google.common.collect.ImmutableRangeSet                                     : loaded 2 times (x 115B)
Class org.gradle.tooling.internal.gradle.DefaultProjectIdentifier                     : loaded 2 times (x 86B)
Class com.google.common.collect.Iterators$EmptyModifiableIterator                     : loaded 2 times (x 86B)
Class com.google.common.base.Splitter                                                 : loaded 2 times (x 72B)
Class com.google.common.collect.Sets$1                                                : loaded 2 times (x 139B)
Class org.objectweb.asm.AnnotationVisitor                                             : loaded 2 times (x 78B)
Class com.android.ide.common.gradle.Numeric                                           : loaded 2 times (x 77B)
Class com.google.gson.internal.bind.TypeAdapters                                      : loaded 2 times (x 71B)
Class com.google.gson.FormattingStyle                                                 : loaded 2 times (x 78B)
Class com.google.gson.FieldNamingPolicy                                               : loaded 2 times (x 83B)
Class com.amazon.ion.impl._Private_RecyclingQueue$ElementFactory                      : loaded 2 times (x 70B)
Class com.amazon.ion.impl._Private_IonContainer                                       : loaded 2 times (x 70B)
Class com.intellij.gradle.toolingExtension.impl.model.buildScriptClasspathModel.GradleBuildScriptClasspathSerializationService$ReadContext: loaded 2 times (x 72B)
Class com.google.common.collect.ComparatorOrdering                                    : loaded 2 times (x 115B)
Class org.gradle.api.internal.DefaultClassPathProvider                                : loaded 2 times (x 76B)
Class com.google.common.collect.Maps$ViewCachingAbstractMap                           : loaded 2 times (x 125B)
Class com.google.common.collect.MapMakerInternalMap$Strength$1                        : loaded 2 times (x 80B)
Class com.android.builder.model.v2.models.BasicAndroidProject                         : loaded 2 times (x 70B)
Class com.google.common.collect.Sets$2                                                : loaded 2 times (x 139B)
Class com.google.gson.JsonArray                                                       : loaded 2 times (x 100B)
Class com.google.gson.FieldNamingStrategy                                             : loaded 2 times (x 70B)
Class com.amazon.ion.impl._Private_RecyclingStack$$Iterator                           : loaded 2 times (x 99B)
Class com.amazon.ion.impl.SharedSymbolTable                                           : loaded 2 times (x 93B)
Class com.amazon.ion.impl.bin.IonRawBinaryWriter                                      : loaded 2 times (x 169B)
Class com.amazon.ion.SymbolToken                                                      : loaded 2 times (x 70B)
Class kotlin.text.StringsKt__StringNumberConversionsJVMKt                             : loaded 2 times (x 71B)
Class com.google.common.collect.NaturalOrdering                                       : loaded 2 times (x 115B)
Class kotlin.text.MatchResult                                                         : loaded 2 times (x 70B)
Class kotlin.sequences.SequenceScope                                                  : loaded 2 times (x 73B)
Class kotlin.sequences.Sequence                                                       : loaded 2 times (x 70B)
Class org.gradle.tooling.ToolingModelContract                                         : loaded 2 times (x 70B)
Class [Lorg.gradle.api.internal.ClassPathProvider;                                    : loaded 2 times (x 69B)
Class org.gradle.api.internal.ClassPathProvider                                       : loaded 2 times (x 70B)
Class com.google.common.collect.MapMakerInternalMap$Strength$2                        : loaded 2 times (x 80B)
Class [Lorg.objectweb.asm.AnnotationVisitor;                                          : loaded 2 times (x 69B)
Class com.google.common.collect.Sets$3                                                : loaded 2 times (x 139B)
Class com.google.common.cache.LocalCache$LocalLoadingCache                            : loaded 2 times (x 134B)
Class com.amazon.ion.impl.lite.IonBoolLite                                            : loaded 2 times (x 178B)
Class ijInit3_5evlfwsqj6a7c6h1g8yf43dlw$_run_closure1                                 : loaded 2 times (x 140B)
Class kotlin.collections.CollectionsKt___CollectionsKt$asSequence$$inlined$Sequence$1 : loaded 2 times (x 75B)
Class org.gradle.internal.service.UnknownServiceException                             : loaded 2 times (x 83B)
Class com.google.common.collect.MapMakerInternalMap$StrongValueEntry                  : loaded 2 times (x 70B)
Class com.google.common.collect.Sets$4                                                : loaded 2 times (x 139B)
Class org.objectweb.asm.ModuleVisitor                                                 : loaded 2 times (x 81B)
Class com.google.common.cache.LocalCache$Strength$1                                   : loaded 2 times (x 81B)
Class org.jetbrains.kotlin.idea.gradleTooling.model.kapt.KaptGradleModel              : loaded 2 times (x 70B)
Class org.jetbrains.kotlin.idea.gradleTooling.KotlinDslScriptAdditionalTask           : loaded 2 times (x 70B)
Class org.jetbrains.plugins.gradle.model.ClasspathEntryModel                          : loaded 2 times (x 70B)
Class com.google.common.util.concurrent.SettableFuture                                : loaded 2 times (x 114B)
Class com.google.common.cache.LocalCache$Strength$2                                   : loaded 2 times (x 81B)
Class com.amazon.ion.IonTimestamp                                                     : loaded 2 times (x 70B)
Class com.amazon.ion.impl.bin.PooledBlockAllocatorProvider$PooledBlockAllocator       : loaded 2 times (x 81B)
Class org.jetbrains.plugins.gradle.tooling.serialization.GradleExtensionsSerializationService: loaded 2 times (x 77B)
Class org.gradle.api.JavaVersion                                                      : loaded 2 times (x 79B)
Class org.gradle.tooling.model.Dependency                                             : loaded 2 times (x 70B)
Class com.google.common.base.Splitter$1                                               : loaded 2 times (x 77B)
Class com.google.common.collect.Interners$InternerImpl                                : loaded 2 times (x 75B)
Class com.google.common.collect.Interner                                              : loaded 2 times (x 70B)
Class com.android.builder.model.v2.ide.AbstractArtifact                               : loaded 2 times (x 70B)
Class com.google.common.cache.LocalCache$Strength$3                                   : loaded 2 times (x 81B)
Class com.google.common.collect.MapDifference                                         : loaded 2 times (x 70B)
Class com.amazon.ion.IonDatagram                                                      : loaded 2 times (x 70B)
Class com.amazon.ion.impl._Private_RecyclingStack$ElementFactory                      : loaded 2 times (x 70B)
Class com.amazon.ion.impl.bin.IonManagedBinaryWriter$ImportedSymbolResolverMode$1$1   : loaded 2 times (x 78B)
Class com.amazon.ion.impl._Private_ByteTransferSink                                   : loaded 2 times (x 70B)
Class com.intellij.openapi.externalSystem.model.project.dependencies.ResolutionState  : loaded 2 times (x 79B)
Class kotlin.text.StringsKt__RegexExtensionsJVMKt                                     : loaded 2 times (x 71B)
Class com.google.common.collect.AllEqualOrdering                                      : loaded 2 times (x 114B)
Class kotlin.collections.ArraysKt___ArraysJvmKt                                       : loaded 2 times (x 71B)
Class kotlin.collections.CollectionsKt__CollectionsKt                                 : loaded 2 times (x 71B)
Class com.google.common.collect.MapMaker$Dummy                                        : loaded 2 times (x 79B)
Class org.objectweb.asm.FieldWriter                                                   : loaded 2 times (x 78B)
Class com.google.common.cache.CacheBuilder$NullListener                               : loaded 2 times (x 82B)
Class com.google.gson.LongSerializationPolicy                                         : loaded 2 times (x 80B)
Class org.jetbrains.plugins.gradle.model.ExternalLibraryDependency                    : loaded 2 times (x 70B)
Class kotlin.text.Regex$Companion                                                     : loaded 2 times (x 71B)
Class org.gradle.internal.classpath.TransformedClassPath                              : loaded 2 times (x 96B)
Class org.gradle.internal.classloader.InstrumentingClassLoader                        : loaded 2 times (x 70B)
Class com.google.common.collect.ImmutableListMultimap                                 : loaded 2 times (x 176B)
Class com.google.common.cache.CacheLoader$FunctionToCacheLoader                       : loaded 2 times (x 75B)
Class com.google.common.base.Platform$JdkPatternCompiler                              : loaded 2 times (x 75B)
Class com.google.common.collect.MapMakerInternalMap$Strength                          : loaded 2 times (x 80B)
Class com.amazon.ion.IonValue                                                         : loaded 2 times (x 70B)
Class com.google.common.collect.ImmutableRangeSet$AsSet                               : loaded 2 times (x 300B)
Class kotlin.jvm.internal.FunctionReference                                           : loaded 2 times (x 122B)
Class [Lkotlin.coroutines.intrinsics.CoroutineSingletons;                             : loaded 2 times (x 69B)
Class kotlin.jvm.internal.FunctionBase                                                : loaded 2 times (x 70B)
Class kotlin.enums.EnumEntriesList                                                    : loaded 2 times (x 223B)
Class com.google.common.collect.EmptyImmutableListMultimap                            : loaded 2 times (x 176B)
Class com.google.common.collect.BaseImmutableMultimap                                 : loaded 2 times (x 123B)
Class com.google.common.collect.MapMakerInternalMap$StrongKeyDummyValueEntry$LinkedStrongKeyDummyValueEntry: loaded 2 times (x 82B)
Class com.google.common.base.MoreObjects                                              : loaded 2 times (x 71B)
Class com.google.gson.internal.bind.DefaultDateTypeAdapter                            : loaded 2 times (x 74B)
Class com.google.gson.GsonBuilder                                                     : loaded 2 times (x 72B)
Class com.amazon.ion.impl.bin.IonRawBinaryWriter$ContainerType                        : loaded 2 times (x 79B)
Class com.amazon.ion.impl._Private_IonTextWriterBuilder$Mutable                       : loaded 2 times (x 102B)
Class kotlin.comparisons.ComparisonsKt___ComparisonsJvmKt                             : loaded 2 times (x 71B)
Class kotlin.collections.CollectionsKt__IteratorsJVMKt                                : loaded 2 times (x 71B)
Class com.android.builder.model.v2.ide.TestInfo$Execution                             : loaded 2 times (x 79B)
Class com.google.gson.internal.Primitives                                             : loaded 2 times (x 71B)
Class com.google.common.collect.Platform                                              : loaded 2 times (x 71B)
Class [Lorg.objectweb.asm.Type;                                                       : loaded 2 times (x 69B)
Class com.google.gson.stream.JsonWriter                                               : loaded 2 times (x 98B)
Class org.gradle.internal.operations.MultipleBuildOperationFailures                   : loaded 2 times (x 95B)
Class org.jetbrains.kotlin.idea.gradleTooling.KotlinSourceSetContainer                : loaded 2 times (x 70B)
Class org.jetbrains.plugins.gradle.model.IntelliJSettings                             : loaded 2 times (x 70B)
Class kotlin.Result                                                                   : loaded 2 times (x 72B)
Class org.gradle.internal.service.ServiceLocator                                      : loaded 2 times (x 70B)
Class org.gradle.tooling.internal.adapter.MethodInvocation                            : loaded 2 times (x 85B)
Class com.google.common.base.Ascii                                                    : loaded 2 times (x 71B)
Class com.google.common.collect.SingletonImmutableBiMap                               : loaded 2 times (x 143B)
Class com.google.common.cache.LocalCache$1                                            : loaded 2 times (x 89B)
Class com.google.gson.internal.bind.TypeAdapterRuntimeTypeWrapper                     : loaded 2 times (x 74B)
Class kotlin.sequences.TransformingSequence                                           : loaded 2 times (x 75B)
Class com.google.common.collect.AbstractMapEntry                                      : loaded 2 times (x 81B)
Class com.amazon.ion.impl.IonWriterSystem                                             : loaded 2 times (x 171B)
Class com.amazon.ion.impl.bin.Symbols$2                                               : loaded 2 times (x 107B)
Class com.amazon.ion.impl.bin._Private_IonManagedWriter                               : loaded 2 times (x 70B)
Class com.android.ide.gradle.model.GradlePropertiesModel                              : loaded 2 times (x 70B)
Class kotlin.sequences.TransformingSequence$iterator$1                                : loaded 2 times (x 79B)
Class kotlin.Pair                                                                     : loaded 2 times (x 72B)
Class org.gradle.tooling.internal.adapter.ProtocolToModelAdapter$SupportedPropertyInvoker: loaded 2 times (x 76B)
Class org.gradle.tooling.model.UnsupportedMethodException                             : loaded 2 times (x 82B)
Class ijJvmDebugger1_858lgih2bb2q0e27cpsinjh49$_run_closure1$_closure2                : loaded 2 times (x 140B)
Class com.google.common.collect.MapMakerInternalMap$AbstractStrongKeyEntry            : loaded 2 times (x 80B)
Class com.android.builder.model.v2.ide.BytecodeTransformation                         : loaded 2 times (x 79B)
Class com.google.common.collect.Sets$ImprovedAbstractSet                              : loaded 2 times (x 135B)
Class com.intellij.util.ThrowableConsumer                                             : loaded 2 times (x 70B)
Class com.google.common.collect.AbstractMultimap                                      : loaded 2 times (x 123B)
Class com.google.common.cache.LocalCache$2                                            : loaded 2 times (x 142B)
Class com.amazon.ion.impl.lite.IonContainerLite                                       : loaded 2 times (x 248B)
Class com.amazon.ion.IonBufferConfiguration$OversizedSymbolTableHandler               : loaded 2 times (x 70B)
Class com.amazon.ion.system.IonWriterBuilder                                          : loaded 2 times (x 74B)
Class org.jetbrains.plugins.gradle.tooling.serialization.ToolingStreamApiUtils        : loaded 2 times (x 71B)
Class com.amazon.ion.facet.Faceted                                                    : loaded 2 times (x 70B)
Class kotlin.collections.CollectionsKt__MutableCollectionsKt                          : loaded 2 times (x 71B)
Class com.android.builder.model.v2.ide.CodeShrinker                                   : loaded 2 times (x 79B)
Class com.google.gson.internal.bind.MapTypeAdapterFactory$Adapter                     : loaded 2 times (x 74B)
Class com.google.gson.internal.sql.SqlTimeTypeAdapter$1                               : loaded 2 times (x 75B)
Class com.google.gson.TypeAdapterFactory                                              : loaded 2 times (x 70B)
Class com.amazon.ion.impl.bin.utf8.Poolable                                           : loaded 2 times (x 79B)
Class com.amazon.ion.IonSymbol                                                        : loaded 2 times (x 70B)
Class org.jetbrains.plugins.gradle.tooling.serialization.AnnotationProcessingModelSerializationService$WriteContext: loaded 2 times (x 72B)
Class kotlin.io.TerminateException                                                    : loaded 2 times (x 82B)
Class kotlin.io.FilesKt__FilePathComponentsKt                                         : loaded 2 times (x 71B)
Class com.google.common.collect.ImmutableRangeSet$1                                   : loaded 2 times (x 210B)
Class kotlin.reflect.KCallable                                                        : loaded 2 times (x 70B)
Class com.google.common.util.concurrent.AbstractFuture$Trusted                        : loaded 2 times (x 70B)
Class com.google.gson.internal.bind.JsonTreeReader                                    : loaded 2 times (x 98B)
Class com.intellij.gradle.toolingExtension.impl.util.collectionUtil.GradleCollections : loaded 2 times (x 71B)
Class org.jetbrains.kotlin.idea.gradleTooling.KotlinGradlePluginVersion               : loaded 2 times (x 70B)
Class com.amazon.ion.impl.lite.IonStructLite                                          : loaded 2 times (x 298B)
Class com.amazon.ion.impl._Private_ReaderWriter                                       : loaded 2 times (x 70B)
Class com.amazon.ion.impl.bin.AbstractSymbolTable                                     : loaded 2 times (x 107B)
Class com.amazon.ion.Decimal                                                          : loaded 2 times (x 133B)
Class com.amazon.ion.impl.bin._Private_IonManagedBinaryWriterBuilder$AllocatorMode$1  : loaded 2 times (x 80B)
Class org.jetbrains.plugins.gradle.tooling.serialization.ProjectDependenciesSerializationService$WriteContext: loaded 2 times (x 72B)
Class org.jetbrains.plugins.gradle.tooling.serialization.ProjectDependenciesSerializationService: loaded 2 times (x 77B)
Class kotlin.text.CharsKt                                                             : loaded 2 times (x 71B)
Class com.google.common.collect.Range                                                 : loaded 2 times (x 86B)
Class org.gradle.tooling.model.kotlin.dsl.KotlinDslScriptModel                        : loaded 2 times (x 70B)
Class org.gradle.tooling.internal.adapter.CollectionMapper                            : loaded 2 times (x 73B)
Class org.jetbrains.kotlin.tooling.core.KotlinToolingVersion                          : loaded 2 times (x 75B)
Class [Lcom.android.builder.model.v2.ide.LibraryType;                                 : loaded 2 times (x 69B)
Class com.android.builder.model.v2.ide.LibraryType                                    : loaded 2 times (x 79B)
Class com.google.gson.internal.bind.TypeAdapters$30                                   : loaded 2 times (x 76B)
Class com.google.common.util.concurrent.UncheckedExecutionException                   : loaded 2 times (x 82B)
Class com.google.gson.internal.bind.DefaultDateTypeAdapter$DateType                   : loaded 2 times (x 73B)
Class org.gradle.kotlin.dsl.VersionCatalogAccessorsKt                                 : loaded 2 times (x 71B)
Class com.amazon.ion.impl.lite.IonFloatLite                                           : loaded 2 times (x 186B)
Class com.amazon.ion.impl._Private_IonTextWriterBuilder                               : loaded 2 times (x 102B)
Class com.amazon.ion.impl.bin._Private_IonManagedBinaryWriterBuilder$AllocatorMode$2  : loaded 2 times (x 80B)
Class com.google.common.collect.ExplicitOrdering                                      : loaded 2 times (x 115B)
Class com.google.gson.internal.bind.ReflectiveTypeAdapterFactory$1                    : loaded 2 times (x 74B)
Class org.jetbrains.plugins.gradle.ExternalDependencyId                               : loaded 2 times (x 70B)
Class com.amazon.ion.impl._Private_RecyclingStack                                     : loaded 2 times (x 79B)
Class com.amazon.ion.impl._Private_IonReaderBuilder                                   : loaded 2 times (x 97B)
Class com.amazon.ion.IonMutableCatalog                                                : loaded 2 times (x 70B)
Class gnu.trove.THash                                                                 : loaded 2 times (x 81B)
Class com.intellij.gradle.toolingExtension.impl.model.buildScriptClasspathModel.GradleBuildScriptClasspathSerializationService$WriteContext: loaded 2 times (x 72B)
Class org.gradle.tooling.internal.adapter.ProtocolToModelAdapter                      : loaded 2 times (x 80B)
Class com.android.builder.model.v2.ide.AndroidGradlePluginProjectFlags$BooleanFlag    : loaded 2 times (x 79B)
Class com.google.common.collect.AbstractMapBasedMultimap$KeySet$1                     : loaded 2 times (x 82B)
Class org.objectweb.asm.ClassWriter                                                   : loaded 2 times (x 106B)
Class com.android.ide.common.gradle.Separator                                         : loaded 2 times (x 79B)
Class org.objectweb.asm.ClassVisitor                                                  : loaded 2 times (x 88B)
Class com.google.common.cache.CacheLoader$UnsupportedLoadingOperationException        : loaded 2 times (x 82B)
Class com.google.gson.internal.bind.ReflectiveTypeAdapterFactory$2                    : loaded 2 times (x 79B)
Class kotlin.collections.MapsKt__MapsJVMKt                                            : loaded 2 times (x 71B)
Class kotlin.collections.EmptyList                                                    : loaded 2 times (x 174B)
Class org.gradle.internal.time.DefaultTimer                                           : loaded 2 times (x 80B)
Class [Lorg.objectweb.asm.Symbol;                                                     : loaded 2 times (x 69B)
Class org.objectweb.asm.FieldVisitor                                                  : loaded 2 times (x 77B)
Class com.google.gson.ToNumberStrategy                                                : loaded 2 times (x 70B)
Class com.google.gson.TypeAdapter                                                     : loaded 2 times (x 73B)
Class com.google.common.collect.IndexedImmutableSet                                   : loaded 2 times (x 152B)
Class com.google.common.collect.ImmutableMap$1                                        : loaded 2 times (x 81B)
Class com.google.common.collect.BiMap                                                 : loaded 2 times (x 70B)
Class com.amazon.ion.impl.bin.PooledBlockAllocatorProvider$PooledBlockAllocator$1     : loaded 2 times (x 79B)
Class com.amazon.ion.impl.lite.IonStringLite                                          : loaded 2 times (x 212B)
Class org.gradle.tooling.internal.adapter.ProtocolToModelAdapter$ViewKey              : loaded 2 times (x 72B)
Class org.gradle.api.internal.classpath.DefaultModuleRegistry$DefaultModule           : loaded 2 times (x 82B)
Class com.android.builder.model.v2.CustomSourceDirectory                              : loaded 2 times (x 70B)
Class com.google.common.primitives.Ints                                               : loaded 2 times (x 71B)
Class com.android.utils.FileUtils                                                     : loaded 2 times (x 71B)
Class com.android.ide.common.repository.AgpVersion                                    : loaded 2 times (x 75B)
Class com.amazon.ion.impl.bin.Block                                                   : loaded 2 times (x 79B)
Class com.google.common.collect.NullsFirstOrdering                                    : loaded 2 times (x 115B)
Class kotlin.ResultKt                                                                 : loaded 2 times (x 71B)
Class org.gradle.tooling.internal.adapter.ProtocolToModelAdapter$PropertyCachingMethodInvoker: loaded 2 times (x 76B)
Class com.android.builder.model.v2.models.ProjectSyncIssues                           : loaded 2 times (x 70B)
Class com.google.common.collect.ObjectArrays                                          : loaded 2 times (x 71B)
Class com.google.common.math.MathPreconditions                                        : loaded 2 times (x 71B)
Class com.google.common.collect.Multiset                                              : loaded 2 times (x 70B)
Class com.google.common.collect.ArrayListMultimapGwtSerializationDependencies         : loaded 2 times (x 172B)
Class com.android.builder.model.v2.ide.AaptOptions$Namespacing                        : loaded 2 times (x 79B)
Class com.intellij.openapi.externalSystem.model.ExternalSystemException               : loaded 2 times (x 86B)
Class org.jetbrains.plugins.gradle.model.ExternalTask                                 : loaded 2 times (x 70B)
Class com.amazon.ion.impl.bin.utf8.Utf8StringEncoderPool$1                            : loaded 2 times (x 76B)
Class com.amazon.ion.impl.lite.IonLoaderLite                                          : loaded 2 times (x 82B)
Class com.amazon.ion.impl.lite.IonContext                                             : loaded 2 times (x 70B)
Class com.amazon.ion.impl.IonWriterSystemText                                         : loaded 2 times (x 190B)
Class [Lcom.amazon.ion.impl.bin.IonManagedBinaryWriter$ImportedSymbolResolverMode;    : loaded 2 times (x 69B)
Class com.amazon.ion.ValueFactory                                                     : loaded 2 times (x 70B)
Class kotlin.Result$Failure                                                           : loaded 2 times (x 72B)
Class kotlin.collections.ArraysKt__ArraysKt                                           : loaded 2 times (x 71B)
Class org.gradle.internal.time.DefaultCountdownTimer                                  : loaded 2 times (x 88B)
Class com.google.gson.internal.ObjectConstructor                                      : loaded 2 times (x 70B)
Class com.google.common.collect.ImmutableMapEntrySet                                  : loaded 2 times (x 152B)
Class com.amazon.ion.impl.bin.IonManagedBinaryWriter$SymbolResolver                   : loaded 2 times (x 70B)
Class com.amazon.ion.impl._Private_SymbolToken                                        : loaded 2 times (x 70B)
Class com.amazon.ion.impl.bin._Private_IonManagedBinaryWriterBuilder$AllocatorMode    : loaded 2 times (x 80B)
Class org.jetbrains.plugins.gradle.model.GradleTaskModel                              : loaded 2 times (x 70B)
Class org.jetbrains.plugins.gradle.tooling.util.ObjectCollector                       : loaded 2 times (x 72B)
Class kotlin.collections.SetsKt__SetsJVMKt                                            : loaded 2 times (x 71B)
Class kotlin.Function                                                                 : loaded 2 times (x 70B)
Class org.gradle.tooling.internal.adapter.ProtocolToModelAdapter$AdaptingMethodInvoker: loaded 2 times (x 76B)
Class org.gradle.tooling.internal.gradle.DefaultBuildIdentifier                       : loaded 2 times (x 79B)
Class org.gradle.api.internal.classpath.Module                                        : loaded 2 times (x 70B)
Class com.google.common.cache.Weigher                                                 : loaded 2 times (x 70B)
Class [Lcom.amazon.ion.util.GzipStreamInterceptor;                                    : loaded 2 times (x 69B)
Class com.amazon.ion.impl._Private_IonReaderBuilder$Mutable                           : loaded 2 times (x 97B)
Class com.intellij.openapi.externalSystem.model.project.IExternalSystemSourceType     : loaded 2 times (x 70B)
Class kotlin.io.FileAlreadyExistsException                                            : loaded 2 times (x 82B)
Class kotlin.internal.ProgressionUtilKt                                               : loaded 2 times (x 71B)
Class org.gradle.api.internal.classpath.UnknownModuleException                        : loaded 2 times (x 82B)
Class com.google.common.base.Stopwatch                                                : loaded 2 times (x 72B)
Class com.google.common.cache.LocalCache$Strength                                     : loaded 2 times (x 81B)
Class com.google.common.cache.Cache                                                   : loaded 2 times (x 70B)
Class com.intellij.openapi.externalSystem.model.project.dependencies.ProjectDependencies: loaded 2 times (x 70B)
Class org.jetbrains.plugins.gradle.tooling.serialization.ProjectDependenciesSerializationService$ReadContext: loaded 2 times (x 72B)
Class com.google.common.util.concurrent.AbstractFuture$Cancellation                   : loaded 2 times (x 72B)
Class com.google.common.collect.ImmutableMap$Builder                                  : loaded 2 times (x 82B)
Class com.google.common.cache.RemovalListener                                         : loaded 2 times (x 70B)
Class [Lcom.google.gson.ToNumberPolicy;                                               : loaded 2 times (x 69B)
Class com.google.gson.ToNumberPolicy                                                  : loaded 2 times (x 83B)
Class com.amazon.ion.IonBufferConfiguration                                           : loaded 2 times (x 73B)
Class com.amazon.ion.impl.bin.Symbols                                                 : loaded 2 times (x 71B)
Class org.jetbrains.plugins.gradle.tooling.serialization.RepositoriesModelSerializationService: loaded 2 times (x 82B)
Class com.android.ide.gradle.model.artifacts.AdditionalClassifierArtifactsModel       : loaded 2 times (x 70B)
Class org.gradle.tooling.internal.gradle.GradleProjectIdentity                        : loaded 2 times (x 70B)
Class org.gradle.api.internal.DefaultClassPathRegistry                                : loaded 2 times (x 76B)
Class com.google.common.collect.ImmutableMultimap$Keys                                : loaded 2 times (x 166B)
Class com.android.builder.model.v2.ide.JavaArtifact                                   : loaded 2 times (x 70B)
Class com.google.common.primitives.IntsMethodsForWeb                                  : loaded 2 times (x 71B)
Class org.gradle.tooling.internal.adapter.TargetTypeProvider                          : loaded 2 times (x 70B)
Class [Lcom.amazon.ion.impl.bin.AbstractIonWriter$WriteValueOptimization;             : loaded 2 times (x 69B)
Class org.jetbrains.plugins.gradle.tooling.serialization.RepositoriesModelSerializationService$ReadContext: loaded 2 times (x 72B)
Class kotlin.ranges.ClosedRange                                                       : loaded 2 times (x 70B)
Class org.gradle.internal.classpath.DefaultClassPath$ImmutableUniqueList              : loaded 2 times (x 199B)
Class org.gradle.api.internal.ClassPathRegistry                                       : loaded 2 times (x 70B)
Class com.google.common.collect.MapMakerInternalMap$Segment                           : loaded 2 times (x 142B)
Class kotlin.ranges.IntProgression$Companion                                          : loaded 2 times (x 71B)
Class com.amazon.ion.impl.bin.IonManagedBinaryWriter$UserState                        : loaded 2 times (x 85B)
Class com.amazon.ion.impl._Private_IonWriter                                          : loaded 2 times (x 70B)
Class com.amazon.ion.impl.bin._Private_IonManagedBinaryWriterBuilder                  : loaded 2 times (x 72B)
Class com.intellij.gradle.toolingExtension.impl.model.projectModel.GradleExternalProjectSerializationService$WriteContext: loaded 2 times (x 73B)
Class kotlin.text.StringsKt__StringsJVMKt                                             : loaded 2 times (x 71B)
Class kotlin.collections.IntIterator                                                  : loaded 2 times (x 82B)
Class com.google.common.collect.NullnessCasts                                         : loaded 2 times (x 71B)
Class org.jetbrains.plugins.gradle.model.GradleExtensions                             : loaded 2 times (x 70B)
Class com.android.builder.model.v2.dsl.SigningConfig                                  : loaded 2 times (x 70B)
Class com.android.builder.model.v2.models.AndroidProject                              : loaded 2 times (x 70B)
Class com.android.builder.model.v2.AndroidModel                                       : loaded 2 times (x 70B)
Class com.google.common.cache.CacheBuilder                                            : loaded 2 times (x 72B)
Class com.google.gson.internal.bind.ArrayTypeAdapter$1                                : loaded 2 times (x 75B)
Class com.google.gson.internal.bind.JsonTreeWriter                                    : loaded 2 times (x 98B)
Class org.jetbrains.plugins.gradle.model.AnnotationProcessingModel                    : loaded 2 times (x 70B)
Class Settings_gradle$1                                                               : loaded 2 times (x 74B)
Class [Lcom.amazon.ion.SymbolToken;                                                   : loaded 2 times (x 69B)
Class kotlin.text.StringsKt__IndentKt                                                 : loaded 2 times (x 71B)
Class kotlin.collections.SetsKt                                                       : loaded 2 times (x 71B)
Class org.gradle.internal.classpath.ClassPath                                         : loaded 2 times (x 70B)
Class com.google.common.collect.Interners$InternerBuilder                             : loaded 2 times (x 76B)
Class com.google.common.base.JdkPattern                                               : loaded 2 times (x 75B)
Class com.amazon.ion.system.IonBinaryWriterBuilder                                    : loaded 2 times (x 99B)
Class org.jetbrains.plugins.gradle.model.ExternalProjectDependency                    : loaded 2 times (x 70B)
Class org.jetbrains.plugins.gradle.tooling.serialization.KotlinDslScriptsModelSerializationService: loaded 2 times (x 81B)
Class kotlin.reflect.KFunction                                                        : loaded 2 times (x 70B)
Class kotlin.collections.ArrayDeque                                                   : loaded 2 times (x 207B)
Class org.objectweb.asm.SymbolTable$Entry                                             : loaded 2 times (x 74B)
Class com.amazon.ion.system.IonSystemBuilder$Mutable                                  : loaded 2 times (x 75B)
Class com.amazon.ion.impl.bin.IonManagedBinaryWriter$SymbolResolverBuilder            : loaded 2 times (x 70B)
Class org.jetbrains.kotlin.idea.gradleTooling.KotlinGradleModel                       : loaded 2 times (x 70B)
Class org.jetbrains.plugins.gradle.tooling.serialization.ExternalTestsSerializationService$WriteContext: loaded 2 times (x 72B)
Class kotlin.collections.MapsKt__MapsKt                                               : loaded 2 times (x 71B)
Class org.gradle.api.internal.classpath.DefaultModuleRegistry$DefaultModuleAlias      : loaded 2 times (x 80B)
Class com.android.builder.model.v2.ide.Variant                                        : loaded 2 times (x 70B)
Class org.objectweb.asm.Edge                                                          : loaded 2 times (x 72B)
Class com.google.common.base.Suppliers$SupplierOfInstance                             : loaded 2 times (x 79B)
Class com.google.gson.internal.bind.ReflectiveTypeAdapterFactory                      : loaded 2 times (x 75B)
Class com.google.gson.internal.sql.SqlTimestampTypeAdapter                            : loaded 2 times (x 76B)
Class com.amazon.ion.impl.bin.IonManagedBinaryWriter$UserState$4                      : loaded 2 times (x 85B)
Class com.amazon.ion.impl._Private_RecyclingStack$Recycler                            : loaded 2 times (x 70B)
Class com.amazon.ion.impl.bin.IonManagedBinaryWriter$LocalSymbolTableView             : loaded 2 times (x 107B)
Class com.amazon.ion.impl.bin.IonRawBinaryWriter$ThrowingRunnable                     : loaded 2 times (x 70B)
Class org.gradle.tooling.model.Model                                                  : loaded 2 times (x 70B)
Class com.google.common.cache.LocalCache$ComputingValueReference                      : loaded 2 times (x 96B)
Class com.google.gson.internal.sql.SqlDateTypeAdapter$1                               : loaded 2 times (x 75B)
Class org.jetbrains.plugins.gradle.model.UnresolvedExternalDependency                 : loaded 2 times (x 70B)
Class com.google.common.collect.ImmutableMap$IteratorBasedImmutableMap                : loaded 2 times (x 126B)
Class com.amazon.ion.UnknownSymbolException                                           : loaded 2 times (x 86B)
Class com.android.ide.gradle.model.composites.BuildMap                                : loaded 2 times (x 70B)
Class sync_studio_tooling1891_9doidf82gz3vp93egocs10my                                : loaded 2 times (x 171B)
Class kotlin.text.MatchResult$Destructured                                            : loaded 2 times (x 72B)
Class kotlin.Metadata                                                                 : loaded 2 times (x 70B)
Class kotlin.UninitializedPropertyAccessException                                     : loaded 2 times (x 82B)
Class com.android.builder.model.v2.ide.Library                                        : loaded 2 times (x 70B)
Class com.android.builder.model.v2.ide.ArtifactDependenciesAdjacencyList              : loaded 2 times (x 70B)
Class com.android.builder.model.v2.models.Versions                                    : loaded 2 times (x 70B)
Class com.google.common.cache.LocalCache$Segment                                      : loaded 2 times (x 154B)
Class org.jetbrains.plugins.gradle.model.IntelliJProjectSettings                      : loaded 2 times (x 70B)
Class org.gradle.tooling.internal.adapter.ProtocolToModelAdapter$MethodInvocationCache: loaded 2 times (x 73B)
Class com.android.builder.model.v2.models.ndk.NativeModule                            : loaded 2 times (x 70B)
Class com.google.common.collect.AbstractListMultimap                                  : loaded 2 times (x 172B)
Class [Lorg.objectweb.asm.SymbolTable$Entry;                                          : loaded 2 times (x 69B)
Class com.google.common.cache.CacheLoader                                             : loaded 2 times (x 74B)
Class com.google.gson.internal.bind.ReflectiveTypeAdapterFactory$Adapter              : loaded 2 times (x 77B)
Class com.google.gson.internal.bind.TypeAdapters$10                                   : loaded 2 times (x 75B)
Class com.google.common.collect.ImmutableMap$MapViewOfValuesAsSingletonSets           : loaded 2 times (x 126B)
Class com.google.common.collect.ImmutableBiMap                                        : loaded 2 times (x 143B)
Class org.jetbrains.plugins.gradle.model.ExternalDependency                           : loaded 2 times (x 70B)
Class com.intellij.util.containers.IntObjectHashMap                                   : loaded 2 times (x 72B)
Class com.google.common.collect.SortedIterable                                        : loaded 2 times (x 70B)
Class org.gradle.api.internal.classpath.ModuleRegistry                                : loaded 2 times (x 70B)
Class org.gradle.internal.installation.GradleInstallation$1                           : loaded 2 times (x 75B)
Class com.google.common.base.Splitter$SplittingIterator                               : loaded 2 times (x 84B)
Class com.google.common.collect.ImmutableSet$JdkBackedSetBuilderImpl                  : loaded 2 times (x 76B)
Class com.google.common.util.concurrent.internal.InternalFutureFailureAccess          : loaded 2 times (x 72B)
Class com.google.gson.internal.bind.TypeAdapters$11                                   : loaded 2 times (x 75B)
Class [Lcom.google.gson.FieldNamingPolicy;                                            : loaded 2 times (x 69B)
Class com.google.common.collect.RegularImmutableMap                                   : loaded 2 times (x 121B)
Class com.android.ide.common.repository.AgpVersion$PreviewKind$Companion              : loaded 2 times (x 71B)
Class com.amazon.ion.impl.bin.IonManagedBinaryWriter$SymbolState$1                    : loaded 2 times (x 80B)
Class com.amazon.ion.impl.LocalSymbolTableAsStruct$Factory                            : loaded 2 times (x 79B)
Class [Lcom.amazon.ion.IonType;                                                       : loaded 2 times (x 69B)
Class org.jetbrains.plugins.gradle.model.VersionCatalogsModel                         : loaded 2 times (x 70B)
Class com.intellij.gradle.toolingExtension.impl.model.sourceSetDependencyModel.GradleSourceSetDependencySerialisationService$SourceSetDependencyModelReadContext: loaded 2 times (x 72B)
Class com.intellij.gradle.toolingExtension.impl.model.dependencyModel.DependencyReadContext: loaded 2 times (x 72B)
Class org.gradle.tooling.internal.adapter.ObjectGraphAdapter                          : loaded 2 times (x 70B)
Class ijKotlinCoroutineJvmDebugInit1_7ur5bwen8i9sx3ssfdbh6sgvx$_run_closure1$_closure2: loaded 2 times (x 139B)
Class com.google.common.collect.ImmutableMultimap$Values                              : loaded 2 times (x 126B)
Class com.android.builder.model.v2.ide.Installation                                   : loaded 2 times (x 70B)
Class com.google.gson.stream.MalformedJsonException                                   : loaded 2 times (x 82B)
Class com.google.common.cache.LocalCache$LocalManualCache$1                           : loaded 2 times (x 75B)
Class com.google.gson.internal.bind.TypeAdapters$12                                   : loaded 2 times (x 75B)
Class [Lcom.google.gson.ToNumberStrategy;                                             : loaded 2 times (x 69B)
Class org.jetbrains.plugins.gradle.model.ProjectImportModelProvider                   : loaded 2 times (x 70B)
Class org.jetbrains.plugins.gradle.model.ExternalSourceSet                            : loaded 2 times (x 70B)
Class com.amazon.ion.impl.bin.IonManagedBinaryWriter$SymbolState$2                    : loaded 2 times (x 80B)
Class com.amazon.ion.IonNull                                                          : loaded 2 times (x 70B)
Class com.intellij.gradle.toolingExtension.impl.model.warmUp.GradleTaskWarmUpRequest  : loaded 2 times (x 70B)
Class com.google.common.collect.ImmutableSortedAsList                                 : loaded 2 times (x 221B)
Class kotlin.text.RegexKt                                                             : loaded 2 times (x 71B)
Class kotlin.coroutines.intrinsics.IntrinsicsKt__IntrinsicsKt                         : loaded 2 times (x 71B)
Class com.android.builder.model.v2.models.ModelBuilderParameter                       : loaded 2 times (x 70B)
Class com.android.builder.model.v2.ide.AndroidArtifact                                : loaded 2 times (x 70B)
Class com.google.gson.internal.bind.TypeAdapters$13                                   : loaded 2 times (x 75B)
Class org.gradle.tooling.internal.adapter.ProtocolToModelAdapter$InvocationHandlerImpl: loaded 2 times (x 77B)
Class com.amazon.ion.impl.bin.IonRawBinaryWriter$ContainerInfo                        : loaded 2 times (x 74B)
Class com.amazon.ion.impl.bin.IonManagedBinaryWriter$SymbolState$3                    : loaded 2 times (x 80B)
Class com.amazon.ion.impl.bin.IonRawBinaryWriter$StreamFlushMode                      : loaded 2 times (x 79B)
Class com.amazon.ion.IonBinaryWriter                                                  : loaded 2 times (x 70B)
Class com.intellij.gradle.toolingExtension.impl.model.sourceSetArtifactIndex.GradleSourceSetArtifactBuildRequest: loaded 2 times (x 70B)
Class kotlin.io.FilesKt__UtilsKt                                                      : loaded 2 times (x 71B)
Class com.google.common.collect.Lists$TransformingRandomAccessList                    : loaded 2 times (x 199B)
Class kotlin.collections.CollectionsKt__CollectionsJVMKt                              : loaded 2 times (x 71B)
Class org.gradle.api.internal.classpath.DefaultModuleRegistry                         : loaded 2 times (x 84B)
Class org.gradle.tooling.model.build.GradleEnvironment                                : loaded 2 times (x 70B)
Class com.google.common.util.concurrent.ListenableFuture                              : loaded 2 times (x 70B)
Class com.google.common.cache.ReferenceEntry                                          : loaded 2 times (x 70B)
Class com.google.gson.internal.bind.NumberTypeAdapter$1                               : loaded 2 times (x 76B)
Class com.google.gson.internal.bind.TypeAdapters$1                                    : loaded 2 times (x 75B)
Class com.google.gson.internal.bind.TypeAdapters$14                                   : loaded 2 times (x 75B)
Class com.google.common.base.Converter                                                : loaded 2 times (x 90B)
Class org.jetbrains.plugins.gradle.tooling.util.IntObjectMap$ObjectFactory            : loaded 2 times (x 70B)
Class com.amazon.ion.impl.bin.IonManagedBinaryWriter$SymbolState$4                    : loaded 2 times (x 80B)
Class [Lcom.amazon.ion.util.InputStreamInterceptor;                                   : loaded 2 times (x 69B)
Class org.jetbrains.plugins.gradle.tooling.serialization.internal.IdeaProjectSerializationService$WriteContext$1: loaded 2 times (x 83B)
Class org.jetbrains.plugins.gradle.model.ExternalProject                              : loaded 2 times (x 70B)
Class kotlin.sequences.SequencesKt                                                    : loaded 2 times (x 71B)
Class kotlin.collections.CollectionsKt__IteratorsKt                                   : loaded 2 times (x 71B)
Class [Lcom.android.builder.model.v2.ide.CodeShrinker;                                : loaded 2 times (x 69B)
Class com.google.common.collect.AbstractMapBasedMultimap                              : loaded 2 times (x 139B)
Class com.google.common.util.concurrent.AbstractFuture                                : loaded 2 times (x 106B)
Class com.google.common.base.FunctionalEquivalence                                    : loaded 2 times (x 83B)
Class com.google.gson.Strictness                                                      : loaded 2 times (x 79B)
Class com.google.gson.internal.sql.SqlTypesSupport$1                                  : loaded 2 times (x 74B)
Class com.google.gson.internal.bind.TypeAdapters$2                                    : loaded 2 times (x 75B)
Class com.google.gson.internal.bind.TypeAdapters$15                                   : loaded 2 times (x 75B)
Class com.amazon.ion.IonException                                                     : loaded 2 times (x 84B)
Class com.amazon.ion.util.GzipStreamInterceptor                                       : loaded 2 times (x 85B)
Class com.amazon.ion.impl.bin.utf8.Pool                                               : loaded 2 times (x 74B)
Class com.amazon.ion.impl._Private_SymtabExtendsCache                                 : loaded 2 times (x 72B)
Class org.jetbrains.plugins.gradle.tooling.serialization.internal.IdeaProjectSerializationService$WriteContext$2: loaded 2 times (x 83B)
Class kotlin.text.StringsKt                                                           : loaded 2 times (x 71B)
Class com.google.common.collect.ImmutableMultiset                                     : loaded 2 times (x 163B)
Class org.objectweb.asm.RecordComponentVisitor                                        : loaded 2 times (x 77B)
Class com.google.common.cache.CacheLoader$SupplierToCacheLoader                       : loaded 2 times (x 75B)
Class com.google.gson.internal.sql.SqlTypesSupport$2                                  : loaded 2 times (x 74B)
Class com.google.gson.internal.bind.TypeAdapters$16                                   : loaded 2 times (x 75B)
Class com.google.gson.internal.bind.TypeAdapters$3                                    : loaded 2 times (x 75B)
Class com.amazon.ion.impl._Private_IonSymbol                                          : loaded 2 times (x 70B)
Class com.amazon.ion.impl.lite.IonValueLite                                           : loaded 2 times (x 147B)
Class com.amazon.ion.IonContainer                                                     : loaded 2 times (x 70B)
Class com.amazon.ion.impl.bin.PooledBlockAllocatorProvider                            : loaded 2 times (x 73B)
Class org.jetbrains.plugins.gradle.tooling.serialization.AnnotationProcessingModelSerializationService$ReadContext: loaded 2 times (x 72B)
Class org.jetbrains.plugins.gradle.tooling.serialization.internal.IdeaProjectSerializationService$WriteContext$3: loaded 2 times (x 83B)
Class gnu.trove.TObjectHash$NULL                                                      : loaded 2 times (x 71B)
Class org.gradle.util.internal.DefaultGradleVersion$Stage                             : loaded 2 times (x 75B)
Class kotlin.coroutines.jvm.internal.RestrictedContinuationImpl                       : loaded 2 times (x 87B)
Class com.google.gson.internal.bind.TypeAdapters$17                                   : loaded 2 times (x 75B)
Class com.google.gson.internal.bind.TypeAdapters$4                                    : loaded 2 times (x 75B)
Class org.jetbrains.kotlin.idea.gradleTooling.AndroidAwareGradleModelProvider         : loaded 2 times (x 79B)
Class org.jetbrains.plugins.gradle.tooling.serialization.internal.IdeaProjectSerializationService$WriteContext$4: loaded 2 times (x 83B)
Class com.intellij.gradle.toolingExtension.impl.model.sourceSetDependencyModel.GradleSourceSetDependencySerialisationService$Companion: loaded 2 times (x 71B)
Class [Lkotlin.Pair;                                                                  : loaded 2 times (x 69B)
Class kotlin.text.StringsKt__StringNumberConversionsKt                                : loaded 2 times (x 71B)
Class kotlin.io.FilesKt__FileReadWriteKt                                              : loaded 2 times (x 71B)
Class com.google.common.collect.UsingToStringOrdering                                 : loaded 2 times (x 114B)
Class kotlin.text.MatchNamedGroupCollection                                           : loaded 2 times (x 70B)
Class kotlin.jvm.internal.markers.KMutableList                                        : loaded 2 times (x 70B)
Class org.gradle.internal.time.MonotonicClock                                         : loaded 2 times (x 77B)
Class org.gradle.internal.service.ServiceLookupException                              : loaded 2 times (x 82B)
Class com.google.gson.annotations.JsonAdapter                                         : loaded 2 times (x 70B)
Class com.google.common.collect.Lists$ReverseList                                     : loaded 2 times (x 200B)
Class [Lcom.google.common.cache.LocalCache$EntryFactory;                              : loaded 2 times (x 69B)
Class com.google.gson.internal.bind.SerializationDelegatingTypeAdapter                : loaded 2 times (x 74B)
Class com.google.gson.internal.bind.TypeAdapters$18                                   : loaded 2 times (x 75B)
Class com.google.gson.internal.bind.TypeAdapters$5                                    : loaded 2 times (x 75B)
Class com.amazon.ion.BufferConfiguration$Builder                                      : loaded 2 times (x 78B)
Class com.intellij.gradle.toolingExtension.util.GradleVersionSpecificsUtil            : loaded 2 times (x 71B)
Class org.jetbrains.plugins.gradle.tooling.serialization.internal.IdeaProjectSerializationService$WriteContext$5: loaded 2 times (x 83B)
Class com.intellij.gradle.toolingExtension.impl.model.sourceSetDependencyModel.GradleSourceSetDependencySerialisationService$SourceSetDependencyModelWriteContext: loaded 2 times (x 72B)
Class kotlin.sequences.SequencesKt___SequencesKt$sortedWith$1                         : loaded 2 times (x 75B)
Class com.google.common.collect.ImmutableSortedSet                                    : loaded 2 times (x 300B)
Class org.gradle.internal.classloader.ClassLoaderFactory                              : loaded 2 times (x 70B)
Class com.android.builder.model.v2.ide.LibraryInfo                                    : loaded 2 times (x 70B)
Class com.google.common.base.CommonPattern                                            : loaded 2 times (x 74B)
Class com.amazon.ion.impl.bin.IonManagedBinaryWriter$UserState$3                      : loaded 2 times (x 85B)
Class com.google.common.cache.LocalCache$LocalManualCache                             : loaded 2 times (x 99B)
Class com.google.gson.internal.bind.ReflectiveTypeAdapterFactory$FieldReflectionAdapter: loaded 2 times (x 77B)
Class com.google.gson.internal.bind.TypeAdapters$19                                   : loaded 2 times (x 75B)
Class com.google.gson.internal.bind.TypeAdapters$6                                    : loaded 2 times (x 75B)
Class com.amazon.ion.impl.bin.IntList                                                 : loaded 2 times (x 77B)
Class com.amazon.ion.impl._Private_RecyclingQueue$ElementIterator                     : loaded 2 times (x 82B)
Class com.amazon.ion.impl.lite._Private_LiteDomTrampoline                             : loaded 2 times (x 71B)
Class com.amazon.ion.IonType                                                          : loaded 2 times (x 79B)
Class org.jetbrains.plugins.gradle.tooling.serialization.internal.IdeaProjectSerializationService$WriteContext$6: loaded 2 times (x 83B)
Class org.jetbrains.plugins.gradle.tooling.util.IntObjectMap                          : loaded 2 times (x 73B)
Class org.gradle.internal.service.CachingServiceLocator                               : loaded 2 times (x 82B)
Class com.google.common.collect.Streams                                               : loaded 2 times (x 71B)
Class com.google.gson.annotations.SerializedName                                      : loaded 2 times (x 70B)
Class com.google.common.collect.AbstractMapBasedMultimap$KeySet                       : loaded 2 times (x 137B)
Class com.google.common.math.IntMath                                                  : loaded 2 times (x 71B)
Class com.google.gson.internal.bind.TypeAdapters$7                                    : loaded 2 times (x 75B)
Class com.amazon.ion.impl.lite.ValueFactoryLite                                       : loaded 2 times (x 218B)
Class org.jetbrains.plugins.gradle.model.RepositoryModels                             : loaded 2 times (x 70B)
Class org.jetbrains.plugins.gradle.tooling.serialization.internal.IdeaProjectSerializationService$WriteContext$7: loaded 2 times (x 83B)
Class com.google.common.collect.RegularImmutableSortedSet                             : loaded 2 times (x 300B)
Class kotlin.collections.AbstractList$SubList                                         : loaded 2 times (x 198B)
Class kotlin.jvm.internal.CallableReference                                           : loaded 2 times (x 106B)
Class com.google.common.collect.MapMakerInternalMap$InternalEntry                     : loaded 2 times (x 70B)
Class com.google.gson.internal.bind.CollectionTypeAdapterFactory$Adapter              : loaded 2 times (x 74B)
Class com.google.gson.internal.bind.TypeAdapters$8                                    : loaded 2 times (x 75B)
Class com.google.common.collect.ImmutableMapEntry                                     : loaded 2 times (x 85B)
Class com.amazon.ion.impl.bin.WriteBuffer                                             : loaded 2 times (x 78B)
Class com.amazon.ion.impl.bin.IonManagedBinaryWriter                                  : loaded 2 times (x 166B)
Class org.jetbrains.plugins.gradle.tooling.serialization.internal.IdeaProjectSerializationService$WriteContext$8: loaded 2 times (x 83B)
Class gnu.trove.TObjectIntProcedure                                                   : loaded 2 times (x 70B)
Class [Lorg.gradle.api.JavaVersion;                                                   : loaded 2 times (x 69B)
Class kotlin.ranges.IntRange                                                          : loaded 2 times (x 93B)
Class org.gradle.tooling.model.idea.IdeaDependencyScope                               : loaded 2 times (x 70B)
Class org.gradle.internal.time.TimeSource                                             : loaded 2 times (x 70B)
Class org.gradle.tooling.model.kotlin.dsl.KotlinDslScriptsModel                       : loaded 2 times (x 70B)
Class com.google.common.collect.ImmutableMultimap                                     : loaded 2 times (x 147B)
Class com.android.builder.model.v2.ide.TestInfo                                       : loaded 2 times (x 70B)
Class com.google.common.base.Equivalence                                              : loaded 2 times (x 82B)
Class com.google.gson.internal.bind.TypeAdapters$9                                    : loaded 2 times (x 75B)
Class com.google.gson.JsonObject                                                      : loaded 2 times (x 93B)
Class com.google.common.collect.ImmutableMapEntry$NonTerminalImmutableMapEntry        : loaded 2 times (x 85B)
Class com.amazon.ion.impl.lite.IonBlobLite                                            : loaded 2 times (x 219B)
Class com.amazon.ion.impl.LocalSymbolTable                                            : loaded 2 times (x 121B)
Class org.jetbrains.plugins.gradle.tooling.serialization.SerializationService         : loaded 2 times (x 70B)
Class org.gradle.tooling.internal.gradle.GradleBuildIdentity                          : loaded 2 times (x 70B)
Class kotlin.enums.EnumEntries                                                        : loaded 2 times (x 70B)
Class com.android.builder.model.v2.ide.JavaCompileOptions                             : loaded 2 times (x 70B)
Class com.google.common.collect.IndexedImmutableSet$1                                 : loaded 2 times (x 213B)
Class com.google.common.cache.CacheBuilder$OneWeigher                                 : loaded 2 times (x 82B)
Class com.google.gson.JsonParseException                                              : loaded 2 times (x 82B)
Class com.google.common.util.concurrent.ExecutionError                                : loaded 2 times (x 82B)
Class com.amazon.ion.IonList                                                          : loaded 2 times (x 70B)
Class org.jetbrains.plugins.gradle.tooling.serialization.internal.adapter.Supplier    : loaded 2 times (x 70B)
Class org.gradle.tooling.internal.adapter.ProtocolToModelAdapter$MixInMappingAction   : loaded 2 times (x 80B)
Class org.gradle.internal.exceptions.ResolutionProvider                               : loaded 2 times (x 70B)
Class com.amazon.ion.IonSystem                                                        : loaded 2 times (x 70B)
Class com.amazon.ion.impl.bin.IonManagedBinaryWriter$ImportedSymbolContext            : loaded 2 times (x 72B)
Class kotlin.text.MatchResult$DefaultImpls                                            : loaded 2 times (x 71B)
Class org.gradle.tooling.model.idea.IdeaCompilerOutput                                : loaded 2 times (x 70B)
Class org.gradle.tooling.model.ProjectIdentifier                                      : loaded 2 times (x 70B)
Class org.gradle.internal.classloader.ClasspathUtil                                   : loaded 2 times (x 71B)
Class com.android.builder.model.v2.ide.ComponentInfo                                  : loaded 2 times (x 70B)
Class org.jetbrains.kotlin.tooling.core.HasExtras                                     : loaded 2 times (x 70B)
Class com.google.common.util.concurrent.Uninterruptibles                              : loaded 2 times (x 71B)
Class com.android.builder.model.v2.ide.ProjectType                                    : loaded 2 times (x 79B)
Class com.intellij.gradle.toolingExtension.impl.model.sourceSetModel.GradleSourceSetSerialisationService: loaded 2 times (x 77B)
Class kotlin.io.FileSystemException                                                   : loaded 2 times (x 82B)
Class com.android.builder.model.v2.dsl.BaseConfig                                     : loaded 2 times (x 70B)
Class com.google.common.util.concurrent.LazyLogger                                    : loaded 2 times (x 72B)
Class com.google.common.collect.Maps                                                  : loaded 2 times (x 71B)
Class com.amazon.ion.impl.lite.IonIntLite                                             : loaded 2 times (x 189B)
Class com.amazon.ion.impl._Private_IonReaderBuilder$TwoElementInputStream             : loaded 2 times (x 92B)
Class com.amazon.ion.util._Private_FastAppendable                                     : loaded 2 times (x 70B)
Class [Lcom.amazon.ion.impl.bin.IonRawBinaryWriter$PreallocationMode;                 : loaded 2 times (x 69B)
Class org.gradle.internal.time.TimeSource$1                                           : loaded 2 times (x 77B)
Class kotlin.jvm.internal.DefaultConstructorMarker                                    : loaded 2 times (x 71B)
Class org.gradle.api.specs.Spec                                                       : loaded 2 times (x 70B)
Class com.google.common.collect.MapMaker                                              : loaded 2 times (x 72B)
Class com.google.gson.internal.sql.SqlDateTypeAdapter                                 : loaded 2 times (x 74B)
Class [Lcom.google.common.collect.ImmutableEntry;                                     : loaded 2 times (x 69B)
Class com.amazon.ion.impl.lite.IonSexpLite                                            : loaded 2 times (x 490B)
Class com.amazon.ion.impl.lite.IonListLite                                            : loaded 2 times (x 490B)
Class com.amazon.ion.IonFloat                                                         : loaded 2 times (x 70B)
Class com.google.common.cache.LocalCache$LoadingValueReference                        : loaded 2 times (x 96B)
Class com.amazon.ion.impl.LocalSymbolTable$Factory                                    : loaded 2 times (x 77B)
Class com.amazon.ion.impl.bin.IonManagedBinaryWriter$ImportedSymbolResolverMode       : loaded 2 times (x 80B)
Class com.intellij.gradle.toolingExtension.impl.model.buildScriptClasspathModel.GradleBuildScriptClasspathSerializationService: loaded 2 times (x 77B)
Class com.google.common.collect.MapMakerInternalMap$StrongKeyDummyValueEntry          : loaded 2 times (x 82B)
Class com.google.common.base.Platform                                                 : loaded 2 times (x 71B)
Class com.google.gson.internal.bind.ReflectiveTypeAdapterFactory$RecordAdapter        : loaded 2 times (x 77B)
Class com.amazon.ion.impl.LocalSymbolTableAsStruct                                    : loaded 2 times (x 126B)
Class com.amazon.ion.impl.lite.IonTimestampLite                                       : loaded 2 times (x 192B)
Class org.jetbrains.plugins.gradle.model.FileCollectionDependency                     : loaded 2 times (x 70B)
Class com.intellij.gradle.toolingExtension.impl.model.utilDummyModel.DummyModel       : loaded 2 times (x 70B)
Class kotlin.text.StringsKt__RegexExtensionsKt                                        : loaded 2 times (x 71B)
Class kotlin.collections.EmptyIterator                                                : loaded 2 times (x 89B)
Class org.gradle.internal.time.Clock                                                  : loaded 2 times (x 70B)
Class com.android.builder.model.v2.dsl.ProductFlavor                                  : loaded 2 times (x 70B)
Class [Lcom.android.builder.model.v2.ide.TestInfo$Execution;                          : loaded 2 times (x 69B)
Class com.google.gson.internal.reflect.ReflectionHelper$RecordNotSupportedHelper      : loaded 2 times (x 78B)
Class [Lorg.objectweb.asm.AnnotationWriter;                                           : loaded 2 times (x 69B)
Class com.google.gson.JsonIOException                                                 : loaded 2 times (x 82B)
Class com.google.common.collect.Maps$8                                                : loaded 2 times (x 82B)
Class com.amazon.ion.IonString                                                        : loaded 2 times (x 70B)
Class org.jetbrains.plugins.gradle.model.GradleSourceSetDependencyModel               : loaded 2 times (x 70B)
Class com.google.common.collect.CompoundOrdering                                      : loaded 2 times (x 115B)
Class kotlin.sequences.SequencesKt__SequencesJVMKt                                    : loaded 2 times (x 71B)
Class kotlin.coroutines.jvm.internal.RestrictedSuspendLambda                          : loaded 2 times (x 91B)
Class org.gradle.tooling.internal.adapter.TypeInspector                               : loaded 2 times (x 73B)
Class org.gradle.tooling.internal.adapter.ProtocolToModelAdapter$NoOpDecoration       : loaded 2 times (x 79B)
Class org.gradle.tooling.model.Element                                                : loaded 2 times (x 70B)
Class kotlin.collections.AbstractList                                                 : loaded 2 times (x 197B)
Class kotlin.collections.AbstractCollection                                           : loaded 2 times (x 117B)
Class [Lcom.google.common.collect.Iterators$EmptyModifiableIterator;                  : loaded 2 times (x 69B)
Class com.google.common.collect.Lists$ReverseList$1                                   : loaded 2 times (x 99B)
Class com.google.common.collect.Sets$SetView                                          : loaded 2 times (x 138B)
Class org.jetbrains.kotlin.tooling.core.Extras                                        : loaded 2 times (x 70B)
Class com.google.common.cache.LocalCache$StrongValueReference                         : loaded 2 times (x 90B)
Class com.amazon.ion.BufferConfiguration                                              : loaded 2 times (x 73B)
Class com.amazon.ion.system.SimpleCatalog                                             : loaded 2 times (x 91B)
Class com.intellij.gradle.toolingExtension.impl.model.taskModel.GradleTaskSerialisationService: loaded 2 times (x 76B)
Class com.android.ide.gradle.model.LegacyV1AgpVersionModel                            : loaded 2 times (x 70B)
Class kotlin.text.StringsKt__StringBuilderJVMKt                                       : loaded 2 times (x 71B)
Class com.google.common.collect.ImmutableRangeSet$Builder                             : loaded 2 times (x 77B)
Class kotlin.text.Regex                                                               : loaded 2 times (x 72B)
Class kotlin.sequences.SequencesKt__SequenceBuilderKt$sequence$$inlined$Sequence$1    : loaded 2 times (x 75B)
Class kotlin.Triple                                                                   : loaded 2 times (x 72B)
Class org.objectweb.asm.Type                                                          : loaded 2 times (x 72B)
Class com.google.gson.LongSerializationPolicy$1                                       : loaded 2 times (x 80B)
Class org.jetbrains.plugins.gradle.tooling.util.IntObjectMap$1                        : loaded 2 times (x 77B)
Class org.gradle.tooling.model.internal.ImmutableDomainObjectSet                      : loaded 2 times (x 155B)
Class org.gradle.internal.classloader.VisitableURLClassLoader$InstrumentingVisitableURLClassLoader: loaded 2 times (x 123B)
Class com.google.common.collect.MapMakerInternalMap$StrongKeyDummyValueEntry$Helper   : loaded 2 times (x 79B)
Class com.android.builder.model.v2.ide.AndroidGradlePluginProjectFlags                : loaded 2 times (x 70B)
Class [Lcom.android.builder.model.v2.ide.AndroidGradlePluginProjectFlags$BooleanFlag; : loaded 2 times (x 69B)
Class com.android.builder.model.v2.ide.BasicVariant                                   : loaded 2 times (x 70B)
Class com.google.common.math.IntMath$1                                                : loaded 2 times (x 71B)
Class org.objectweb.asm.ByteVector                                                    : loaded 2 times (x 79B)
Class [Lcom.google.common.cache.CacheBuilder$NullListener;                            : loaded 2 times (x 69B)
Class com.google.gson.LongSerializationPolicy$2                                       : loaded 2 times (x 80B)
Class [Lcom.amazon.ion.impl.bin.IonRawBinaryWriter$StreamFlushMode;                   : loaded 2 times (x 69B)
Class com.amazon.ion.UnsupportedIonVersionException                                   : loaded 2 times (x 85B)
Class kotlin.comparisons.ComparisonsKt__ComparisonsKt                                 : loaded 2 times (x 71B)
Class kotlin.ranges.RangesKt__RangesKt                                                : loaded 2 times (x 71B)
Class kotlin.collections.SetsKt___SetsKt                                              : loaded 2 times (x 71B)
Class kotlin.sequences.SequencesKt__SequencesKt                                       : loaded 2 times (x 71B)
Class kotlin.coroutines.Continuation                                                  : loaded 2 times (x 70B)
Class org.gradle.internal.classloader.VisitableURLClassLoader$Spec                    : loaded 2 times (x 74B)
Class org.gradle.internal.classpath.DefaultClassPath                                  : loaded 2 times (x 90B)
Class ijKotlinCoroutineJvmDebugInit1_7ur5bwen8i9sx3ssfdbh6sgvx$_run_closure1          : loaded 2 times (x 139B)
Class com.google.common.base.AbstractIterator                                         : loaded 2 times (x 80B)
Class com.android.builder.model.v2.ide.BundleInfo                                     : loaded 2 times (x 70B)
Class com.android.builder.model.v2.ide.SourceProvider                                 : loaded 2 times (x 70B)
Class org.objectweb.asm.Symbol                                                        : loaded 2 times (x 73B)
Class com.amazon.ion.impl.bin.IonManagedBinaryWriter$SymbolState                      : loaded 2 times (x 80B)
Class com.amazon.ion.IonStruct                                                        : loaded 2 times (x 70B)
Class org.jetbrains.plugins.gradle.model.GradleBuildScriptClasspathModel              : loaded 2 times (x 70B)
Class kotlin.sequences.FilteringSequence                                              : loaded 2 times (x 75B)
Class kotlin.text.CharsKt__CharJVMKt                                                  : loaded 2 times (x 71B)
Class kotlin.comparisons.ComparisonsKt                                                : loaded 2 times (x 71B)
Class kotlin.comparisons.ComparisonsKt___ComparisonsKt                                : loaded 2 times (x 71B)
Class kotlin.coroutines.jvm.internal.BaseContinuationImpl                             : loaded 2 times (x 87B)
Class kotlin.Result$Companion                                                         : loaded 2 times (x 71B)
Class org.gradle.util.internal.DefaultGradleVersion                                   : loaded 2 times (x 82B)
Class com.google.common.collect.ImmutableEnumSet                                      : loaded 2 times (x 146B)
Class [Lcom.google.gson.Strictness;                                                   : loaded 2 times (x 69B)
Class com.google.gson.reflect.TypeToken                                               : loaded 2 times (x 75B)
Class com.google.common.collect.RegularImmutableMap$Values                            : loaded 2 times (x 207B)
Class com.android.builder.model.v2.models.VariantDependenciesAdjacencyList            : loaded 2 times (x 70B)
Class org.gradle.internal.classloader.ClassLoaderSpec                                 : loaded 2 times (x 71B)
Class org.objectweb.asm.AnnotationWriter                                              : loaded 2 times (x 79B)
Class com.google.common.cache.CacheStats                                              : loaded 2 times (x 71B)
Class com.google.gson.internal.sql.SqlTimestampTypeAdapter$1                          : loaded 2 times (x 75B)
Class com.google.gson.JsonPrimitive                                                   : loaded 2 times (x 93B)
Class com.amazon.ion.impl.IonWriterSystemTextMarkup                                   : loaded 2 times (x 192B)
Class com.amazon.ion.impl.bin.BlockAllocator                                          : loaded 2 times (x 80B)
Class kotlin.jvm.internal.FunctionReferenceImpl                                       : loaded 2 times (x 122B)
Class kotlin.collections.CollectionsKt___CollectionsJvmKt                             : loaded 2 times (x 71B)
Class ijKotlinCoroutineJvmDebugInit1_7ur5bwen8i9sx3ssfdbh6sgvx                        : loaded 2 times (x 171B)
Class com.google.common.collect.Interners                                             : loaded 2 times (x 71B)
Class com.google.common.collect.ImmutableMultisetGwtSerializationDependencies         : loaded 2 times (x 125B)
Class [Lcom.google.gson.ReflectionAccessFilter$FilterResult;                          : loaded 2 times (x 69B)
Class org.objectweb.asm.RecordComponentWriter                                         : loaded 2 times (x 78B)
Class [Lcom.android.builder.model.v2.ide.ProjectType;                                 : loaded 2 times (x 69B)
Class com.google.common.util.concurrent.AbstractFuture$Listener                       : loaded 2 times (x 72B)
Class ijJvmDebugger1_858lgih2bb2q0e27cpsinjh49$_run_closure1                          : loaded 2 times (x 139B)
Class com.google.gson.JsonElement                                                     : loaded 2 times (x 92B)
Class Settings_gradle$1$1                                                             : loaded 2 times (x 74B)
Class com.amazon.ion.impl._Private_RecyclingQueue                                     : loaded 2 times (x 80B)
Class com.amazon.ion.system.IonWriterBuilderBase                                      : loaded 2 times (x 83B)
Class kotlin.TuplesKt                                                                 : loaded 2 times (x 71B)
Class kotlin.jvm.internal.markers.KMutableIterable                                    : loaded 2 times (x 70B)
Class kotlin.Unit                                                                     : loaded 2 times (x 71B)
Class kotlin.sequences.SequencesKt___SequencesJvmKt                                   : loaded 2 times (x 71B)
Class org.gradle.tooling.internal.adapter.ProtocolToModelAdapter$DefaultViewBuilder   : loaded 2 times (x 80B)
Class org.gradle.api.internal.classpath.Module$ModuleAlias                            : loaded 2 times (x 70B)
Class [Lcom.android.builder.model.v2.ide.AaptOptions$Namespacing;                     : loaded 2 times (x 69B)
Class org.objectweb.asm.Attribute                                                     : loaded 2 times (x 77B)
Class com.android.ide.common.gradle.Version$Companion$ParseState                      : loaded 2 times (x 70B)
Class com.google.common.base.Supplier                                                 : loaded 2 times (x 70B)
Class com.google.gson.internal.bind.CollectionTypeAdapterFactory                      : loaded 2 times (x 75B)
Class kotlin.ranges.RangesKt                                                          : loaded 2 times (x 71B)
Class org.gradle.tooling.internal.adapter.ProtocolToModelAdapter$ViewGraphDetails$1   : loaded 2 times (x 77B)
Class org.gradle.internal.classloader.VisitableURLClassLoader                         : loaded 2 times (x 117B)
Class com.android.ide.common.repository.AgpVersion$Companion                          : loaded 2 times (x 71B)
Class Settings_gradle                                                                 : loaded 2 times (x 124B)
Class com.amazon.ion.impl.bin.IonRawBinaryWriter$1                                    : loaded 2 times (x 77B)
Class [Lcom.amazon.ion.SymbolTable;                                                   : loaded 2 times (x 69B)
Class com.amazon.ion.impl.bin.IonBinaryWriterAdapter$Factory                          : loaded 2 times (x 70B)
Class com.amazon.ion.impl.BlockedBuffer$BufferedOutputStream                          : loaded 2 times (x 90B)
Class org.jetbrains.plugins.gradle.tooling.serialization.ExternalTestsSerializationService$ReadContext: loaded 2 times (x 72B)
Class kotlin.sequences.FlatteningSequence$iterator$1                                  : loaded 2 times (x 79B)
Class kotlin.jvm.functions.Function0                                                  : loaded 2 times (x 70B)
Class kotlin.collections.ArraysUtilJVM                                                : loaded 2 times (x 71B)
Class org.gradle.internal.classloader.ClassLoaderHierarchy                            : loaded 2 times (x 70B)
Class kotlin.collections.CollectionsKt__ReversedViewsKt                               : loaded 2 times (x 71B)
Class org.gradle.tooling.model.idea.IdeaDependency                                    : loaded 2 times (x 70B)
Class com.google.common.collect.MapMakerInternalMap                                   : loaded 2 times (x 161B)
Class com.android.builder.model.v2.ide.AaptOptions                                    : loaded 2 times (x 70B)
Class [Lcom.android.builder.model.v2.ide.BytecodeTransformation;                      : loaded 2 times (x 69B)
Class com.google.common.base.Strings                                                  : loaded 2 times (x 71B)
Class com.google.common.collect.Sets                                                  : loaded 2 times (x 71B)
Class org.objectweb.asm.Handler                                                       : loaded 2 times (x 72B)
Class com.android.ide.common.gradle.Version$Companion                                 : loaded 2 times (x 71B)
Class kotlin.sequences.SequencesKt__SequenceBuilderKt                                 : loaded 2 times (x 71B)
Class com.google.common.base.Ticker                                                   : loaded 2 times (x 72B)
Class com.google.gson.internal.bind.TreeTypeAdapter                                   : loaded 2 times (x 75B)
Class com.google.gson.internal.sql.SqlTimeTypeAdapter                                 : loaded 2 times (x 74B)
Class com.amazon.ion.impl.bin.AbstractIonWriter$WriteValueOptimization                : loaded 2 times (x 79B)
Class kotlin.collections.AbstractMutableList                                          : loaded 2 times (x 206B)
Class kotlin.jvm.functions.Function1                                                  : loaded 2 times (x 70B)
Class com.android.builder.model.v2.models.ndk.NativeModelBuilderParameter             : loaded 2 times (x 70B)
Class [Lcom.google.common.cache.LocalCache$Segment;                                   : loaded 2 times (x 69B)
Class kotlin.io.FilesKt__FileTreeWalkKt                                               : loaded 2 times (x 71B)
Class [Lcom.google.common.cache.LocalCache$Strength;                                  : loaded 2 times (x 69B)
Class com.google.common.cache.CacheBuilder$1                                          : loaded 2 times (x 85B)
Class com.google.gson.internal.bind.TypeAdapters$20                                   : loaded 2 times (x 75B)
Class com.google.common.collect.ImmutableMap                                          : loaded 2 times (x 120B)
Class com.amazon.ion.impl.bin.BlockAllocatorProvider                                  : loaded 2 times (x 72B)
Class org.jetbrains.plugins.gradle.tooling.serialization.internal.IdeaProjectSerializationService$WriteContext: loaded 2 times (x 72B)
Class com.intellij.gradle.toolingExtension.impl.model.sourceSetDependencyModel.GradleSourceSetDependencySerialisationService: loaded 2 times (x 77B)
Class org.jetbrains.plugins.gradle.model.GradleSourceSetModel                         : loaded 2 times (x 70B)
Class kotlin.KotlinNothingValueException                                              : loaded 2 times (x 82B)
Class kotlin.jvm.functions.Function2                                                  : loaded 2 times (x 70B)
Class org.gradle.internal.classpath.DefaultClassPath$ImmutableUniqueList$Builder      : loaded 2 times (x 75B)
Class com.google.common.collect.MapMakerInternalMap$WeakValueReference                : loaded 2 times (x 70B)
Class kotlin.jvm.internal.CollectionToArray                                           : loaded 2 times (x 71B)
Class com.google.common.cache.LocalCache                                              : loaded 2 times (x 187B)
Class com.google.common.cache.CacheBuilder$2                                          : loaded 2 times (x 79B)
Class com.google.gson.internal.bind.TypeAdapters$21                                   : loaded 2 times (x 75B)
Class com.google.gson.FieldNamingPolicy$1                                             : loaded 2 times (x 83B)
Class com.amazon.ion.impl.lite.IonSequenceLite                                        : loaded 2 times (x 432B)
Class com.amazon.ion.impl._Private_Utils$1                                            : loaded 2 times (x 89B)
Class com.amazon.ion.impl.SymbolTableAsStruct                                         : loaded 2 times (x 70B)
Class com.android.ide.gradle.model.dependencies.Coordinates                           : loaded 2 times (x 70B)
Class com.google.common.collect.AbstractRangeSet                                      : loaded 2 times (x 114B)
Class kotlin.collections.MapsKt___MapsJvmKt                                           : loaded 2 times (x 71B)
Class org.gradle.tooling.internal.adapter.WeakIdentityHashMap$AbsentValueProvider     : loaded 2 times (x 70B)
Class com.google.common.collect.ArrayListMultimap                                     : loaded 2 times (x 172B)
Class com.google.common.cache.CacheBuilder$3                                          : loaded 2 times (x 72B)
Class com.google.gson.internal.bind.TypeAdapters$22                                   : loaded 2 times (x 75B)
Class com.google.gson.FieldNamingPolicy$2                                             : loaded 2 times (x 83B)
Class com.google.gson.internal.Excluder$1                                             : loaded 2 times (x 74B)
Class [Lcom.google.common.collect.AbstractMapEntry;                                   : loaded 2 times (x 69B)
Class com.google.common.collect.ImmutableEntry                                        : loaded 2 times (x 82B)
Class com.amazon.ion.impl.bin.AbstractIonWriter                                       : loaded 2 times (x 161B)
Class gnu.trove.TObjectHash                                                           : loaded 2 times (x 94B)
Class org.jetbrains.plugins.gradle.tooling.util.ObjectCollector$Processor             : loaded 2 times (x 70B)
Class kotlin.jvm.functions.Function4                                                  : loaded 2 times (x 70B)
Class kotlin.collections.EmptySet                                                     : loaded 2 times (x 122B)
Class kotlin.annotation.Target                                                        : loaded 2 times (x 70B)
Class kotlin.collections.CollectionsKt___CollectionsKt                                : loaded 2 times (x 71B)
Class kotlin.sequences.FilteringSequence$iterator$1                                   : loaded 2 times (x 79B)
Class org.gradle.internal.exceptions.NonGradleCauseExceptionsHolder                   : loaded 2 times (x 70B)
Class org.gradle.tooling.model.idea.IdeaModuleDependency                              : loaded 2 times (x 70B)
Class org.gradle.tooling.internal.adapter.ViewBuilder                                 : loaded 2 times (x 70B)
Class com.android.builder.model.v2.ide.AndroidLibraryData                             : loaded 2 times (x 70B)
Class com.android.builder.model.v2.ide.ApiVersion                                     : loaded 2 times (x 70B)
Class com.android.ide.common.gradle.Version                                           : loaded 2 times (x 75B)
Class com.google.gson.internal.bind.TypeAdapters$23                                   : loaded 2 times (x 75B)
Class com.google.gson.FieldNamingPolicy$3                                             : loaded 2 times (x 83B)
Class com.google.common.collect.CollectPreconditions                                  : loaded 2 times (x 71B)
Class com.amazon.ion.system.IonReaderBuilder                                          : loaded 2 times (x 95B)
Class org.jetbrains.plugins.gradle.model.AnnotationProcessingConfig                   : loaded 2 times (x 70B)
Class com.amazon.ion.IonReader                                                        : loaded 2 times (x 70B)
Class gnu.trove.Equality                                                              : loaded 2 times (x 70B)
Class kotlin.text.StringsKt___StringsJvmKt                                            : loaded 2 times (x 71B)
Class kotlin.reflect.KDeclarationContainer                                            : loaded 2 times (x 70B)
Class kotlin.annotation.Retention                                                     : loaded 2 times (x 70B)
Class [Lcom.google.common.collect.MapMakerInternalMap$Strength;                       : loaded 2 times (x 69B)
Class com.android.builder.model.v2.models.Versions$Version                            : loaded 2 times (x 70B)
Class com.google.gson.internal.bind.TypeAdapters$24                                   : loaded 2 times (x 75B)
Class com.google.gson.FieldNamingPolicy$4                                             : loaded 2 times (x 83B)
Class com.google.common.collect.SortedMapDifference                                   : loaded 2 times (x 70B)
Class com.amazon.ion.IonClob                                                          : loaded 2 times (x 70B)
Class org.jetbrains.plugins.gradle.tooling.ModelBuilderService$Parameter              : loaded 2 times (x 70B)
Class kotlin.io.FilesKt                                                               : loaded 2 times (x 71B)
Class kotlin.collections.MapsKt___MapsKt                                              : loaded 2 times (x 71B)
Class kotlin.collections.ArraysKt___ArraysKt                                          : loaded 2 times (x 71B)
Class com.google.common.collect.MapMakerInternalMap$StrongKeyDummyValueSegment        : loaded 2 times (x 142B)
Class com.google.common.cache.LocalCache$WriteThroughEntry                            : loaded 2 times (x 79B)
Class com.google.common.cache.LocalCache$HashIterator                                 : loaded 2 times (x 86B)
Class com.google.common.cache.LocalCache$EntryFactory                                 : loaded 2 times (x 83B)
Class com.google.gson.internal.bind.TypeAdapters$25                                   : loaded 2 times (x 75B)
Class com.google.gson.FieldNamingPolicy$5                                             : loaded 2 times (x 83B)
Class com.amazon.ion.impl.lite.IonLobLite                                             : loaded 2 times (x 184B)
Class com.amazon.ion.impl.lite.IonTextLite                                            : loaded 2 times (x 181B)
Class com.amazon.ion.IonNumber                                                        : loaded 2 times (x 70B)
Class gnu.trove.TObjectHashingStrategy                                                : loaded 2 times (x 70B)
Class kotlin.collections.MapsKt__MapWithDefaultKt                                     : loaded 2 times (x 71B)
Class org.gradle.tooling.internal.adapter.ProtocolToModelAdapter$ReflectionMethodInvoker: loaded 2 times (x 76B)
Class [Lcom.google.common.collect.MapMaker$Dummy;                                     : loaded 2 times (x 69B)
Class com.google.common.base.CharMatcher$Whitespace                                   : loaded 2 times (x 112B)
Class [Lcom.android.ide.common.gradle.Separator;                                      : loaded 2 times (x 69B)
Class org.jetbrains.kotlin.tooling.core.HasMutableExtras                              : loaded 2 times (x 70B)
Class com.google.common.cache.LocalCache$AbstractReferenceEntry                       : loaded 2 times (x 107B)
Class com.google.gson.internal.bind.ArrayTypeAdapter                                  : loaded 2 times (x 74B)
Class com.google.gson.internal.bind.TypeAdapters$26                                   : loaded 2 times (x 75B)
Class com.google.gson.FieldNamingPolicy$6                                             : loaded 2 times (x 83B)
Class [Lcom.amazon.ion.impl.bin.IonManagedBinaryWriter$UserState;                     : loaded 2 times (x 69B)
Class com.amazon.ion.impl.bin.utf8.Utf8StringEncoder                                  : loaded 2 times (x 80B)
Class com.amazon.ion.IonBool                                                          : loaded 2 times (x 70B)
Class kotlin.text.StringsKt___StringsKt                                               : loaded 2 times (x 71B)
Class com.google.common.collect.NullsLastOrdering                                     : loaded 2 times (x 115B)
Class kotlin.collections.CollectionsKt__MutableCollectionsJVMKt                       : loaded 2 times (x 71B)
Class com.intellij.gradle.toolingExtension.impl.model.sourceSetModel.GradleSourceSetSerialisationService$Companion: loaded 2 times (x 71B)
Class kotlin.enums.EnumEntriesKt                                                      : loaded 2 times (x 71B)
Class com.google.common.collect.ImmutableMapKeySet                                    : loaded 2 times (x 152B)
Class com.google.gson.internal.reflect.ReflectionHelper                               : loaded 2 times (x 71B)
Class com.android.builder.model.v2.models.VariantDependencies                         : loaded 2 times (x 70B)
Class org.objectweb.asm.SymbolTable                                                   : loaded 2 times (x 72B)
Class com.google.common.cache.CacheLoader$InvalidCacheLoadException                   : loaded 2 times (x 82B)
Class com.google.gson.internal.bind.TypeAdapters$27                                   : loaded 2 times (x 75B)
Class com.google.gson.FieldNamingPolicy$7                                             : loaded 2 times (x 83B)
Class com.amazon.ion.impl._Private_IonValue                                           : loaded 2 times (x 70B)
Class com.amazon.ion.IonLoader                                                        : loaded 2 times (x 70B)
Class com.intellij.gradle.toolingExtension.model.repositoryModel.ProjectRepositoriesModel: loaded 2 times (x 70B)
Class org.jetbrains.plugins.gradle.model.GradleProperty                               : loaded 2 times (x 70B)
Class gnu.trove.TObjectCanonicalHashingStrategy                                       : loaded 2 times (x 78B)
Class com.google.common.collect.ImmutableRangeSet$ComplementRanges                    : loaded 2 times (x 207B)
Class com.android.builder.model.v2.ide.TestedTargetVariant                            : loaded 2 times (x 70B)
Class com.google.common.cache.LocalCache$StrongEntry                                  : loaded 2 times (x 108B)
Class com.google.common.util.concurrent.AbstractFuture$TrustedFuture                  : loaded 2 times (x 114B)
Class com.google.common.cache.LoadingCache                                            : loaded 2 times (x 70B)
Class [Lcom.google.gson.LongSerializationPolicy;                                      : loaded 2 times (x 69B)
Class com.amazon.ion.impl._Private_Utils                                              : loaded 2 times (x 71B)
Class kotlin.ranges.IntRange$Companion                                                : loaded 2 times (x 71B)
Class kotlin.text.MatcherMatchResult$groups$1                                         : loaded 2 times (x 151B)
Class kotlin.collections.EmptyMap                                                     : loaded 2 times (x 108B)
Class kotlin.reflect.KAnnotatedElement                                                : loaded 2 times (x 70B)
Class kotlin.jvm.internal.markers.KMutableCollection                                  : loaded 2 times (x 70B)
Class kotlin.coroutines.intrinsics.IntrinsicsKt                                       : loaded 2 times (x 71B)
Class org.gradle.internal.exceptions.MultiCauseException                              : loaded 2 times (x 70B)
Class org.gradle.internal.time.CountdownTimer                                         : loaded 2 times (x 70B)
Class kotlin.jvm.internal.Intrinsics                                                  : loaded 2 times (x 71B)
Class org.objectweb.asm.MethodWriter                                                  : loaded 2 times (x 106B)
Class [Lcom.google.common.cache.Weigher;                                              : loaded 2 times (x 69B)
Class com.google.gson.internal.bind.MapTypeAdapterFactory                             : loaded 2 times (x 75B)
Class com.google.gson.internal.bind.TypeAdapters$29                                   : loaded 2 times (x 75B)
Class com.google.gson.JsonNull                                                        : loaded 2 times (x 92B)
Class com.google.common.collect.RegularImmutableMap$BucketOverflowException           : loaded 2 times (x 82B)
Class com.intellij.gradle.toolingExtension.impl.model.projectModel.GradleExternalProjectSerializationService$ReadContext: loaded 2 times (x 73B)
Class com.intellij.gradle.toolingExtension.impl.model.dependencyModel.DependencyWriteContext: loaded 2 times (x 72B)
Class ijInit3_5evlfwsqj6a7c6h1g8yf43dlw                                               : loaded 2 times (x 171B)
Class kotlin.collections.MapsKt                                                       : loaded 2 times (x 71B)
Class kotlin.coroutines.intrinsics.CoroutineSingletons                                : loaded 2 times (x 79B)
Class kotlin.collections.CollectionsKt__IterablesKt                                   : loaded 2 times (x 71B)
Class org.gradle.tooling.model.ProjectModel                                           : loaded 2 times (x 70B)
Class com.google.common.collect.ImmutableMultimap$1                                   : loaded 2 times (x 82B)
Class com.android.ide.common.gradle.Version$Companion$ParseState$EMPTY                : loaded 2 times (x 74B)
Class org.jetbrains.plugins.gradle.model.GradleConfiguration                          : loaded 2 times (x 70B)
Class com.amazon.ion.impl.bin.utf8.Utf8StringEncoderPool                              : loaded 2 times (x 74B)
Class com.amazon.ion.impl._Private_IonSystem                                          : loaded 2 times (x 70B)
Class com.amazon.ion.BufferConfiguration$OversizedValueHandler                        : loaded 2 times (x 70B)
Class kotlin.ranges.OpenEndRange                                                      : loaded 2 times (x 70B)
Class kotlin.sequences.SequenceBuilderIterator                                        : loaded 2 times (x 85B)
Class kotlin.KotlinNullPointerException                                               : loaded 2 times (x 83B)
Class com.google.common.collect.ImmutableMultimap$2                                   : loaded 2 times (x 81B)
Class com.android.ide.common.repository.AgpVersion$Companion$WhenMappings             : loaded 2 times (x 71B)
Class com.google.common.collect.RegularImmutableBiMap                                 : loaded 2 times (x 149B)
Class com.amazon.ion.impl.bin.IonManagedBinaryWriter$UserState$2                      : loaded 2 times (x 85B)
Class [Lcom.google.common.collect.MapMakerInternalMap$Segment;                        : loaded 2 times (x 69B)
Class com.google.common.cache.LocalCache$ValueReference                               : loaded 2 times (x 70B)
Class com.google.gson.internal.bind.DefaultDateTypeAdapter$DateType$1                 : loaded 2 times (x 73B)
Class com.amazon.ion.IonDecimal                                                       : loaded 2 times (x 70B)
Class org.jetbrains.plugins.gradle.model.tests.ExternalTestsModel                     : loaded 2 times (x 70B)
Class kotlin.ranges.RangesKt___RangesKt                                               : loaded 2 times (x 71B)
Class org.gradle.tooling.model.idea.IdeaLanguageLevel                                 : loaded 2 times (x 70B)
Class org.gradle.tooling.internal.adapter.ProtocolToModelAdapter$SafeMethodInvoker    : loaded 2 times (x 76B)
Class org.gradle.tooling.internal.adapter.WeakIdentityHashMap$WeakKey                 : loaded 2 times (x 79B)
Class org.gradle.internal.exceptions.DefaultMultiCauseException                       : loaded 2 times (x 95B)
Class com.google.common.hash.PrimitiveSink                                            : loaded 2 times (x 70B)
Class com.android.builder.model.v2.ide.ProjectInfo                                    : loaded 2 times (x 70B)
Class com.google.common.base.PatternCompiler                                          : loaded 2 times (x 70B)
Class com.google.common.util.concurrent.AbstractFuture$Failure                        : loaded 2 times (x 72B)
Class com.google.common.base.Equivalence$Equals                                       : loaded 2 times (x 82B)
Class com.google.gson.internal.LazilyParsedNumber                                     : loaded 2 times (x 78B)
Class com.google.common.collect.Hashing                                               : loaded 2 times (x 71B)
Class org.gradle.internal.classloader.FilteringClassLoader                            : loaded 2 times (x 105B)
Class com.amazon.ion.impl.bin.IonRawBinaryWriter$StreamCloseMode                      : loaded 2 times (x 79B)
Class com.amazon.ion.impl._Private_IonBinaryWriterBuilder$Mutable                     : loaded 2 times (x 115B)
Class com.intellij.gradle.toolingExtension.impl.model.projectModel.GradleExternalProjectSerializationService: loaded 2 times (x 77B)
Class kotlin.text.CharsKt__CharKt                                                     : loaded 2 times (x 71B)
Class kotlin.collections.ArrayDeque$Companion                                         : loaded 2 times (x 71B)
Class kotlin.collections.ArraysKt                                                     : loaded 2 times (x 71B)
Class org.gradle.tooling.model.HierarchicalElement                                    : loaded 2 times (x 70B)
Class com.android.builder.model.v2.dsl.DependenciesInfo                               : loaded 2 times (x 70B)
Class kotlin.NotImplementedError                                                      : loaded 2 times (x 82B)
Class org.objectweb.asm.Label                                                         : loaded 2 times (x 73B)
Class org.objectweb.asm.CurrentFrame                                                  : loaded 2 times (x 73B)
Class org.objectweb.asm.ClassTooLargeException                                        : loaded 2 times (x 83B)
Class kotlin.sequences.FlatteningSequence                                             : loaded 2 times (x 75B)
Class com.google.gson.stream.JsonReader                                               : loaded 2 times (x 97B)
Class kotlin.text.MatcherMatchResult                                                  : loaded 2 times (x 80B)
Class com.amazon.ion.impl.bin.IonRawBinaryWriter$PatchPoint                           : loaded 2 times (x 73B)
Class com.amazon.ion.IonSequence                                                      : loaded 2 times (x 70B)
Class com.amazon.ion.IonBlob                                                          : loaded 2 times (x 70B)
Class com.amazon.ion.IonLob                                                           : loaded 2 times (x 70B)
Class org.jetbrains.plugins.gradle.tooling.serialization.ExternalTestsSerializationService: loaded 2 times (x 77B)
Class com.google.common.collect.ByFunctionOrdering                                    : loaded 2 times (x 115B)
Class kotlin.collections.SetsKt__SetsKt                                               : loaded 2 times (x 71B)
Class kotlin.coroutines.EmptyCoroutineContext                                         : loaded 2 times (x 77B)
Class org.gradle.internal.time.Time                                                   : loaded 2 times (x 71B)
Class com.google.common.collect.Table                                                 : loaded 2 times (x 70B)
Class com.google.common.collect.MapMakerInternalMap$InternalEntryHelper               : loaded 2 times (x 70B)
Class com.google.gson.internal.reflect.ReflectionHelper$RecordSupportedHelper         : loaded 2 times (x 78B)
Class com.android.builder.model.v2.models.ProjectGraph                                : loaded 2 times (x 70B)
Class com.google.common.collect.Maps$IteratorBasedAbstractMap                         : loaded 2 times (x 125B)
Class kotlin.text.MatchGroupCollection                                                : loaded 2 times (x 70B)
Class org.objectweb.asm.Frame                                                         : loaded 2 times (x 73B)
Class org.objectweb.asm.MethodVisitor                                                 : loaded 2 times (x 105B)
Class com.android.ide.common.gradle.Version$Companion$ParseState$NUMERIC              : loaded 2 times (x 74B)
Class kotlin.text.StringsKt__StringsKt                                                : loaded 2 times (x 71B)
Class com.android.ide.gradle.model.dependencies.DeclaredDependencies                  : loaded 2 times (x 70B)
Class com.google.common.cache.LocalCache$EntryFactory$1                               : loaded 2 times (x 83B)
Class [Lcom.google.common.cache.RemovalListener;                                      : loaded 2 times (x 69B)
Class com.android.ide.common.repository.AgpVersion$PreviewKind                        : loaded 2 times (x 79B)
Class com.amazon.ion.system.IonTextWriterBuilder                                      : loaded 2 times (x 98B)
Class com.amazon.ion.impl.bin.IonManagedBinaryWriter$ImportedSymbolResolverMode$1$1$1 : loaded 2 times (x 76B)
Class com.amazon.ion.impl._Private_LocalSymbolTableFactory                            : loaded 2 times (x 70B)
Class org.jetbrains.plugins.gradle.tooling.serialization.AnnotationProcessingModelSerializationService: loaded 2 times (x 77B)
Class com.google.common.collect.RangeGwtSerializationDependencies                     : loaded 2 times (x 71B)
Class kotlin.collections.ArraysKt__ArraysJVMKt                                        : loaded 2 times (x 71B)
Class com.google.common.cache.LocalCache$EntryFactory$2                               : loaded 2 times (x 83B)
Class com.google.gson.internal.bind.JsonAdapterAnnotationTypeAdapterFactory           : loaded 2 times (x 75B)
Class com.amazon.ion.impl.lite.IonNullLite                                            : loaded 2 times (x 175B)
Class org.jetbrains.plugins.gradle.model.DependencyAccessorsModel                     : loaded 2 times (x 70B)
Class [Lcom.intellij.openapi.externalSystem.model.project.dependencies.ResolutionState;: loaded 2 times (x 69B)
Class gnu.trove.TObjectIntHashMap                                                     : loaded 2 times (x 109B)
Class kotlin.text.StringsKt__StringBuilderKt                                          : loaded 2 times (x 71B)
Class com.google.common.collect.RangeSet                                              : loaded 2 times (x 70B)
Class kotlin.jvm.internal.CallableReference$NoReceiver                                : loaded 2 times (x 71B)
Class org.objectweb.asm.ModuleWriter                                                  : loaded 2 times (x 82B)
Class com.google.common.cache.LocalCache$EntryFactory$3                               : loaded 2 times (x 83B)
Class com.google.common.base.Ticker$1                                                 : loaded 2 times (x 72B)
Class com.google.gson.internal.bind.NumberTypeAdapter                                 : loaded 2 times (x 74B)
Class com.google.common.collect.Maps$BiMapConverter                                   : loaded 2 times (x 90B)
Class com.google.common.collect.ImmutableMapEntrySet$RegularEntrySet                  : loaded 2 times (x 152B)
Class com.amazon.ion.impl.lite.IonClobLite                                            : loaded 2 times (x 220B)
Class com.amazon.ion.impl._Private_ValueFactory                                       : loaded 2 times (x 70B)
Class com.amazon.ion.impl.bin.IonRawBinaryWriter$PreallocationMode$1                  : loaded 2 times (x 82B)
Class [Lcom.amazon.ion.impl.bin._Private_IonManagedBinaryWriterBuilder$AllocatorMode; : loaded 2 times (x 69B)
Class org.jetbrains.kotlin.idea.gradleTooling.KotlinMPPGradleModel                    : loaded 2 times (x 70B)
Class com.intellij.gradle.toolingExtension.impl.model.dependencyDownloadPolicyModel.GradleDependencyDownloadPolicy: loaded 2 times (x 70B)
Class org.gradle.tooling.model.BuildIdentifier                                        : loaded 2 times (x 70B)
Class kotlin.NoWhenBranchMatchedException                                             : loaded 2 times (x 82B)
Class com.android.builder.model.v2.ide.VectorDrawablesOptions                         : loaded 2 times (x 70B)
Class com.google.common.collect.ImmutableSet$Builder                                  : loaded 2 times (x 85B)
Class org.jetbrains.plugins.gradle.tooling.serialization.internal.IdeaProjectSerializationService$ReadContext: loaded 2 times (x 72B)
Class com.google.common.cache.LocalCache$EntryFactory$4                               : loaded 2 times (x 83B)
Class com.google.gson.ToNumberPolicy$1                                                : loaded 2 times (x 83B)
Class [Lcom.google.gson.FieldNamingStrategy;                                          : loaded 2 times (x 69B)
Class com.google.gson.internal.Excluder                                               : loaded 2 times (x 75B)
Class com.amazon.ion.IonInt                                                           : loaded 2 times (x 70B)
Class com.amazon.ion.impl.bin.IonRawBinaryWriter$PreallocationMode$2                  : loaded 2 times (x 82B)
Class org.jetbrains.kotlin.idea.gradleTooling.PrepareKotlinIdeImportTaskModel         : loaded 2 times (x 70B)
Class com.android.builder.model.v2.ide.Edge                                           : loaded 2 times (x 70B)
Class com.google.gson.internal.ReflectionAccessFilterHelper                           : loaded 2 times (x 71B)
Class com.google.gson.internal.reflect.ReflectionHelper$RecordHelper                  : loaded 2 times (x 75B)
Class com.android.builder.model.v2.models.VariantDependenciesFlatList                 : loaded 2 times (x 70B)
Class com.google.common.cache.LocalCache$EntryFactory$5                               : loaded 2 times (x 83B)
Class com.google.gson.ToNumberPolicy$2                                                : loaded 2 times (x 83B)
Class com.amazon.ion.impl.bin.IonRawBinaryWriter$PreallocationMode$3                  : loaded 2 times (x 82B)
Class com.android.ide.gradle.model.GradlePluginModel                                  : loaded 2 times (x 70B)
Class com.google.common.collect.ReverseOrdering                                       : loaded 2 times (x 115B)
Class org.gradle.tooling.model.build.JavaEnvironment                                  : loaded 2 times (x 70B)
Class com.amazon.ion.impl.bin.IonManagedBinaryWriter$UserState$1                      : loaded 2 times (x 85B)
Class com.android.builder.model.v2.ide.SourceSetContainer                             : loaded 2 times (x 70B)
Class com.google.gson.internal.bind.ReflectiveTypeAdapterFactory$FieldsData           : loaded 2 times (x 72B)
Class com.google.common.cache.LocalCache$EntryFactory$6                               : loaded 2 times (x 83B)
Class com.google.gson.ToNumberPolicy$3                                                : loaded 2 times (x 83B)
Class org.jetbrains.plugins.gradle.model.GradleExtension                              : loaded 2 times (x 70B)
Class com.amazon.ion.impl.lite.IonDecimalLite                                         : loaded 2 times (x 188B)
Class com.amazon.ion.IonBufferConfiguration$Builder                                   : loaded 2 times (x 78B)
Class org.gradle.internal.time.Timer                                                  : loaded 2 times (x 70B)
Class kotlin.jvm.internal.markers.KMappedMarker                                       : loaded 2 times (x 70B)
Class org.gradle.internal.installation.CurrentGradleInstallationLocator               : loaded 2 times (x 71B)
Class ijJvmDebugger1_858lgih2bb2q0e27cpsinjh49                                        : loaded 2 times (x 171B)
Class com.google.common.collect.ImmutableMultimap$Builder                             : loaded 2 times (x 86B)
Class com.android.builder.model.v2.ide.LintOptions                                    : loaded 2 times (x 70B)
Class com.google.common.collect.Maps$KeySet                                           : loaded 2 times (x 137B)
Class com.google.common.collect.ImmutableSet$EmptySetBuilderImpl                      : loaded 2 times (x 76B)
Class com.google.common.cache.LocalCache$EntryFactory$7                               : loaded 2 times (x 83B)
Class com.google.gson.ToNumberPolicy$4                                                : loaded 2 times (x 83B)
Class com.google.common.collect.RegularImmutableMap$KeySet                            : loaded 2 times (x 152B)
Class [Lcom.amazon.ion.impl.bin.IonRawBinaryWriter$ContainerType;                     : loaded 2 times (x 69B)
Class sync_studio_tooling1891_9doidf82gz3vp93egocs10my$_run_closure1                  : loaded 2 times (x 139B)
Class org.gradle.tooling.internal.adapter.ProtocolToModelAdapter$ViewGraphDetails     : loaded 2 times (x 72B)
Class org.gradle.tooling.model.idea.IdeaProject                                       : loaded 2 times (x 70B)
Class org.gradle.tooling.model.DomainObjectSet                                        : loaded 2 times (x 70B)
Class org.gradle.internal.service.DefaultServiceLocator                               : loaded 2 times (x 83B)
Class com.google.common.collect.ImmutableMultimap$EntryCollection                     : loaded 2 times (x 128B)
Class com.android.builder.model.v2.ide.BasicArtifact                                  : loaded 2 times (x 70B)
Class com.google.common.cache.LocalCache$EntryFactory$8                               : loaded 2 times (x 83B)
Class com.google.gson.internal.sql.SqlTypesSupport                                    : loaded 2 times (x 71B)
Class com.google.gson.Gson                                                            : loaded 2 times (x 72B)
Class com.google.gson.internal.bind.ObjectTypeAdapter$1                               : loaded 2 times (x 76B)
Class com.amazon.ion.impl.bin.utf8.Utf8StringEncoder$Result                           : loaded 2 times (x 74B)
Class com.amazon.ion.impl.bin.utf8.Pool$Allocator                                     : loaded 2 times (x 70B)
Class com.amazon.ion.IonText                                                          : loaded 2 times (x 70B)
Class com.amazon.ion.impl.SymbolTokenImpl                                             : loaded 2 times (x 81B)
Class com.amazon.ion.SubstituteSymbolTableException                                   : loaded 2 times (x 84B)
Class kotlin.coroutines.jvm.internal.SuspendFunction                                  : loaded 2 times (x 70B)
Class org.gradle.util.GradleVersion                                                   : loaded 2 times (x 81B)
Class org.gradle.internal.installation.CurrentGradleInstallation                      : loaded 2 times (x 73B)
Class com.google.common.cache.CacheLoader$1                                           : loaded 2 times (x 75B)
Class com.google.common.base.PairwiseEquivalence                                      : loaded 2 times (x 83B)
Class com.google.gson.Gson$1                                                          : loaded 2 times (x 76B)
Class com.google.common.base.Equivalence$Identity                                     : loaded 2 times (x 82B)
Class com.amazon.ion.impl.bin.IonManagedBinaryWriter$ImportDescriptor                 : loaded 2 times (x 76B)
Class com.amazon.ion.SymbolTable                                                      : loaded 2 times (x 70B)
Class org.jetbrains.plugins.gradle.javaModel.JavaGradleManifestModel                  : loaded 2 times (x 70B)
Class org.jetbrains.plugins.gradle.tooling.serialization.GradleExtensionsSerializationService$WriteContext: loaded 2 times (x 72B)
Class com.intellij.gradle.toolingExtension.impl.model.taskModel.GradleTaskSerialisationService$Companion: loaded 2 times (x 71B)
Class kotlin.jvm.internal.Ref$BooleanRef                                              : loaded 2 times (x 71B)
Class kotlin.jvm.internal.StringCompanionObject                                       : loaded 2 times (x 71B)
Class kotlin.coroutines.intrinsics.IntrinsicsKt__IntrinsicsJvmKt                      : loaded 2 times (x 71B)
Class kotlin.coroutines.jvm.internal.CoroutineStackFrame                              : loaded 2 times (x 70B)
Class org.gradle.tooling.internal.adapter.ProtocolToModelAdapter$MethodInvocationCache$MethodInvocationKey: loaded 2 times (x 73B)
Class org.gradle.util.internal.GUtil                                                  : loaded 2 times (x 71B)
Class com.android.utils.StringHelper                                                  : loaded 2 times (x 71B)
Class com.google.common.cache.AbstractCache$StatsCounter                              : loaded 2 times (x 70B)
Class com.google.gson.Gson$2                                                          : loaded 2 times (x 76B)
Class [Lcom.amazon.ion.impl.bin.IonManagedBinaryWriter$SymbolState;                   : loaded 2 times (x 69B)
Class com.amazon.ion.impl._Private_IonWriterBase                                      : loaded 2 times (x 162B)
Class com.amazon.ion.system.IonSystemBuilder                                          : loaded 2 times (x 75B)
Class com.amazon.ion.IonCatalog                                                       : loaded 2 times (x 70B)
Class com.intellij.gradle.toolingExtension.impl.model.utilTurnOffDefaultTasksModel.TurnOffDefaultTasks: loaded 2 times (x 70B)
Class com.intellij.gradle.toolingExtension.impl.model.sourceSetModel.GradleSourceSetSerialisationService$SourceSetModelReadContext: loaded 2 times (x 72B)
Class kotlin.io.NoSuchFileException                                                   : loaded 2 times (x 82B)
Class kotlin.collections.CollectionsKt                                                : loaded 2 times (x 71B)
Class com.google.common.collect.MapMakerInternalMap$1                                 : loaded 2 times (x 83B)
Class com.android.builder.model.v2.dsl.BuildType                                      : loaded 2 times (x 70B)
Class com.google.gson.internal.bind.ReflectiveTypeAdapterFactory$BoundField           : loaded 2 times (x 75B)
Class com.google.gson.Gson$3                                                          : loaded 2 times (x 75B)
Class com.google.gson.Gson$FutureTypeAdapter                                          : loaded 2 times (x 76B)
Class com.android.builder.model.v2.ide.ViewBindingOptions                             : loaded 2 times (x 70B)
Class com.intellij.gradle.toolingExtension.impl.model.sourceSetModel.GradleSourceSetSerialisationService$SourceSetModelWriteContext: loaded 2 times (x 72B)
Class kotlin.ranges.IntProgressionIterator                                            : loaded 2 times (x 82B)
Class kotlin.coroutines.CoroutineContext                                              : loaded 2 times (x 70B)
Class kotlin.coroutines.jvm.internal.DebugProbesKt                                    : loaded 2 times (x 71B)
Class org.gradle.tooling.internal.adapter.WeakIdentityHashMap                         : loaded 2 times (x 76B)
Class org.gradle.tooling.GradleConnectionException                                    : loaded 2 times (x 83B)
Class org.gradle.tooling.internal.adapter.ProtocolToModelAdapter$1                    : loaded 2 times (x 75B)
Class org.gradle.tooling.internal.adapter.ProtocolToModelAdapter$ViewDecoration       : loaded 2 times (x 70B)
Class org.gradle.internal.installation.GradleInstallation                             : loaded 2 times (x 75B)
Class com.google.common.base.Splitter$Strategy                                        : loaded 2 times (x 70B)
Class com.google.common.collect.Iterables                                             : loaded 2 times (x 71B)
Class com.google.gson.internal.bind.DefaultDateTypeAdapter$1                          : loaded 2 times (x 75B)
Class com.google.gson.Gson$4                                                          : loaded 2 times (x 76B)
Class com.google.gson.internal.ConstructorConstructor                                 : loaded 2 times (x 72B)
Class com.amazon.ion.impl._Private_RecyclingQueue$Recycler                            : loaded 2 times (x 70B)
Class com.amazon.ion.impl.lite.ContainerlessContext                                   : loaded 2 times (x 80B)
Class org.jetbrains.plugins.gradle.tooling.serialization.GradleExtensionsSerializationService$ReadContext: loaded 2 times (x 72B)
Class com.google.common.collect.ForwardingCollection                                  : loaded 2 times (x 130B)
Class com.google.common.collect.LexicographicalOrdering                               : loaded 2 times (x 115B)
Class org.gradle.tooling.internal.adapter.MethodInvoker                               : loaded 2 times (x 70B)
Class com.google.gson.ReflectionAccessFilter$FilterResult                             : loaded 2 times (x 79B)
Class com.google.common.collect.Lists$RandomAccessReverseList                         : loaded 2 times (x 200B)
Class com.android.ide.common.gradle.Part                                              : loaded 2 times (x 77B)
Class com.google.gson.Gson$5                                                          : loaded 2 times (x 76B)
Class gnu.trove.PrimeFinder                                                           : loaded 2 times (x 71B)
Class com.amazon.ion.UnexpectedEofException                                           : loaded 2 times (x 84B)
Class com.amazon.ion.IonSexp                                                          : loaded 2 times (x 70B)
Class com.amazon.ion.ReadOnlyValueException                                           : loaded 2 times (x 84B)
Class com.amazon.ion.impl._Private_LocalSymbolTable                                   : loaded 2 times (x 70B)
Class com.amazon.ion.BufferConfiguration$DataHandler                                  : loaded 2 times (x 70B)
Class com.amazon.ion.impl._Private_IonBinaryWriterBuilder                             : loaded 2 times (x 115B)
Class org.jetbrains.plugins.gradle.tooling.serialization.RepositoriesModelSerializationService$WriteContext: loaded 2 times (x 72B)
Class com.android.ide.gradle.model.LegacyAndroidGradlePluginProperties                : loaded 2 times (x 70B)
Class kotlin.ranges.IntProgression                                                    : loaded 2 times (x 81B)
Class kotlin.jvm.KotlinReflectionNotSupportedError                                    : loaded 2 times (x 82B)
Class org.gradle.tooling.model.gradle.GradleScript                                    : loaded 2 times (x 70B)

---------------  S Y S T E M  ---------------

OS:
 Windows 11 , 64 bit Build 26100 (10.0.26100.6725)
OS uptime: 0 days 1:09 hours
Hyper-V role detected

CPU: total 4 (initial active 4) (4 cores per cpu, 2 threads per core) family 6 model 142 stepping 10 microcode 0xf4, cx8, cmov, fxsr, ht, mmx, 3dnowpref, sse, sse2, sse3, ssse3, sse4.1, sse4.2, popcnt, lzcnt, tsc, tscinvbit, avx, avx2, aes, erms, clmul, bmi1, bmi2, rtm, adx, fma, vzeroupper, clflush, clflushopt, hv, rdtscp, f16c
Processor Information for the first 4 processors :
  Max Mhz: 1896, Current Mhz: 1896, Mhz Limit: 1896

Memory: 4k page, system-wide physical 8050M (658M free)
TotalPageFile size 8050M (AvailPageFile size 0M)
current process WorkingSet (physical memory assigned to process): 756M, peak: 756M
current process commit charge ("private bytes"): 786M, peak: 787M

vm_info: OpenJDK 64-Bit Server VM (21.0.10+-14961533-b1163.108) for windows-amd64 JRE (21.0.10+-14961533-b1163.108), built on 2026-03-02T19:58:50Z by "builder" with MS VC++ 16.10 / 16.11 (VS2019)

END.
