#
# There is insufficient memory for the Java Runtime Environment to continue.
# Native memory allocation (mmap) failed to map 142606336 bytes. Error detail: G1 virtual space
# Possible reasons:
#   The system is out of physical RAM or swap space
#   This process is running with CompressedOops enabled, and the Java Heap may be blocking the growth of the native heap
# Possible solutions:
#   Reduce memory load on the system
#   Increase physical memory or swap space
#   Check if swap backing store is full
#   Decrease Java heap size (-Xmx/-Xms)
#   Decrease number of Java threads
#   Decrease Java thread stack sizes (-Xss)
#   Set larger code cache with -XX:ReservedCodeCacheSize=
#   JVM is running with Unscaled Compressed Oops mode in which the Java heap is
#     placed in the first 4GB address space. The Java Heap base address is the
#     maximum limit for the native heap growth. Please use -XX:HeapBaseMinAddress
#     to set the Java Heap base and to place the Java Heap above 4GB virtual address.
# This output file may be truncated or incomplete.
#
#  Out of Memory Error (os_windows.cpp:3926), pid=15248, tid=15772
#
# JRE version: OpenJDK Runtime Environment (21.0.10) (build 21.0.10+-14961533-b1163.108)
# Java VM: OpenJDK 64-Bit Server VM (21.0.10+-14961533-b1163.108, mixed mode, tiered, compressed oops, compressed class ptrs, g1 gc, windows-amd64)
# No core dump will be written. Minidumps are not enabled by default on client versions of Windows
#

---------------  S U M M A R Y ------------

Command Line: --add-opens=java.base/java.lang=ALL-UNNAMED --add-opens=java.base/java.lang.invoke=ALL-UNNAMED --add-opens=java.base/java.util=ALL-UNNAMED --add-opens=java.prefs/java.util.prefs=ALL-UNNAMED --add-exports=jdk.compiler/com.sun.tools.javac.api=ALL-UNNAMED --add-exports=jdk.compiler/com.sun.tools.javac.util=ALL-UNNAMED --add-opens=java.base/java.util=ALL-UNNAMED --add-opens=java.prefs/java.util.prefs=ALL-UNNAMED --add-opens=java.base/java.nio.charset=ALL-UNNAMED --add-opens=java.base/java.net=ALL-UNNAMED --add-opens=java.base/java.util.concurrent=ALL-UNNAMED --add-opens=java.base/java.util.concurrent.atomic=ALL-UNNAMED --add-opens=java.xml/javax.xml.namespace=ALL-UNNAMED --add-opens=java.base/java.time=ALL-UNNAMED -Xmx2048m -Dfile.encoding=UTF-8 -Duser.country=IN -Duser.language=en -Duser.variant -javaagent:C:\Users\DELL\.gradle\wrapper\dists\gradle-9.4.1-bin\arn2x92ynaizyzdaamcbpbhtj\gradle-9.4.1\lib\agents\gradle-instrumentation-agent-9.4.1.jar org.gradle.launcher.daemon.bootstrap.GradleDaemon 9.4.1

Host: Intel(R) Core(TM) i5-8350U CPU @ 1.70GHz, 4 cores, 7G,  Windows 11 , 64 bit Build 26100 (10.0.26100.6725)
Time: Fri May 29 21:31:28 2026 India Standard Time elapsed time: 32.649772 seconds (0d 0h 0m 32s)

---------------  T H R E A D  ---------------

Current thread (0x000001f86b459020):  VMThread "VM Thread"          [id=15772, stack(0x00000022e9d00000,0x00000022e9e00000) (1024K)]

Stack: [0x00000022e9d00000,0x00000022e9e00000]
Native frames: (J=compiled Java code, j=interpreted, Vv=VM code, C=native code)
V  [jvm.dll+0x6d78a9]
V  [jvm.dll+0x8665b3]
V  [jvm.dll+0x868bde]
V  [jvm.dll+0x8692c3]
V  [jvm.dll+0x280ee6]
V  [jvm.dll+0x6d4165]
V  [jvm.dll+0x6c77fa]
V  [jvm.dll+0x358f4b]
V  [jvm.dll+0x360bc6]
V  [jvm.dll+0x3b2ea6]
V  [jvm.dll+0x3b3178]
V  [jvm.dll+0x32b65c]
V  [jvm.dll+0x32b6e7]
V  [jvm.dll+0x3715cc]
V  [jvm.dll+0x36fd7e]
V  [jvm.dll+0x32adb1]
V  [jvm.dll+0x36f480]
V  [jvm.dll+0x86f048]
V  [jvm.dll+0x870394]
V  [jvm.dll+0x8708d0]
V  [jvm.dll+0x870b63]
V  [jvm.dll+0x80fd28]
V  [jvm.dll+0x6d60fd]
C  [ucrtbase.dll+0x37b0]
C  [KERNEL32.DLL+0x2e8d7]
C  [ntdll.dll+0x8c53c]

VM_Operation (0x00000022ec7f8a30): G1CollectForAllocation, mode: safepoint, requested by thread 0x000001f87312ef90


---------------  P R O C E S S  ---------------

Threads class SMR info:
_java_thread_list=0x000001f871410dd0, length=53, elements={
0x000001f85461b440, 0x000001f86b5f5b40, 0x000001f86b6235c0, 0x000001f86b624020,
0x000001f86b617760, 0x000001f86b617dd0, 0x000001f86b618830, 0x000001f86b640cf0,
0x000001f86b641d60, 0x000001f86b642800, 0x000001f86b9649a0, 0x000001f871a44ea0,
0x000001f870d12440, 0x000001f872b606b0, 0x000001f871596750, 0x000001f8710ef0f0,
0x000001f871b78e50, 0x000001f871596dc0, 0x000001f871536460, 0x000001f872e55680,
0x000001f872e56a30, 0x000001f872e57750, 0x000001f872e55d10, 0x000001f872e563a0,
0x000001f872e54ff0, 0x000001f87312d550, 0x000001f87312bb10, 0x000001f87312c1a0,
0x000001f87312dbe0, 0x000001f87312e270, 0x000001f87312c830, 0x000001f87312adf0,
0x000001f87312cec0, 0x000001f87312e900, 0x000001f87312b480, 0x000001f87312fcb0,
0x000001f873131d80, 0x000001f873131060, 0x000001f87312ef90, 0x000001f873130340,
0x000001f875ad1570, 0x000001f875ad1c00, 0x000001f875ad0ee0, 0x000001f86b9836e0,
0x000001f86b987f10, 0x000001f86b9871f0, 0x000001f86b989950, 0x000001f86b988c30,
0x000001f86b989fe0, 0x000001f86b9885a0, 0x000001f877574d80, 0x000001f874180ef0,
0x000001f8762c5fe0
}

Java Threads: ( => current thread )
  0x000001f85461b440 JavaThread "main"                              [_thread_blocked, id=16720, stack(0x00000022e9600000,0x00000022e9700000) (1024K)]
  0x000001f86b5f5b40 JavaThread "Common-Cleaner"             daemon [_thread_blocked, id=17560, stack(0x00000022e9e00000,0x00000022e9f00000) (1024K)]
  0x000001f86b6235c0 JavaThread "Reference Handler"          daemon [_thread_blocked, id=18572, stack(0x00000022e9f00000,0x00000022ea000000) (1024K)]
  0x000001f86b624020 JavaThread "Finalizer"                  daemon [_thread_blocked, id=21128, stack(0x00000022ea000000,0x00000022ea100000) (1024K)]
  0x000001f86b617760 JavaThread "Signal Dispatcher"          daemon [_thread_blocked, id=18768, stack(0x00000022ea100000,0x00000022ea200000) (1024K)]
  0x000001f86b617dd0 JavaThread "Attach Listener"            daemon [_thread_blocked, id=19044, stack(0x00000022ea200000,0x00000022ea300000) (1024K)]
  0x000001f86b618830 JavaThread "Service Thread"             daemon [_thread_blocked, id=6176, stack(0x00000022ea300000,0x00000022ea400000) (1024K)]
  0x000001f86b640cf0 JavaThread "Monitor Deflation Thread"   daemon [_thread_blocked, id=13352, stack(0x00000022ea400000,0x00000022ea500000) (1024K)]
  0x000001f86b641d60 JavaThread "C2 CompilerThread0"         daemon [_thread_blocked, id=9324, stack(0x00000022ea500000,0x00000022ea600000) (1024K)]
  0x000001f86b642800 JavaThread "C1 CompilerThread0"         daemon [_thread_blocked, id=18328, stack(0x00000022ea600000,0x00000022ea700000) (1024K)]
  0x000001f86b9649a0 JavaThread "Notification Thread"        daemon [_thread_blocked, id=20704, stack(0x00000022ea700000,0x00000022ea800000) (1024K)]
  0x000001f871a44ea0 JavaThread "Daemon health stats"               [_thread_blocked, id=16916, stack(0x00000022eac00000,0x00000022ead00000) (1024K)]
  0x000001f870d12440 JavaThread "Incoming local TCP Connector on port 62348"        [_thread_in_native, id=18492, stack(0x00000022ead00000,0x00000022eae00000) (1024K)]
  0x000001f872b606b0 JavaThread "Daemon periodic checks"            [_thread_blocked, id=8252, stack(0x00000022eae00000,0x00000022eaf00000) (1024K)]
  0x000001f871596750 JavaThread "Daemon"                            [_thread_blocked, id=19704, stack(0x00000022eaf00000,0x00000022eb000000) (1024K)]
  0x000001f8710ef0f0 JavaThread "Handler for socket connection from /127.0.0.1:62348 to /127.0.0.1:62349"        [_thread_in_native, id=20996, stack(0x00000022eb000000,0x00000022eb100000) (1024K)]
  0x000001f871b78e50 JavaThread "Cancel handler"                    [_thread_blocked, id=18720, stack(0x00000022eb100000,0x00000022eb200000) (1024K)]
  0x000001f871596dc0 JavaThread "Daemon worker"                     [_thread_blocked, id=19232, stack(0x00000022eb200000,0x00000022eb300000) (1024K)]
  0x000001f871536460 JavaThread "Asynchronous log dispatcher for DefaultDaemonConnection: socket connection from /127.0.0.1:62348 to /127.0.0.1:62349"        [_thread_blocked, id=16148, stack(0x00000022eb300000,0x00000022eb400000) (1024K)]
  0x000001f872e55680 JavaThread "Stdin handler"                     [_thread_blocked, id=21104, stack(0x00000022eb400000,0x00000022eb500000) (1024K)]
  0x000001f872e56a30 JavaThread "Daemon client event forwarder"        [_thread_blocked, id=18456, stack(0x00000022eb500000,0x00000022eb600000) (1024K)]
  0x000001f872e57750 JavaThread "Cache worker for journal cache (C:\Users\DELL\.gradle\caches\journal-1)"        [_thread_blocked, id=17080, stack(0x00000022eb600000,0x00000022eb700000) (1024K)]
  0x000001f872e55d10 JavaThread "File lock request listener"        [_thread_in_native, id=18740, stack(0x00000022eb700000,0x00000022eb800000) (1024K)]
  0x000001f872e563a0 JavaThread "Cache worker for file hash cache (C:\Users\DELL\.gradle\caches\9.4.1\fileHashes)"        [_thread_blocked, id=18984, stack(0x00000022eb800000,0x00000022eb900000) (1024K)]
  0x000001f872e54ff0 JavaThread "Cache worker for file hash cache (C:\Users\DELL\AndroidStudioProjects\firstapp\.gradle\9.4.1\fileHashes)"        [_thread_blocked, id=11152, stack(0x00000022eb900000,0x00000022eba00000) (1024K)]
  0x000001f87312d550 JavaThread "Cache worker for Build Output Cleanup Cache (C:\Users\DELL\AndroidStudioProjects\firstapp\.gradle\buildOutputCleanup)"        [_thread_blocked, id=6556, stack(0x00000022eba00000,0x00000022ebb00000) (1024K)]
  0x000001f87312bb10 JavaThread "File watcher server"        daemon [_thread_blocked, id=3736, stack(0x00000022ebb00000,0x00000022ebc00000) (1024K)]
  0x000001f87312c1a0 JavaThread "File watcher consumer"      daemon [_thread_blocked, id=6368, stack(0x00000022ebc00000,0x00000022ebd00000) (1024K)]
  0x000001f87312dbe0 JavaThread "Cache worker for file content cache (C:\Users\DELL\.gradle\caches\9.4.1\fileContent)"        [_thread_blocked, id=19864, stack(0x00000022ebd00000,0x00000022ebe00000) (1024K)]
  0x000001f87312e270 JavaThread "Cache worker for checksums cache (C:\Users\DELL\AndroidStudioProjects\firstapp\.gradle\9.4.1\checksums)"        [_thread_blocked, id=3868, stack(0x00000022ebe00000,0x00000022ebf00000) (1024K)]
  0x000001f87312c830 JavaThread "Cache worker for cache directory md-supplier (C:\Users\DELL\.gradle\caches\9.4.1\md-supplier)"        [_thread_blocked, id=15672, stack(0x00000022ebf00000,0x00000022ec000000) (1024K)]
  0x000001f87312adf0 JavaThread "Cache worker for cache directory md-rule (C:\Users\DELL\.gradle\caches\9.4.1\md-rule)"        [_thread_blocked, id=16676, stack(0x00000022ec000000,0x00000022ec100000) (1024K)]
  0x000001f87312cec0 JavaThread "jar transforms"                    [_thread_blocked, id=21244, stack(0x00000022ec100000,0x00000022ec200000) (1024K)]
  0x000001f87312e900 JavaThread "jar transforms Thread 2"           [_thread_blocked, id=16544, stack(0x00000022ec200000,0x00000022ec300000) (1024K)]
  0x000001f87312b480 JavaThread "jar transforms Thread 3"           [_thread_blocked, id=19708, stack(0x00000022ec300000,0x00000022ec400000) (1024K)]
  0x000001f87312fcb0 JavaThread "Build operations"                  [_thread_blocked, id=18304, stack(0x00000022ec400000,0x00000022ec500000) (1024K)]
  0x000001f873131d80 JavaThread "Build operations Thread 2"         [_thread_blocked, id=20024, stack(0x00000022ec500000,0x00000022ec600000) (1024K)]
  0x000001f873131060 JavaThread "Build operations Thread 3"         [_thread_blocked, id=20032, stack(0x00000022ec600000,0x00000022ec700000) (1024K)]
  0x000001f87312ef90 JavaThread "Build operations Thread 4"         [_thread_blocked, id=20020, stack(0x00000022ec700000,0x00000022ec800000) (1024K)]
  0x000001f873130340 JavaThread "jar transforms Thread 4"           [_thread_blocked, id=12872, stack(0x00000022ec800000,0x00000022ec900000) (1024K)]
  0x000001f875ad1570 JavaThread "build event listener"              [_thread_blocked, id=20872, stack(0x00000022ea800000,0x00000022ea900000) (1024K)]
  0x000001f875ad1c00 JavaThread "Memory manager"                    [_thread_blocked, id=18800, stack(0x00000022eca00000,0x00000022ecb00000) (1024K)]
  0x000001f875ad0ee0 JavaThread "build event listener"              [_thread_blocked, id=11176, stack(0x00000022ecb00000,0x00000022ecc00000) (1024K)]
  0x000001f86b9836e0 JavaThread "pool-3-thread-1"                   [_thread_blocked, id=12956, stack(0x00000022ecc00000,0x00000022ecd00000) (1024K)]
  0x000001f86b987f10 JavaThread "build event listener"              [_thread_blocked, id=21888, stack(0x00000022ecd00000,0x00000022ece00000) (1024K)]
  0x000001f86b9871f0 JavaThread "included builds"                   [_thread_blocked, id=5192, stack(0x00000022ece00000,0x00000022ecf00000) (1024K)]
  0x000001f86b989950 JavaThread "Execution worker"                  [_thread_blocked, id=16472, stack(0x00000022ecf00000,0x00000022ed000000) (1024K)]
  0x000001f86b988c30 JavaThread "Execution worker Thread 2"         [_thread_blocked, id=17604, stack(0x00000022ed000000,0x00000022ed100000) (1024K)]
  0x000001f86b989fe0 JavaThread "Execution worker Thread 3"         [_thread_blocked, id=22276, stack(0x00000022ed100000,0x00000022ed200000) (1024K)]
  0x000001f86b9885a0 JavaThread "Cache worker for execution history cache (C:\Users\DELL\AndroidStudioProjects\firstapp\.gradle\9.4.1\executionHistory)"        [_thread_blocked, id=17180, stack(0x00000022ed200000,0x00000022ed300000) (1024K)]
  0x000001f877574d80 JavaThread "Cache worker for Java compile cache (C:\Users\DELL\.gradle\caches\9.4.1\javaCompile)"        [_thread_blocked, id=19208, stack(0x00000022ed300000,0x00000022ed400000) (1024K)]
  0x000001f874180ef0 JavaThread "Problems report writer"            [_thread_blocked, id=12812, stack(0x00000022ed400000,0x00000022ed500000) (1024K)]
  0x000001f8762c5fe0 JavaThread "C2 CompilerThread1"         daemon [_thread_blocked, id=17432, stack(0x00000022e9500000,0x00000022e9600000) (1024K)]
Total: 53

Other Threads:
=>0x000001f86b459020 VMThread "VM Thread"                           [id=15772, stack(0x00000022e9d00000,0x00000022e9e00000) (1024K)]
  0x000001f86b4158c0 WatcherThread "VM Periodic Task Thread"        [id=16396, stack(0x00000022e9c00000,0x00000022e9d00000) (1024K)]
  0x000001f854672d00 WorkerThread "GC Thread#0"                     [id=15224, stack(0x00000022e9700000,0x00000022e9800000) (1024K)]
  0x000001f86b967910 WorkerThread "GC Thread#1"                     [id=17528, stack(0x00000022ea900000,0x00000022eaa00000) (1024K)]
  0x000001f86b967cc0 WorkerThread "GC Thread#2"                     [id=5128, stack(0x00000022eaa00000,0x00000022eab00000) (1024K)]
  0x000001f870d9f2a0 WorkerThread "GC Thread#3"                     [id=8176, stack(0x00000022eab00000,0x00000022eac00000) (1024K)]
  0x000001f854683c00 ConcurrentGCThread "G1 Main Marker"            [id=13324, stack(0x00000022e9800000,0x00000022e9900000) (1024K)]
  0x000001f854685460 WorkerThread "G1 Conc#0"                       [id=14252, stack(0x00000022e9900000,0x00000022e9a00000) (1024K)]
  0x000001f8546de160 ConcurrentGCThread "G1 Refine#0"               [id=16188, stack(0x00000022e9a00000,0x00000022e9b00000) (1024K)]
  0x000001f8546dea90 ConcurrentGCThread "G1 Service"                [id=17480, stack(0x00000022e9b00000,0x00000022e9c00000) (1024K)]
Total: 10

Threads with active compile tasks:
C2 CompilerThread0  32688 15528       4       com.android.tools.r8.internal.nv::a (1059 bytes)
C1 CompilerThread0  32688 15580       3       com.android.tools.r8.graph.pa::<init> (22 bytes)
C2 CompilerThread1  32688 15531       4       com.android.tools.r8.graph.j9::a (50 bytes)
Total: 3

VM state: at safepoint (normal execution)

VM Mutex/Monitor currently owned by a thread:  ([mutex/lock_event])
[0x00007fff763086d0] Threads_lock - owner thread: 0x000001f86b459020
[0x00007fff763087d0] Heap_lock - owner thread: 0x000001f87312ef90

Heap address: 0x0000000080000000, size: 2048 MB, Compressed Oops mode: 32-bit

CDS archive(s) not mapped
Compressed class space mapped at: 0x0000000100000000-0x0000000140000000, reserved size: 1073741824
Narrow klass base: 0x0000000000000000, Narrow klass shift: 3, Narrow klass range: 0x140000000

GC Precious Log:
 CardTable entry size: 512
 Card Set container configuration: InlinePtr #cards 5 size 8 Array Of Cards #cards 12 size 40 Howl #buckets 4 coarsen threshold 1843 Howl Bitmap #cards 512 size 80 coarsen threshold 460 Card regions per heap region 1 cards per card region 2048
 CPUs: 4 total, 4 available
 Memory: 8050M
 Large Page Support: Disabled
 NUMA Support: Disabled
 Compressed Oops: Enabled (32-bit)
 Heap Region Size: 1M
 Heap Min Capacity: 8M
 Heap Initial Capacity: 126M
 Heap Max Capacity: 2G
 Pre-touch: Disabled
 Parallel Workers: 4
 Concurrent Workers: 1
 Concurrent Refinement Workers: 4
 Periodic GC: Disabled

Heap:
 garbage-first heap   total 232448K, used 152479K [0x0000000080000000, 0x0000000100000000)
  region size 1024K, 8 young (8192K), 8 survivors (8192K)
 Metaspace       used 135035K, committed 137536K, reserved 1179648K
  class space    used 18868K, committed 20096K, reserved 1048576K

Heap Regions: E=young(eden), S=young(survivor), O=old, HS=humongous(starts), HC=humongous(continues), CS=collection set, F=free, TAMS=top-at-mark-start, PB=parsable bottom
|   0|0x0000000080000000, 0x0000000080100000, 0x0000000080100000|100%|HS|  |TAMS 0x0000000080000000| PB 0x0000000080000000| Complete 
|   1|0x0000000080100000, 0x0000000080200000, 0x0000000080200000|100%|HC|  |TAMS 0x0000000080100000| PB 0x0000000080100000| Complete 
|   2|0x0000000080200000, 0x0000000080300000, 0x0000000080300000|100%|HC|  |TAMS 0x0000000080200000| PB 0x0000000080200000| Complete 
|   3|0x0000000080300000, 0x0000000080400000, 0x0000000080400000|100%|HC|  |TAMS 0x0000000080300000| PB 0x0000000080300000| Complete 
|   4|0x0000000080400000, 0x0000000080500000, 0x0000000080500000|100%| O|  |TAMS 0x0000000080400000| PB 0x0000000080400000| Untracked 
|   5|0x0000000080500000, 0x0000000080600000, 0x0000000080600000|100%| O|  |TAMS 0x0000000080500000| PB 0x0000000080500000| Untracked 
|   6|0x0000000080600000, 0x0000000080700000, 0x0000000080700000|100%| O|  |TAMS 0x0000000080600000| PB 0x0000000080600000| Untracked 
|   7|0x0000000080700000, 0x0000000080800000, 0x0000000080800000|100%| O|  |TAMS 0x0000000080700000| PB 0x0000000080700000| Untracked 
|   8|0x0000000080800000, 0x0000000080900000, 0x0000000080900000|100%|HS|  |TAMS 0x0000000080800000| PB 0x0000000080800000| Complete 
|   9|0x0000000080900000, 0x0000000080a00000, 0x0000000080a00000|100%| O|  |TAMS 0x0000000080900000| PB 0x0000000080900000| Untracked 
|  10|0x0000000080a00000, 0x0000000080b00000, 0x0000000080b00000|100%| O|  |TAMS 0x0000000080a00000| PB 0x0000000080a00000| Untracked 
|  11|0x0000000080b00000, 0x0000000080c00000, 0x0000000080c00000|100%| O|  |TAMS 0x0000000080b00000| PB 0x0000000080b00000| Untracked 
|  12|0x0000000080c00000, 0x0000000080d00000, 0x0000000080d00000|100%| O|  |TAMS 0x0000000080c00000| PB 0x0000000080c00000| Untracked 
|  13|0x0000000080d00000, 0x0000000080e00000, 0x0000000080e00000|100%| O|  |TAMS 0x0000000080d00000| PB 0x0000000080d00000| Untracked 
|  14|0x0000000080e00000, 0x0000000080f00000, 0x0000000080f00000|100%| O|  |TAMS 0x0000000080e00000| PB 0x0000000080e00000| Untracked 
|  15|0x0000000080f00000, 0x0000000081000000, 0x0000000081000000|100%| O|  |TAMS 0x0000000080f00000| PB 0x0000000080f00000| Untracked 
|  16|0x0000000081000000, 0x0000000081100000, 0x0000000081100000|100%| O|  |TAMS 0x0000000081000000| PB 0x0000000081000000| Untracked 
|  17|0x0000000081100000, 0x0000000081200000, 0x0000000081200000|100%| O|  |TAMS 0x0000000081100000| PB 0x0000000081100000| Untracked 
|  18|0x0000000081200000, 0x0000000081300000, 0x0000000081300000|100%| O|  |TAMS 0x0000000081200000| PB 0x0000000081200000| Untracked 
|  19|0x0000000081300000, 0x0000000081400000, 0x0000000081400000|100%| O|  |TAMS 0x0000000081300000| PB 0x0000000081300000| Untracked 
|  20|0x0000000081400000, 0x0000000081500000, 0x0000000081500000|100%| O|  |TAMS 0x0000000081400000| PB 0x0000000081400000| Untracked 
|  21|0x0000000081500000, 0x0000000081600000, 0x0000000081600000|100%| O|  |TAMS 0x0000000081500000| PB 0x0000000081500000| Untracked 
|  22|0x0000000081600000, 0x0000000081700000, 0x0000000081700000|100%| O|  |TAMS 0x0000000081600000| PB 0x0000000081600000| Untracked 
|  23|0x0000000081700000, 0x0000000081800000, 0x0000000081800000|100%| O|  |TAMS 0x0000000081700000| PB 0x0000000081700000| Untracked 
|  24|0x0000000081800000, 0x0000000081900000, 0x0000000081900000|100%| O|  |TAMS 0x0000000081800000| PB 0x0000000081800000| Untracked 
|  25|0x0000000081900000, 0x0000000081a00000, 0x0000000081a00000|100%| O|  |TAMS 0x0000000081900000| PB 0x0000000081900000| Untracked 
|  26|0x0000000081a00000, 0x0000000081b00000, 0x0000000081b00000|100%| O|  |TAMS 0x0000000081a00000| PB 0x0000000081a00000| Untracked 
|  27|0x0000000081b00000, 0x0000000081c00000, 0x0000000081c00000|100%|HS|  |TAMS 0x0000000081b00000| PB 0x0000000081b00000| Complete 
|  28|0x0000000081c00000, 0x0000000081d00000, 0x0000000081d00000|100%|HC|  |TAMS 0x0000000081c00000| PB 0x0000000081c00000| Complete 
|  29|0x0000000081d00000, 0x0000000081e00000, 0x0000000081e00000|100%| O|  |TAMS 0x0000000081d00000| PB 0x0000000081d00000| Untracked 
|  30|0x0000000081e00000, 0x0000000081f00000, 0x0000000081f00000|100%| O|  |TAMS 0x0000000081e00000| PB 0x0000000081e00000| Untracked 
|  31|0x0000000081f00000, 0x0000000082000000, 0x0000000082000000|100%| O|  |TAMS 0x0000000081f00000| PB 0x0000000081f00000| Untracked 
|  32|0x0000000082000000, 0x0000000082100000, 0x0000000082100000|100%| O|  |TAMS 0x0000000082000000| PB 0x0000000082000000| Untracked 
|  33|0x0000000082100000, 0x0000000082200000, 0x0000000082200000|100%| O|  |TAMS 0x0000000082100000| PB 0x0000000082100000| Untracked 
|  34|0x0000000082200000, 0x0000000082300000, 0x0000000082300000|100%| O|  |TAMS 0x0000000082200000| PB 0x0000000082200000| Untracked 
|  35|0x0000000082300000, 0x0000000082400000, 0x0000000082400000|100%| O|  |TAMS 0x0000000082300000| PB 0x0000000082300000| Untracked 
|  36|0x0000000082400000, 0x0000000082500000, 0x0000000082500000|100%| O|  |TAMS 0x0000000082400000| PB 0x0000000082400000| Untracked 
|  37|0x0000000082500000, 0x0000000082600000, 0x0000000082600000|100%| O|  |TAMS 0x0000000082500000| PB 0x0000000082500000| Untracked 
|  38|0x0000000082600000, 0x0000000082700000, 0x0000000082700000|100%| O|  |TAMS 0x0000000082600000| PB 0x0000000082600000| Untracked 
|  39|0x0000000082700000, 0x0000000082800000, 0x0000000082800000|100%| O|  |TAMS 0x0000000082700000| PB 0x0000000082700000| Untracked 
|  40|0x0000000082800000, 0x0000000082900000, 0x0000000082900000|100%| O|  |TAMS 0x0000000082800000| PB 0x0000000082800000| Untracked 
|  41|0x0000000082900000, 0x0000000082a00000, 0x0000000082a00000|100%| O|  |TAMS 0x0000000082900000| PB 0x0000000082900000| Untracked 
|  42|0x0000000082a00000, 0x0000000082b00000, 0x0000000082b00000|100%| O|  |TAMS 0x0000000082a00000| PB 0x0000000082a00000| Untracked 
|  43|0x0000000082b00000, 0x0000000082c00000, 0x0000000082c00000|100%| O|  |TAMS 0x0000000082b00000| PB 0x0000000082b00000| Untracked 
|  44|0x0000000082c00000, 0x0000000082d00000, 0x0000000082d00000|100%| O|  |TAMS 0x0000000082c00000| PB 0x0000000082c00000| Untracked 
|  45|0x0000000082d00000, 0x0000000082e00000, 0x0000000082e00000|100%|HS|  |TAMS 0x0000000082d00000| PB 0x0000000082d00000| Complete 
|  46|0x0000000082e00000, 0x0000000082f00000, 0x0000000082f00000|100%|HS|  |TAMS 0x0000000082e00000| PB 0x0000000082e00000| Complete 
|  47|0x0000000082f00000, 0x0000000083000000, 0x0000000083000000|100%|HS|  |TAMS 0x0000000082f00000| PB 0x0000000082f00000| Complete 
|  48|0x0000000083000000, 0x0000000083100000, 0x0000000083100000|100%|HC|  |TAMS 0x0000000083000000| PB 0x0000000083000000| Complete 
|  49|0x0000000083100000, 0x0000000083200000, 0x0000000083200000|100%|HS|  |TAMS 0x0000000083100000| PB 0x0000000083100000| Complete 
|  50|0x0000000083200000, 0x0000000083300000, 0x0000000083300000|100%| O|  |TAMS 0x0000000083200000| PB 0x0000000083200000| Untracked 
|  51|0x0000000083300000, 0x0000000083400000, 0x0000000083400000|100%| O|  |TAMS 0x0000000083300000| PB 0x0000000083300000| Untracked 
|  52|0x0000000083400000, 0x0000000083500000, 0x0000000083500000|100%| O|  |TAMS 0x0000000083400000| PB 0x0000000083400000| Untracked 
|  53|0x0000000083500000, 0x0000000083600000, 0x0000000083600000|100%|HS|  |TAMS 0x0000000083500000| PB 0x0000000083500000| Complete 
|  54|0x0000000083600000, 0x0000000083700000, 0x0000000083700000|100%| O|  |TAMS 0x0000000083600000| PB 0x0000000083600000| Untracked 
|  55|0x0000000083700000, 0x0000000083800000, 0x0000000083800000|100%|HS|  |TAMS 0x0000000083700000| PB 0x0000000083700000| Complete 
|  56|0x0000000083800000, 0x0000000083900000, 0x0000000083900000|100%| O|  |TAMS 0x0000000083800000| PB 0x0000000083800000| Untracked 
|  57|0x0000000083900000, 0x0000000083a00000, 0x0000000083a00000|100%|HS|  |TAMS 0x0000000083900000| PB 0x0000000083900000| Complete 
|  58|0x0000000083a00000, 0x0000000083b00000, 0x0000000083b00000|100%| O|  |TAMS 0x0000000083a00000| PB 0x0000000083a00000| Untracked 
|  59|0x0000000083b00000, 0x0000000083c00000, 0x0000000083c00000|100%| O|  |TAMS 0x0000000083b00000| PB 0x0000000083b00000| Untracked 
|  60|0x0000000083c00000, 0x0000000083d00000, 0x0000000083d00000|100%| O|  |TAMS 0x0000000083c00000| PB 0x0000000083c00000| Untracked 
|  61|0x0000000083d00000, 0x0000000083e00000, 0x0000000083e00000|100%| O|  |TAMS 0x0000000083d00000| PB 0x0000000083d00000| Untracked 
|  62|0x0000000083e00000, 0x0000000083f00000, 0x0000000083f00000|100%|HS|  |TAMS 0x0000000083e00000| PB 0x0000000083e00000| Complete 
|  63|0x0000000083f00000, 0x0000000084000000, 0x0000000084000000|100%|HC|  |TAMS 0x0000000083f00000| PB 0x0000000083f00000| Complete 
|  64|0x0000000084000000, 0x0000000084100000, 0x0000000084100000|100%| O|  |TAMS 0x0000000084000000| PB 0x0000000084000000| Untracked 
|  65|0x0000000084100000, 0x0000000084200000, 0x0000000084200000|100%| O|  |TAMS 0x0000000084100000| PB 0x0000000084100000| Untracked 
|  66|0x0000000084200000, 0x0000000084300000, 0x0000000084300000|100%| O|  |TAMS 0x0000000084200000| PB 0x0000000084200000| Untracked 
|  67|0x0000000084300000, 0x0000000084400000, 0x0000000084400000|100%| O|  |TAMS 0x0000000084300000| PB 0x0000000084300000| Untracked 
|  68|0x0000000084400000, 0x0000000084500000, 0x0000000084500000|100%| O|  |TAMS 0x0000000084400000| PB 0x0000000084400000| Untracked 
|  69|0x0000000084500000, 0x0000000084600000, 0x0000000084600000|100%| O|  |TAMS 0x0000000084500000| PB 0x0000000084500000| Untracked 
|  70|0x0000000084600000, 0x0000000084700000, 0x0000000084700000|100%| O|  |TAMS 0x0000000084600000| PB 0x0000000084600000| Untracked 
|  71|0x0000000084700000, 0x0000000084800000, 0x0000000084800000|100%|HS|  |TAMS 0x0000000084700000| PB 0x0000000084700000| Complete 
|  72|0x0000000084800000, 0x0000000084900000, 0x0000000084900000|100%| O|  |TAMS 0x0000000084800000| PB 0x0000000084800000| Untracked 
|  73|0x0000000084900000, 0x0000000084a00000, 0x0000000084a00000|100%| O|  |TAMS 0x0000000084900000| PB 0x0000000084900000| Untracked 
|  74|0x0000000084a00000, 0x0000000084b00000, 0x0000000084b00000|100%| O|  |TAMS 0x0000000084a00000| PB 0x0000000084a00000| Untracked 
|  75|0x0000000084b00000, 0x0000000084c00000, 0x0000000084c00000|100%| O|  |TAMS 0x0000000084b00000| PB 0x0000000084b00000| Untracked 
|  76|0x0000000084c00000, 0x0000000084d00000, 0x0000000084d00000|100%| O|  |TAMS 0x0000000084c00000| PB 0x0000000084c00000| Untracked 
|  77|0x0000000084d00000, 0x0000000084e00000, 0x0000000084e00000|100%| O|  |TAMS 0x0000000084d00000| PB 0x0000000084d00000| Untracked 
|  78|0x0000000084e00000, 0x0000000084f00000, 0x0000000084f00000|100%| O|  |TAMS 0x0000000084e00000| PB 0x0000000084e00000| Untracked 
|  79|0x0000000084f00000, 0x0000000085000000, 0x0000000085000000|100%| O|  |TAMS 0x0000000084f00000| PB 0x0000000084f00000| Untracked 
|  80|0x0000000085000000, 0x0000000085100000, 0x0000000085100000|100%| O|  |TAMS 0x0000000085000000| PB 0x0000000085000000| Untracked 
|  81|0x0000000085100000, 0x0000000085200000, 0x0000000085200000|100%| O|  |TAMS 0x0000000085100000| PB 0x0000000085100000| Untracked 
|  82|0x0000000085200000, 0x0000000085300000, 0x0000000085300000|100%| O|  |TAMS 0x0000000085200000| PB 0x0000000085200000| Untracked 
|  83|0x0000000085300000, 0x0000000085400000, 0x0000000085400000|100%| O|  |TAMS 0x0000000085300000| PB 0x0000000085300000| Untracked 
|  84|0x0000000085400000, 0x0000000085500000, 0x0000000085500000|100%| O|  |TAMS 0x0000000085400000| PB 0x0000000085400000| Untracked 
|  85|0x0000000085500000, 0x0000000085600000, 0x0000000085600000|100%| O|  |TAMS 0x0000000085500000| PB 0x0000000085500000| Untracked 
|  86|0x0000000085600000, 0x0000000085700000, 0x0000000085700000|100%| O|  |TAMS 0x0000000085600000| PB 0x0000000085600000| Untracked 
|  87|0x0000000085700000, 0x0000000085800000, 0x0000000085800000|100%| O|  |TAMS 0x0000000085700000| PB 0x0000000085700000| Untracked 
|  88|0x0000000085800000, 0x0000000085900000, 0x0000000085900000|100%| O|  |TAMS 0x0000000085800000| PB 0x0000000085800000| Untracked 
|  89|0x0000000085900000, 0x0000000085a00000, 0x0000000085a00000|100%| O|  |TAMS 0x0000000085900000| PB 0x0000000085900000| Untracked 
|  90|0x0000000085a00000, 0x0000000085b00000, 0x0000000085b00000|100%| O|  |TAMS 0x0000000085a00000| PB 0x0000000085a00000| Untracked 
|  91|0x0000000085b00000, 0x0000000085c00000, 0x0000000085c00000|100%| O|  |TAMS 0x0000000085b00000| PB 0x0000000085b00000| Untracked 
|  92|0x0000000085c00000, 0x0000000085d00000, 0x0000000085d00000|100%| O|  |TAMS 0x0000000085c00000| PB 0x0000000085c00000| Untracked 
|  93|0x0000000085d00000, 0x0000000085e00000, 0x0000000085e00000|100%| O|  |TAMS 0x0000000085d00000| PB 0x0000000085d00000| Untracked 
|  94|0x0000000085e00000, 0x0000000085f00000, 0x0000000085f00000|100%| O|  |TAMS 0x0000000085e00000| PB 0x0000000085e00000| Untracked 
|  95|0x0000000085f00000, 0x0000000086000000, 0x0000000086000000|100%| O|  |TAMS 0x0000000085f00000| PB 0x0000000085f00000| Untracked 
|  96|0x0000000086000000, 0x0000000086100000, 0x0000000086100000|100%| O|  |TAMS 0x0000000086000000| PB 0x0000000086000000| Untracked 
|  97|0x0000000086100000, 0x0000000086200000, 0x0000000086200000|100%| O|  |TAMS 0x0000000086100000| PB 0x0000000086100000| Untracked 
|  98|0x0000000086200000, 0x0000000086300000, 0x0000000086300000|100%| O|  |TAMS 0x0000000086200000| PB 0x0000000086200000| Untracked 
|  99|0x0000000086300000, 0x0000000086300000, 0x0000000086400000|  0%| F|  |TAMS 0x0000000086300000| PB 0x0000000086300000| Untracked 
| 100|0x0000000086400000, 0x0000000086400000, 0x0000000086500000|  0%| F|  |TAMS 0x0000000086400000| PB 0x0000000086400000| Untracked 
| 101|0x0000000086500000, 0x0000000086600000, 0x0000000086600000|100%| O|  |TAMS 0x0000000086500000| PB 0x0000000086500000| Untracked 
| 102|0x0000000086600000, 0x0000000086700000, 0x0000000086700000|100%| O|  |TAMS 0x0000000086600000| PB 0x0000000086600000| Untracked 
| 103|0x0000000086700000, 0x0000000086800000, 0x0000000086800000|100%|HS|  |TAMS 0x0000000086700000| PB 0x0000000086700000| Complete 
| 104|0x0000000086800000, 0x0000000086900000, 0x0000000086900000|100%|HC|  |TAMS 0x0000000086800000| PB 0x0000000086800000| Complete 
| 105|0x0000000086900000, 0x0000000086a00000, 0x0000000086a00000|100%|HS|  |TAMS 0x0000000086900000| PB 0x0000000086900000| Complete 
| 106|0x0000000086a00000, 0x0000000086b00000, 0x0000000086b00000|100%| O|  |TAMS 0x0000000086a00000| PB 0x0000000086a00000| Untracked 
| 107|0x0000000086b00000, 0x0000000086c00000, 0x0000000086c00000|100%| O|  |TAMS 0x0000000086b00000| PB 0x0000000086b00000| Untracked 
| 108|0x0000000086c00000, 0x0000000086d00000, 0x0000000086d00000|100%| O|  |TAMS 0x0000000086c00000| PB 0x0000000086c00000| Untracked 
| 109|0x0000000086d00000, 0x0000000086e00000, 0x0000000086e00000|100%| O|  |TAMS 0x0000000086d00000| PB 0x0000000086d00000| Untracked 
| 110|0x0000000086e00000, 0x0000000086f00000, 0x0000000086f00000|100%| O|  |TAMS 0x0000000086e00000| PB 0x0000000086e00000| Untracked 
| 111|0x0000000086f00000, 0x0000000087000000, 0x0000000087000000|100%| O|  |TAMS 0x0000000086f00000| PB 0x0000000086f00000| Untracked 
| 112|0x0000000087000000, 0x0000000087100000, 0x0000000087100000|100%| O|  |TAMS 0x0000000087000000| PB 0x0000000087000000| Untracked 
| 113|0x0000000087100000, 0x0000000087200000, 0x0000000087200000|100%| O|  |TAMS 0x0000000087100000| PB 0x0000000087100000| Untracked 
| 114|0x0000000087200000, 0x0000000087300000, 0x0000000087300000|100%| O|  |TAMS 0x0000000087200000| PB 0x0000000087200000| Untracked 
| 115|0x0000000087300000, 0x0000000087400000, 0x0000000087400000|100%| O|  |TAMS 0x0000000087300000| PB 0x0000000087300000| Untracked 
| 116|0x0000000087400000, 0x0000000087500000, 0x0000000087500000|100%| O|  |TAMS 0x0000000087400000| PB 0x0000000087400000| Untracked 
| 117|0x0000000087500000, 0x0000000087600000, 0x0000000087600000|100%| O|  |TAMS 0x0000000087500000| PB 0x0000000087500000| Untracked 
| 118|0x0000000087600000, 0x0000000087700000, 0x0000000087700000|100%| O|  |TAMS 0x0000000087600000| PB 0x0000000087600000| Untracked 
| 119|0x0000000087700000, 0x0000000087800000, 0x0000000087800000|100%| O|  |TAMS 0x0000000087700000| PB 0x0000000087700000| Untracked 
| 120|0x0000000087800000, 0x0000000087900000, 0x0000000087900000|100%| O|  |TAMS 0x0000000087800000| PB 0x0000000087800000| Untracked 
| 121|0x0000000087900000, 0x0000000087a00000, 0x0000000087a00000|100%| O|  |TAMS 0x0000000087900000| PB 0x0000000087900000| Untracked 
| 122|0x0000000087a00000, 0x0000000087b00000, 0x0000000087b00000|100%| O|  |TAMS 0x0000000087a00000| PB 0x0000000087a00000| Untracked 
| 123|0x0000000087b00000, 0x0000000087c00000, 0x0000000087c00000|100%| O|  |TAMS 0x0000000087b00000| PB 0x0000000087b00000| Untracked 
| 124|0x0000000087c00000, 0x0000000087d00000, 0x0000000087d00000|100%| O|  |TAMS 0x0000000087c00000| PB 0x0000000087c00000| Untracked 
| 125|0x0000000087d00000, 0x0000000087d67f18, 0x0000000087e00000| 40%| O|  |TAMS 0x0000000087d00000| PB 0x0000000087d00000| Untracked 
| 126|0x0000000087e00000, 0x0000000087f00000, 0x0000000087f00000|100%| O|  |TAMS 0x0000000087e00000| PB 0x0000000087e00000| Untracked 
| 127|0x0000000087f00000, 0x0000000087f00000, 0x0000000088000000|  0%| F|  |TAMS 0x0000000087f00000| PB 0x0000000087f00000| Untracked 
| 128|0x0000000088000000, 0x0000000088000000, 0x0000000088100000|  0%| F|  |TAMS 0x0000000088000000| PB 0x0000000088000000| Untracked 
| 129|0x0000000088100000, 0x0000000088100000, 0x0000000088200000|  0%| F|  |TAMS 0x0000000088100000| PB 0x0000000088100000| Untracked 
| 130|0x0000000088200000, 0x0000000088200000, 0x0000000088300000|  0%| F|  |TAMS 0x0000000088200000| PB 0x0000000088200000| Untracked 
| 131|0x0000000088300000, 0x0000000088300000, 0x0000000088400000|  0%| F|  |TAMS 0x0000000088300000| PB 0x0000000088300000| Untracked 
| 132|0x0000000088400000, 0x0000000088400000, 0x0000000088500000|  0%| F|  |TAMS 0x0000000088400000| PB 0x0000000088400000| Untracked 
| 133|0x0000000088500000, 0x0000000088500000, 0x0000000088600000|  0%| F|  |TAMS 0x0000000088500000| PB 0x0000000088500000| Untracked 
| 134|0x0000000088600000, 0x0000000088600000, 0x0000000088700000|  0%| F|  |TAMS 0x0000000088600000| PB 0x0000000088600000| Untracked 
| 135|0x0000000088700000, 0x0000000088700000, 0x0000000088800000|  0%| F|  |TAMS 0x0000000088700000| PB 0x0000000088700000| Untracked 
| 136|0x0000000088800000, 0x0000000088800000, 0x0000000088900000|  0%| F|  |TAMS 0x0000000088800000| PB 0x0000000088800000| Untracked 
| 137|0x0000000088900000, 0x0000000088900000, 0x0000000088a00000|  0%| F|  |TAMS 0x0000000088900000| PB 0x0000000088900000| Untracked 
| 138|0x0000000088a00000, 0x0000000088a00000, 0x0000000088b00000|  0%| F|  |TAMS 0x0000000088a00000| PB 0x0000000088a00000| Untracked 
| 139|0x0000000088b00000, 0x0000000088b00000, 0x0000000088c00000|  0%| F|  |TAMS 0x0000000088b00000| PB 0x0000000088b00000| Untracked 
| 140|0x0000000088c00000, 0x0000000088c80000, 0x0000000088d00000| 50%| S|CS|TAMS 0x0000000088c00000| PB 0x0000000088c00000| Complete 
| 141|0x0000000088d00000, 0x0000000088e00000, 0x0000000088e00000|100%| S|CS|TAMS 0x0000000088d00000| PB 0x0000000088d00000| Complete 
| 142|0x0000000088e00000, 0x0000000088f00000, 0x0000000088f00000|100%| S|CS|TAMS 0x0000000088e00000| PB 0x0000000088e00000| Complete 
| 143|0x0000000088f00000, 0x0000000089000000, 0x0000000089000000|100%| S|CS|TAMS 0x0000000088f00000| PB 0x0000000088f00000| Complete 
| 144|0x0000000089000000, 0x0000000089100000, 0x0000000089100000|100%| S|CS|TAMS 0x0000000089000000| PB 0x0000000089000000| Complete 
| 145|0x0000000089100000, 0x0000000089200000, 0x0000000089200000|100%| S|CS|TAMS 0x0000000089100000| PB 0x0000000089100000| Complete 
| 146|0x0000000089200000, 0x0000000089300000, 0x0000000089300000|100%| S|CS|TAMS 0x0000000089200000| PB 0x0000000089200000| Complete 
| 147|0x0000000089300000, 0x0000000089400000, 0x0000000089400000|100%| S|CS|TAMS 0x0000000089300000| PB 0x0000000089300000| Complete 
| 148|0x0000000089400000, 0x0000000089400000, 0x0000000089500000|  0%| F|  |TAMS 0x0000000089400000| PB 0x0000000089400000| Untracked 
| 149|0x0000000089500000, 0x0000000089500000, 0x0000000089600000|  0%| F|  |TAMS 0x0000000089500000| PB 0x0000000089500000| Untracked 
| 150|0x0000000089600000, 0x0000000089600000, 0x0000000089700000|  0%| F|  |TAMS 0x0000000089600000| PB 0x0000000089600000| Untracked 
| 151|0x0000000089700000, 0x0000000089700000, 0x0000000089800000|  0%| F|  |TAMS 0x0000000089700000| PB 0x0000000089700000| Untracked 
| 152|0x0000000089800000, 0x0000000089800000, 0x0000000089900000|  0%| F|  |TAMS 0x0000000089800000| PB 0x0000000089800000| Untracked 
| 153|0x0000000089900000, 0x0000000089900000, 0x0000000089a00000|  0%| F|  |TAMS 0x0000000089900000| PB 0x0000000089900000| Untracked 
| 154|0x0000000089a00000, 0x0000000089a00000, 0x0000000089b00000|  0%| F|  |TAMS 0x0000000089a00000| PB 0x0000000089a00000| Untracked 
| 155|0x0000000089b00000, 0x0000000089b00000, 0x0000000089c00000|  0%| F|  |TAMS 0x0000000089b00000| PB 0x0000000089b00000| Untracked 
| 156|0x0000000089c00000, 0x0000000089c00000, 0x0000000089d00000|  0%| F|  |TAMS 0x0000000089c00000| PB 0x0000000089c00000| Untracked 
| 157|0x0000000089d00000, 0x0000000089d00000, 0x0000000089e00000|  0%| F|  |TAMS 0x0000000089d00000| PB 0x0000000089d00000| Untracked 
| 158|0x0000000089e00000, 0x0000000089e00000, 0x0000000089f00000|  0%| F|  |TAMS 0x0000000089e00000| PB 0x0000000089e00000| Untracked 
| 159|0x0000000089f00000, 0x0000000089f00000, 0x000000008a000000|  0%| F|  |TAMS 0x0000000089f00000| PB 0x0000000089f00000| Untracked 
| 160|0x000000008a000000, 0x000000008a000000, 0x000000008a100000|  0%| F|  |TAMS 0x000000008a000000| PB 0x000000008a000000| Untracked 
| 161|0x000000008a100000, 0x000000008a100000, 0x000000008a200000|  0%| F|  |TAMS 0x000000008a100000| PB 0x000000008a100000| Untracked 
| 162|0x000000008a200000, 0x000000008a200000, 0x000000008a300000|  0%| F|  |TAMS 0x000000008a200000| PB 0x000000008a200000| Untracked 
| 163|0x000000008a300000, 0x000000008a300000, 0x000000008a400000|  0%| F|  |TAMS 0x000000008a300000| PB 0x000000008a300000| Untracked 
| 164|0x000000008a400000, 0x000000008a400000, 0x000000008a500000|  0%| F|  |TAMS 0x000000008a400000| PB 0x000000008a400000| Untracked 
| 165|0x000000008a500000, 0x000000008a500000, 0x000000008a600000|  0%| F|  |TAMS 0x000000008a500000| PB 0x000000008a500000| Untracked 
| 166|0x000000008a600000, 0x000000008a600000, 0x000000008a700000|  0%| F|  |TAMS 0x000000008a600000| PB 0x000000008a600000| Untracked 
| 167|0x000000008a700000, 0x000000008a700000, 0x000000008a800000|  0%| F|  |TAMS 0x000000008a700000| PB 0x000000008a700000| Untracked 
| 168|0x000000008a800000, 0x000000008a800000, 0x000000008a900000|  0%| F|  |TAMS 0x000000008a800000| PB 0x000000008a800000| Untracked 
| 169|0x000000008a900000, 0x000000008a900000, 0x000000008aa00000|  0%| F|  |TAMS 0x000000008a900000| PB 0x000000008a900000| Untracked 
| 170|0x000000008aa00000, 0x000000008aa00000, 0x000000008ab00000|  0%| F|  |TAMS 0x000000008aa00000| PB 0x000000008aa00000| Untracked 
| 171|0x000000008ab00000, 0x000000008ab00000, 0x000000008ac00000|  0%| F|  |TAMS 0x000000008ab00000| PB 0x000000008ab00000| Untracked 
| 172|0x000000008ac00000, 0x000000008ac00000, 0x000000008ad00000|  0%| F|  |TAMS 0x000000008ac00000| PB 0x000000008ac00000| Untracked 
| 173|0x000000008ad00000, 0x000000008ad00000, 0x000000008ae00000|  0%| F|  |TAMS 0x000000008ad00000| PB 0x000000008ad00000| Untracked 
| 174|0x000000008ae00000, 0x000000008ae00000, 0x000000008af00000|  0%| F|  |TAMS 0x000000008ae00000| PB 0x000000008ae00000| Untracked 
| 175|0x000000008af00000, 0x000000008af00000, 0x000000008b000000|  0%| F|  |TAMS 0x000000008af00000| PB 0x000000008af00000| Untracked 
| 176|0x000000008b000000, 0x000000008b000000, 0x000000008b100000|  0%| F|  |TAMS 0x000000008b000000| PB 0x000000008b000000| Untracked 
| 177|0x000000008b100000, 0x000000008b100000, 0x000000008b200000|  0%| F|  |TAMS 0x000000008b100000| PB 0x000000008b100000| Untracked 
| 178|0x000000008b200000, 0x000000008b200000, 0x000000008b300000|  0%| F|  |TAMS 0x000000008b200000| PB 0x000000008b200000| Untracked 
| 179|0x000000008b300000, 0x000000008b300000, 0x000000008b400000|  0%| F|  |TAMS 0x000000008b300000| PB 0x000000008b300000| Untracked 
| 180|0x000000008b400000, 0x000000008b400000, 0x000000008b500000|  0%| F|  |TAMS 0x000000008b400000| PB 0x000000008b400000| Untracked 
| 181|0x000000008b500000, 0x000000008b500000, 0x000000008b600000|  0%| F|  |TAMS 0x000000008b500000| PB 0x000000008b500000| Untracked 
| 182|0x000000008b600000, 0x000000008b600000, 0x000000008b700000|  0%| F|  |TAMS 0x000000008b600000| PB 0x000000008b600000| Untracked 
| 183|0x000000008b700000, 0x000000008b700000, 0x000000008b800000|  0%| F|  |TAMS 0x000000008b700000| PB 0x000000008b700000| Untracked 
| 184|0x000000008b800000, 0x000000008b800000, 0x000000008b900000|  0%| F|  |TAMS 0x000000008b800000| PB 0x000000008b800000| Untracked 
| 185|0x000000008b900000, 0x000000008b900000, 0x000000008ba00000|  0%| F|  |TAMS 0x000000008b900000| PB 0x000000008b900000| Untracked 
| 186|0x000000008ba00000, 0x000000008ba00000, 0x000000008bb00000|  0%| F|  |TAMS 0x000000008ba00000| PB 0x000000008ba00000| Untracked 
| 187|0x000000008bb00000, 0x000000008bb00000, 0x000000008bc00000|  0%| F|  |TAMS 0x000000008bb00000| PB 0x000000008bb00000| Untracked 
| 188|0x000000008bc00000, 0x000000008bc00000, 0x000000008bd00000|  0%| F|  |TAMS 0x000000008bc00000| PB 0x000000008bc00000| Untracked 
| 189|0x000000008bd00000, 0x000000008bd00000, 0x000000008be00000|  0%| F|  |TAMS 0x000000008bd00000| PB 0x000000008bd00000| Untracked 
| 190|0x000000008be00000, 0x000000008be00000, 0x000000008bf00000|  0%| F|  |TAMS 0x000000008be00000| PB 0x000000008be00000| Untracked 
| 191|0x000000008bf00000, 0x000000008bf00000, 0x000000008c000000|  0%| F|  |TAMS 0x000000008bf00000| PB 0x000000008bf00000| Untracked 
| 192|0x000000008c000000, 0x000000008c000000, 0x000000008c100000|  0%| F|  |TAMS 0x000000008c000000| PB 0x000000008c000000| Untracked 
| 193|0x000000008c100000, 0x000000008c100000, 0x000000008c200000|  0%| F|  |TAMS 0x000000008c100000| PB 0x000000008c100000| Untracked 
| 194|0x000000008c200000, 0x000000008c200000, 0x000000008c300000|  0%| F|  |TAMS 0x000000008c200000| PB 0x000000008c200000| Untracked 
| 195|0x000000008c300000, 0x000000008c300000, 0x000000008c400000|  0%| F|  |TAMS 0x000000008c300000| PB 0x000000008c300000| Untracked 
| 196|0x000000008c400000, 0x000000008c400000, 0x000000008c500000|  0%| F|  |TAMS 0x000000008c400000| PB 0x000000008c400000| Untracked 
| 197|0x000000008c500000, 0x000000008c500000, 0x000000008c600000|  0%| F|  |TAMS 0x000000008c500000| PB 0x000000008c500000| Untracked 
| 198|0x000000008c600000, 0x000000008c600000, 0x000000008c700000|  0%| F|  |TAMS 0x000000008c600000| PB 0x000000008c600000| Untracked 
| 199|0x000000008c700000, 0x000000008c700000, 0x000000008c800000|  0%| F|  |TAMS 0x000000008c700000| PB 0x000000008c700000| Untracked 
| 200|0x000000008c800000, 0x000000008c800000, 0x000000008c900000|  0%| F|  |TAMS 0x000000008c800000| PB 0x000000008c800000| Untracked 
| 201|0x000000008c900000, 0x000000008c900000, 0x000000008ca00000|  0%| F|  |TAMS 0x000000008c900000| PB 0x000000008c900000| Untracked 
| 202|0x000000008ca00000, 0x000000008ca00000, 0x000000008cb00000|  0%| F|  |TAMS 0x000000008ca00000| PB 0x000000008ca00000| Untracked 
| 203|0x000000008cb00000, 0x000000008cb00000, 0x000000008cc00000|  0%| F|  |TAMS 0x000000008cb00000| PB 0x000000008cb00000| Untracked 
|2025|0x00000000fe900000, 0x00000000fea00000, 0x00000000fea00000|100%| O|  |TAMS 0x00000000fe900000| PB 0x00000000fe900000| Untracked 
|2026|0x00000000fea00000, 0x00000000feb00000, 0x00000000feb00000|100%| O|  |TAMS 0x00000000fea00000| PB 0x00000000fea00000| Untracked 
|2027|0x00000000feb00000, 0x00000000fec00000, 0x00000000fec00000|100%| O|  |TAMS 0x00000000feb00000| PB 0x00000000feb00000| Untracked 
|2028|0x00000000fec00000, 0x00000000fec00000, 0x00000000fed00000|  0%| F|  |TAMS 0x00000000fec00000| PB 0x00000000fec00000| Untracked 
|2029|0x00000000fed00000, 0x00000000fee00000, 0x00000000fee00000|100%| O|  |TAMS 0x00000000fed00000| PB 0x00000000fed00000| Untracked 
|2030|0x00000000fee00000, 0x00000000fef00000, 0x00000000fef00000|100%| O|  |TAMS 0x00000000fee00000| PB 0x00000000fee00000| Untracked 
|2031|0x00000000fef00000, 0x00000000ff000000, 0x00000000ff000000|100%| O|  |TAMS 0x00000000fef00000| PB 0x00000000fef00000| Untracked 
|2032|0x00000000ff000000, 0x00000000ff100000, 0x00000000ff100000|100%| O|  |TAMS 0x00000000ff000000| PB 0x00000000ff000000| Untracked 
|2033|0x00000000ff100000, 0x00000000ff200000, 0x00000000ff200000|100%| O|  |TAMS 0x00000000ff100000| PB 0x00000000ff100000| Untracked 
|2034|0x00000000ff200000, 0x00000000ff300000, 0x00000000ff300000|100%| O|  |TAMS 0x00000000ff200000| PB 0x00000000ff200000| Untracked 
|2035|0x00000000ff300000, 0x00000000ff400000, 0x00000000ff400000|100%| O|  |TAMS 0x00000000ff300000| PB 0x00000000ff300000| Untracked 
|2036|0x00000000ff400000, 0x00000000ff500000, 0x00000000ff500000|100%| O|  |TAMS 0x00000000ff400000| PB 0x00000000ff400000| Untracked 
|2037|0x00000000ff500000, 0x00000000ff600000, 0x00000000ff600000|100%| O|  |TAMS 0x00000000ff500000| PB 0x00000000ff500000| Untracked 
|2038|0x00000000ff600000, 0x00000000ff700000, 0x00000000ff700000|100%| O|  |TAMS 0x00000000ff600000| PB 0x00000000ff600000| Untracked 
|2039|0x00000000ff700000, 0x00000000ff800000, 0x00000000ff800000|100%| O|  |TAMS 0x00000000ff700000| PB 0x00000000ff700000| Untracked 
|2040|0x00000000ff800000, 0x00000000ff800000, 0x00000000ff900000|  0%| F|  |TAMS 0x00000000ff800000| PB 0x00000000ff800000| Untracked 
|2041|0x00000000ff900000, 0x00000000ffa00000, 0x00000000ffa00000|100%| O|  |TAMS 0x00000000ff900000| PB 0x00000000ff900000| Untracked 
|2042|0x00000000ffa00000, 0x00000000ffa00000, 0x00000000ffb00000|  0%| F|  |TAMS 0x00000000ffa00000| PB 0x00000000ffa00000| Untracked 
|2043|0x00000000ffb00000, 0x00000000ffb00000, 0x00000000ffc00000|  0%| F|  |TAMS 0x00000000ffb00000| PB 0x00000000ffb00000| Untracked 
|2044|0x00000000ffc00000, 0x00000000ffd00000, 0x00000000ffd00000|100%| O|  |TAMS 0x00000000ffc00000| PB 0x00000000ffc00000| Untracked 
|2045|0x00000000ffd00000, 0x00000000ffe00000, 0x00000000ffe00000|100%| O|  |TAMS 0x00000000ffd00000| PB 0x00000000ffd00000| Untracked 
|2046|0x00000000ffe00000, 0x00000000ffe00000, 0x00000000fff00000|  0%| F|  |TAMS 0x00000000ffe00000| PB 0x00000000ffe00000| Untracked 
|2047|0x00000000fff00000, 0x00000000fff00000, 0x0000000100000000|  0%| F|  |TAMS 0x00000000fff00000| PB 0x00000000fff00000| Untracked 

Card table byte_map: [0x000001f866b80000,0x000001f866f80000] _byte_map_base: 0x000001f866780000

Marking Bits: (CMBitMap*) 0x000001f854673320
 Bits: [0x000001f866f80000, 0x000001f868f80000)

Polling page: 0x000001f853d80000

Metaspace:

Usage:
  Non-class:    113.44 MB used.
      Class:     18.43 MB used.
       Both:    131.87 MB used.

Virtual space:
  Non-class space:      128.00 MB reserved,     114.69 MB ( 90%) committed,  2 nodes.
      Class space:        1.00 GB reserved,      19.62 MB (  2%) committed,  1 nodes.
             Both:        1.12 GB reserved,     134.31 MB ( 12%) committed. 

Chunk freelists:
   Non-Class:  12.98 MB
       Class:  12.34 MB
        Both:  25.33 MB

MaxMetaspaceSize: unlimited
CompressedClassSpaceSize: 1.00 GB
Initial GC threshold: 21.00 MB
Current GC threshold: 217.50 MB
CDS: off
 - commit_granule_bytes: 65536.
 - commit_granule_words: 8192.
 - virtual_space_node_default_size: 8388608.
 - enlarge_chunks_in_place: 1.
 - use_allocation_guard: 0.


Internal statistics:

num_allocs_failed_limit: 9.
num_arena_births: 4718.
num_arena_deaths: 0.
num_vsnodes_births: 3.
num_vsnodes_deaths: 0.
num_space_committed: 2147.
num_space_uncommitted: 0.
num_chunks_returned_to_freelist: 9.
num_chunks_taken_from_freelist: 10526.
num_chunk_merges: 6.
num_chunk_splits: 6940.
num_chunks_enlarged: 4436.
num_inconsistent_stats: 0.

CodeHeap 'non-profiled nmethods': size=120000Kb used=8129Kb max_used=8452Kb free=111870Kb
 bounds [0x000001f85f250000, 0x000001f85fab0000, 0x000001f866780000]
CodeHeap 'profiled nmethods': size=120000Kb used=24737Kb max_used=24949Kb free=95262Kb
 bounds [0x000001f857780000, 0x000001f859010000, 0x000001f85ecb0000]
CodeHeap 'non-nmethods': size=5760Kb used=2046Kb max_used=2143Kb free=3713Kb
 bounds [0x000001f85ecb0000, 0x000001f85ef20000, 0x000001f85f250000]
CodeCache: size=245760Kb, used=34912Kb, max_used=35544Kb, free=210845Kb
 total_blobs=14004, nmethods=13083, adapters=825, full_count=0
Compilation: enabled, stopped_count=0, restarted_count=0

Compilation events (20 events):
Event: 32.503 Thread 0x000001f8762c5fe0 

Event: 32.503 Thread 0x000001f8762c5fe0 

Event: 32.503 Thread 0x000001f8762c5fe0 

Event: 32.503 Thread 0x000001f8762c5fe0 15540       4       com.android.tools.r8.internal.iq::R (2 bytes)
Event: 32.503 Thread 0x000001f8762c5fe0 nmethod 15540 0x000001f85f908910 code [0x000001f85f908aa0, 0x000001f85f908b28]
Event: 32.503 Thread 0x000001f8762c5fe0 15531       4       com.android.tools.r8.graph.j9::a (50 bytes)
Event: 32.504 Thread 0x000001f86b642800 15568 %     1       com.android.tools.r8.internal.nv::<init> @ 225 (531 bytes)
Event: 32.505 Thread 0x000001f86b642800 

Event: 32.505 Thread 0x000001f86b642800 

Event: 32.505 Thread 0x000001f86b642800 

Event: 32.505 Thread 0x000001f86b642800 

Event: 32.510 Thread 0x000001f86b642800 15572       3       com.android.tools.r8.graph.k9::a (444 bytes)
Event: 32.513 Thread 0x000001f86b642800 nmethod 15572 0x000001f857c81b90 code [0x000001f857c82140, 0x000001f857c84ca0]
Event: 32.514 Thread 0x000001f86b642800 15578   !   3       com.android.tools.r8.graph.p9::a (310 bytes)
Event: 32.515 Thread 0x000001f86b642800 nmethod 15578 0x000001f8578b8a90 code [0x000001f8578b8da0, 0x000001f8578b9f20]
Event: 32.515 Thread 0x000001f86b642800 15579   !   3       com.android.tools.r8.graph.d2::<init> (346 bytes)
Event: 32.516 Thread 0x000001f86b642800 nmethod 15579 0x000001f8583eee10 code [0x000001f8583ef160, 0x000001f8583f06f0]
Event: 32.516 Thread 0x000001f86b642800 15573   !   3       com.android.tools.r8.internal.us0::a (137 bytes)
Event: 32.517 Thread 0x000001f86b642800 nmethod 15573 0x000001f857a87790 code [0x000001f857a879e0, 0x000001f857a885d8]
Event: 32.517 Thread 0x000001f86b642800 15580       3       com.android.tools.r8.graph.pa::<init> (22 bytes)

GC Heap History (20 events):
Event: 20.309 GC heap after
{Heap after GC invocations=33 (full 0):
 garbage-first heap   total 150528K, used 90533K [0x0000000080000000, 0x0000000100000000)
  region size 1024K, 6 young (6144K), 6 survivors (6144K)
 Metaspace       used 105136K, committed 107328K, reserved 1179648K
  class space    used 14889K, committed 15936K, reserved 1048576K
}
Event: 21.218 GC heap before
{Heap before GC invocations=33 (full 0):
 garbage-first heap   total 150528K, used 141733K [0x0000000080000000, 0x0000000100000000)
  region size 1024K, 56 young (57344K), 6 survivors (6144K)
 Metaspace       used 108717K, committed 111040K, reserved 1179648K
  class space    used 15414K, committed 16576K, reserved 1048576K
}
Event: 21.229 GC heap after
{Heap after GC invocations=34 (full 0):
 garbage-first heap   total 181248K, used 92856K [0x0000000080000000, 0x0000000100000000)
  region size 1024K, 5 young (5120K), 5 survivors (5120K)
 Metaspace       used 108717K, committed 111040K, reserved 1179648K
  class space    used 15414K, committed 16576K, reserved 1048576K
}
Event: 22.437 GC heap before
{Heap before GC invocations=35 (full 0):
 garbage-first heap   total 181248K, used 170680K [0x0000000080000000, 0x0000000100000000)
  region size 1024K, 81 young (82944K), 5 survivors (5120K)
 Metaspace       used 113344K, committed 115648K, reserved 1179648K
  class space    used 16103K, committed 17216K, reserved 1048576K
}
Event: 22.457 GC heap after
{Heap after GC invocations=36 (full 0):
 garbage-first heap   total 182272K, used 98723K [0x0000000080000000, 0x0000000100000000)
  region size 1024K, 11 young (11264K), 11 survivors (11264K)
 Metaspace       used 113344K, committed 115648K, reserved 1179648K
  class space    used 16103K, committed 17216K, reserved 1048576K
}
Event: 23.420 GC heap before
{Heap before GC invocations=36 (full 0):
 garbage-first heap   total 182272K, used 176547K [0x0000000080000000, 0x0000000100000000)
  region size 1024K, 78 young (79872K), 11 survivors (11264K)
 Metaspace       used 116766K, committed 119040K, reserved 1179648K
  class space    used 16367K, committed 17472K, reserved 1048576K
}
Event: 23.449 GC heap after
{Heap after GC invocations=37 (full 0):
 garbage-first heap   total 201728K, used 109453K [0x0000000080000000, 0x0000000100000000)
  region size 1024K, 10 young (10240K), 10 survivors (10240K)
 Metaspace       used 116766K, committed 119040K, reserved 1179648K
  class space    used 16367K, committed 17472K, reserved 1048576K
}
Event: 25.533 GC heap before
{Heap before GC invocations=37 (full 0):
 garbage-first heap   total 201728K, used 180109K [0x0000000080000000, 0x0000000100000000)
  region size 1024K, 80 young (81920K), 10 survivors (10240K)
 Metaspace       used 119058K, committed 121408K, reserved 1179648K
  class space    used 16731K, committed 17920K, reserved 1048576K
}
Event: 25.551 GC heap after
{Heap after GC invocations=38 (full 0):
 garbage-first heap   total 201728K, used 115641K [0x0000000080000000, 0x0000000100000000)
  region size 1024K, 5 young (5120K), 5 survivors (5120K)
 Metaspace       used 119058K, committed 121408K, reserved 1179648K
  class space    used 16731K, committed 17920K, reserved 1048576K
}
Event: 25.727 GC heap before
{Heap before GC invocations=38 (full 0):
 garbage-first heap   total 201728K, used 123833K [0x0000000080000000, 0x0000000100000000)
  region size 1024K, 15 young (15360K), 5 survivors (5120K)
 Metaspace       used 120874K, committed 123200K, reserved 1179648K
  class space    used 16986K, committed 18112K, reserved 1048576K
}
Event: 25.735 GC heap after
{Heap after GC invocations=39 (full 0):
 garbage-first heap   total 201728K, used 117225K [0x0000000080000000, 0x0000000100000000)
  region size 1024K, 1 young (1024K), 1 survivors (1024K)
 Metaspace       used 120874K, committed 123200K, reserved 1179648K
  class space    used 16986K, committed 18112K, reserved 1048576K
}
Event: 27.063 GC heap before
{Heap before GC invocations=40 (full 0):
 garbage-first heap   total 201728K, used 190953K [0x0000000080000000, 0x0000000100000000)
  region size 1024K, 68 young (69632K), 1 survivors (1024K)
 Metaspace       used 128096K, committed 130496K, reserved 1179648K
  class space    used 17913K, committed 19072K, reserved 1048576K
}
Event: 27.080 GC heap after
{Heap after GC invocations=41 (full 0):
 garbage-first heap   total 204800K, used 132693K [0x0000000080000000, 0x0000000100000000)
  region size 1024K, 9 young (9216K), 9 survivors (9216K)
 Metaspace       used 128096K, committed 130496K, reserved 1179648K
  class space    used 17913K, committed 19072K, reserved 1048576K
}
Event: 30.299 GC heap before
{Heap before GC invocations=41 (full 0):
 garbage-first heap   total 204800K, used 183893K [0x0000000080000000, 0x0000000100000000)
  region size 1024K, 60 young (61440K), 9 survivors (9216K)
 Metaspace       used 129963K, committed 132352K, reserved 1179648K
  class space    used 18143K, committed 19328K, reserved 1048576K
}
Event: 30.314 GC heap after
{Heap after GC invocations=42 (full 0):
 garbage-first heap   total 204800K, used 127779K [0x0000000080000000, 0x0000000100000000)
  region size 1024K, 4 young (4096K), 4 survivors (4096K)
 Metaspace       used 129963K, committed 132352K, reserved 1179648K
  class space    used 18143K, committed 19328K, reserved 1048576K
}
Event: 31.174 GC heap before
{Heap before GC invocations=42 (full 0):
 garbage-first heap   total 204800K, used 176931K [0x0000000080000000, 0x0000000100000000)
  region size 1024K, 54 young (55296K), 4 survivors (4096K)
 Metaspace       used 130693K, committed 133184K, reserved 1179648K
  class space    used 18248K, committed 19456K, reserved 1048576K
}
Event: 31.182 GC heap after
{Heap after GC invocations=43 (full 0):
 garbage-first heap   total 204800K, used 137129K [0x0000000080000000, 0x0000000100000000)
  region size 1024K, 8 young (8192K), 8 survivors (8192K)
 Metaspace       used 130693K, committed 133184K, reserved 1179648K
  class space    used 18248K, committed 19456K, reserved 1048576K
}
Event: 31.685 GC heap before
{Heap before GC invocations=44 (full 0):
 garbage-first heap   total 232448K, used 185257K [0x0000000080000000, 0x0000000100000000)
  region size 1024K, 54 young (55296K), 8 survivors (8192K)
 Metaspace       used 131602K, committed 134080K, reserved 1179648K
  class space    used 18378K, committed 19584K, reserved 1048576K
}
Event: 31.696 GC heap after
{Heap after GC invocations=45 (full 0):
 garbage-first heap   total 232448K, used 148480K [0x0000000080000000, 0x0000000100000000)
  region size 1024K, 7 young (7168K), 7 survivors (7168K)
 Metaspace       used 131602K, committed 134080K, reserved 1179648K
  class space    used 18378K, committed 19584K, reserved 1048576K
}
Event: 32.517 GC heap before
{Heap before GC invocations=45 (full 0):
 garbage-first heap   total 232448K, used 202752K [0x0000000080000000, 0x0000000100000000)
  region size 1024K, 61 young (62464K), 7 survivors (7168K)
 Metaspace       used 135035K, committed 137536K, reserved 1179648K
  class space    used 18868K, committed 20096K, reserved 1048576K
}

Dll operation events (3 events):
Event: 0.010 Loaded shared library C:\Program Files\Android\Android Studio\jbr\bin\java.dll
Event: 0.017 Loaded shared library C:\Program Files\Android\Android Studio\jbr\bin\zip.dll
Event: 0.958 Loaded shared library C:\Program Files\Android\Android Studio\jbr\bin\verify.dll

Deoptimization events (20 events):
Event: 32.236 Thread 0x000001f87312fcb0 Uncommon trap: trap_request=0xffffff45 fr.pc=0x000001f85f3cd208 relative=0x0000000000000ca8
Event: 32.236 Thread 0x000001f87312fcb0 Uncommon trap: reason=unstable_if action=reinterpret pc=0x000001f85f3cd208 method=java.util.WeakHashMap.remove(Ljava/lang/Object;)Ljava/lang/Object; @ 92 c2
Event: 32.236 Thread 0x000001f87312fcb0 DEOPT PACKING pc=0x000001f85f3cd208 sp=0x00000022ec4f26b0
Event: 32.236 Thread 0x000001f87312fcb0 DEOPT UNPACKING pc=0x000001f85ed043a2 sp=0x00000022ec4f2670 mode 2
Event: 32.243 Thread 0x000001f86b989fe0 Uncommon trap: trap_request=0xffffff45 fr.pc=0x000001f85f319314 relative=0x0000000000000514
Event: 32.243 Thread 0x000001f86b989fe0 Uncommon trap: reason=unstable_if action=reinterpret pc=0x000001f85f319314 method=com.android.tools.r8.graph.k6.a(Ljava/lang/String;)[B @ 19 c2
Event: 32.243 Thread 0x000001f86b989fe0 DEOPT PACKING pc=0x000001f85f319314 sp=0x00000022ed1f6710
Event: 32.243 Thread 0x000001f86b989fe0 DEOPT UNPACKING pc=0x000001f85ed043a2 sp=0x00000022ed1f66b0 mode 2
Event: 32.243 Thread 0x000001f86b989fe0 Uncommon trap: trap_request=0xffffff45 fr.pc=0x000001f85f4b0534 relative=0x0000000000000094
Event: 32.243 Thread 0x000001f86b989fe0 Uncommon trap: reason=unstable_if action=reinterpret pc=0x000001f85f4b0534 method=com.android.tools.r8.graph.k6.a(C[BI)I @ 1 c2
Event: 32.243 Thread 0x000001f86b989fe0 DEOPT PACKING pc=0x000001f85f4b0534 sp=0x00000022ed1f66a0
Event: 32.243 Thread 0x000001f86b989fe0 DEOPT UNPACKING pc=0x000001f85ed043a2 sp=0x00000022ed1f6638 mode 2
Event: 32.328 Thread 0x000001f86b989fe0 Uncommon trap: trap_request=0xffffff45 fr.pc=0x000001f85f8e42c4 relative=0x00000000000000a4
Event: 32.328 Thread 0x000001f86b989fe0 Uncommon trap: reason=unstable_if action=reinterpret pc=0x000001f85f8e42c4 method=com.android.tools.r8.internal.u41.a(I)Z @ 45 c2
Event: 32.328 Thread 0x000001f86b989fe0 DEOPT PACKING pc=0x000001f85f8e42c4 sp=0x00000022ed1f69c0
Event: 32.328 Thread 0x000001f86b989fe0 DEOPT UNPACKING pc=0x000001f85ed043a2 sp=0x00000022ed1f6950 mode 2
Event: 32.345 Thread 0x000001f86b989fe0 DEOPT PACKING pc=0x000001f857ad8f54 sp=0x00000022ed1f66d0
Event: 32.345 Thread 0x000001f86b989fe0 DEOPT UNPACKING pc=0x000001f85ed04b42 sp=0x00000022ed1f5bd8 mode 0
Event: 32.356 Thread 0x000001f86b989fe0 DEOPT PACKING pc=0x000001f857ad8f54 sp=0x00000022ed1f63f0
Event: 32.356 Thread 0x000001f86b989fe0 DEOPT UNPACKING pc=0x000001f85ed04b42 sp=0x00000022ed1f58f8 mode 0

Classes loaded (20 events):
Event: 28.026 Loading class java/lang/invoke/WrongMethodTypeException
Event: 28.026 Loading class java/lang/invoke/WrongMethodTypeException done
Event: 30.847 Loading class sun/nio/fs/Globs
Event: 30.848 Loading class sun/nio/fs/Globs done
Event: 30.848 Loading class java/util/regex/Pattern$SliceU
Event: 30.848 Loading class java/util/regex/Pattern$SliceU done
Event: 30.848 Loading class sun/nio/fs/WindowsFileSystem$2
Event: 30.848 Loading class sun/nio/fs/WindowsFileSystem$2 done
Event: 30.854 Loading class java/util/zip/ZipFile$ZipEntryIterator
Event: 30.854 Loading class java/util/zip/ZipFile$ZipEntryIterator done
Event: 31.031 Loading class java/util/zip/ZipInputStream
Event: 31.031 Loading class java/util/zip/ZipInputStream done
Event: 31.829 Loading class java/util/stream/IntPipeline$1
Event: 31.829 Loading class java/util/stream/IntPipeline$1 done
Event: 31.830 Loading class java/util/stream/IntPipeline$1$1
Event: 31.830 Loading class java/util/stream/Sink$ChainedInt
Event: 31.830 Loading class java/util/stream/Sink$ChainedInt done
Event: 31.830 Loading class java/util/stream/IntPipeline$1$1 done
Event: 31.855 Loading class java/util/concurrent/RejectedExecutionException
Event: 31.855 Loading class java/util/concurrent/RejectedExecutionException done

Classes unloaded (0 events):
No events

Classes redefined (0 events):
No events

Internal exceptions (20 events):
Event: 32.363 Thread 0x000001f873131d80 Exception <a 'sun/nio/fs/WindowsException'{0x000000008a94a850}> (0x000000008a94a850) 
thrown [s\src\hotspot\share\prims\jni.cpp, line 537]
Event: 32.363 Thread 0x000001f87312fcb0 Exception <a 'sun/nio/fs/WindowsException'{0x000000008a8c8bc8}> (0x000000008a8c8bc8) 
thrown [s\src\hotspot\share\prims\jni.cpp, line 537]
Event: 32.364 Thread 0x000001f87312fcb0 Exception <a 'sun/nio/fs/WindowsException'{0x000000008a8d1ff0}> (0x000000008a8d1ff0) 
thrown [s\src\hotspot\share\prims\jni.cpp, line 537]
Event: 32.369 Thread 0x000001f87312fcb0 Exception <a 'sun/nio/fs/WindowsException'{0x000000008a8dc930}> (0x000000008a8dc930) 
thrown [s\src\hotspot\share\prims\jni.cpp, line 537]
Event: 32.371 Thread 0x000001f87312fcb0 Exception <a 'sun/nio/fs/WindowsException'{0x000000008a8e5f48}> (0x000000008a8e5f48) 
thrown [s\src\hotspot\share\prims\jni.cpp, line 537]
Event: 32.372 Thread 0x000001f87312fcb0 Exception <a 'sun/nio/fs/WindowsException'{0x000000008a763420}> (0x000000008a763420) 
thrown [s\src\hotspot\share\prims\jni.cpp, line 537]
Event: 32.373 Thread 0x000001f87312fcb0 Exception <a 'sun/nio/fs/WindowsException'{0x000000008a76cfc0}> (0x000000008a76cfc0) 
thrown [s\src\hotspot\share\prims\jni.cpp, line 537]
Event: 32.375 Thread 0x000001f87312fcb0 Exception <a 'sun/nio/fs/WindowsException'{0x000000008a779a68}> (0x000000008a779a68) 
thrown [s\src\hotspot\share\prims\jni.cpp, line 537]
Event: 32.376 Thread 0x000001f87312fcb0 Exception <a 'sun/nio/fs/WindowsException'{0x000000008a7b4680}> (0x000000008a7b4680) 
thrown [s\src\hotspot\share\prims\jni.cpp, line 537]
Event: 32.378 Thread 0x000001f87312ef90 Exception <a 'sun/nio/fs/WindowsException'{0x000000008a8824a0}> (0x000000008a8824a0) 
thrown [s\src\hotspot\share\prims\jni.cpp, line 537]
Event: 32.394 Thread 0x000001f87312ef90 Exception <a 'sun/nio/fs/WindowsException'{0x000000008a50b430}> (0x000000008a50b430) 
thrown [s\src\hotspot\share\prims\jni.cpp, line 537]
Event: 32.397 Thread 0x000001f87312ef90 Exception <a 'sun/nio/fs/WindowsException'{0x000000008a5192f0}> (0x000000008a5192f0) 
thrown [s\src\hotspot\share\prims\jni.cpp, line 537]
Event: 32.402 Thread 0x000001f87312fcb0 Exception <a 'sun/nio/fs/WindowsException'{0x000000008a5ea488}> (0x000000008a5ea488) 
thrown [s\src\hotspot\share\prims\jni.cpp, line 537]
Event: 32.403 Thread 0x000001f87312ef90 Exception <a 'sun/nio/fs/WindowsException'{0x000000008a40a918}> (0x000000008a40a918) 
thrown [s\src\hotspot\share\prims\jni.cpp, line 537]
Event: 32.413 Thread 0x000001f87312ef90 Exception <a 'sun/nio/fs/WindowsException'{0x000000008a48be68}> (0x000000008a48be68) 
thrown [s\src\hotspot\share\prims\jni.cpp, line 537]
Event: 32.415 Thread 0x000001f87312ef90 Exception <a 'sun/nio/fs/WindowsException'{0x000000008a4a2840}> (0x000000008a4a2840) 
thrown [s\src\hotspot\share\prims\jni.cpp, line 537]
Event: 32.418 Thread 0x000001f87312fcb0 Exception <a 'sun/nio/fs/WindowsException'{0x000000008a5f4058}> (0x000000008a5f4058) 
thrown [s\src\hotspot\share\prims\jni.cpp, line 537]
Event: 32.429 Thread 0x000001f86b989fe0 Exception <a 'sun/nio/fs/WindowsException'{0x000000008a3dc148}> (0x000000008a3dc148) 
thrown [s\src\hotspot\share\prims\jni.cpp, line 537]
Event: 32.463 Thread 0x000001f86b989fe0 Exception <a 'sun/nio/fs/WindowsException'{0x0000000089f26f20}> (0x0000000089f26f20) 
thrown [s\src\hotspot\share\prims\jni.cpp, line 537]
Event: 32.497 Thread 0x000001f87312ef90 Exception <a 'sun/nio/fs/WindowsException'{0x0000000089854598}> (0x0000000089854598) 
thrown [s\src\hotspot\share\prims\jni.cpp, line 537]

ZGC Phase Switch (0 events):
No events

VM Operations (20 events):
Event: 29.128 Executing safepoint VM operation: Cleanup done
Event: 30.138 Executing safepoint VM operation: Cleanup
Event: 30.138 Executing safepoint VM operation: Cleanup done
Event: 30.299 Executing safepoint VM operation: G1CollectForAllocation (G1 Evacuation Pause)
Event: 30.314 Executing safepoint VM operation: G1CollectForAllocation (G1 Evacuation Pause) done
Event: 30.939 Executing safepoint VM operation: ICBufferFull
Event: 30.939 Executing safepoint VM operation: ICBufferFull done
Event: 31.174 Executing safepoint VM operation: G1TryInitiateConcMark (G1 Humongous Allocation)
Event: 31.174 Executing safepoint VM operation: G1TryInitiateConcMark (G1 Humongous Allocation) done
Event: 31.174 Executing safepoint VM operation: G1TryInitiateConcMark (G1 Humongous Allocation)
Event: 31.182 Executing safepoint VM operation: G1TryInitiateConcMark (G1 Humongous Allocation) done
Event: 31.500 Executing safepoint VM operation: G1PauseRemark
Event: 31.512 Executing safepoint VM operation: G1PauseRemark done
Event: 31.637 Executing safepoint VM operation: G1PauseCleanup
Event: 31.637 Executing safepoint VM operation: G1PauseCleanup done
Event: 31.685 Executing safepoint VM operation: G1CollectForAllocation (G1 Evacuation Pause)
Event: 31.696 Executing safepoint VM operation: G1CollectForAllocation (G1 Evacuation Pause) done
Event: 32.133 Executing non-safepoint VM operation: HandshakeAllThreads (Deoptimize)
Event: 32.134 Executing non-safepoint VM operation: HandshakeAllThreads (Deoptimize) done
Event: 32.517 Executing safepoint VM operation: G1CollectForAllocation (G1 Evacuation Pause)

Memory protections (0 events):
No events

Nmethod flushes (20 events):
Event: 31.509 Thread 0x000001f86b459020 flushing  nmethod 0x000001f858449290
Event: 31.509 Thread 0x000001f86b459020 flushing  nmethod 0x000001f8584f4090
Event: 31.509 Thread 0x000001f86b459020 flushing  nmethod 0x000001f858586690
Event: 31.509 Thread 0x000001f86b459020 flushing  nmethod 0x000001f85865c610
Event: 31.509 Thread 0x000001f86b459020 flushing  nmethod 0x000001f85865dd10
Event: 31.509 Thread 0x000001f86b459020 flushing  nmethod 0x000001f85874b290
Event: 31.509 Thread 0x000001f86b459020 flushing  nmethod 0x000001f8588bfd10
Event: 31.509 Thread 0x000001f86b459020 flushing  nmethod 0x000001f8588c5610
Event: 31.509 Thread 0x000001f86b459020 flushing  nmethod 0x000001f858930f90
Event: 31.509 Thread 0x000001f86b459020 flushing  nmethod 0x000001f858a87d90
Event: 31.509 Thread 0x000001f86b459020 flushing  nmethod 0x000001f858a88590
Event: 31.509 Thread 0x000001f86b459020 flushing  nmethod 0x000001f858a89010
Event: 31.509 Thread 0x000001f86b459020 flushing  nmethod 0x000001f858a89e10
Event: 31.509 Thread 0x000001f86b459020 flushing  nmethod 0x000001f858a8a190
Event: 31.509 Thread 0x000001f86b459020 flushing  nmethod 0x000001f858a8ca90
Event: 31.509 Thread 0x000001f86b459020 flushing  nmethod 0x000001f858a8ce10
Event: 31.509 Thread 0x000001f86b459020 flushing  nmethod 0x000001f858a8d190
Event: 31.509 Thread 0x000001f86b459020 flushing  nmethod 0x000001f858b60d90
Event: 31.509 Thread 0x000001f86b459020 flushing  nmethod 0x000001f858b69790
Event: 31.509 Thread 0x000001f86b459020 flushing  nmethod 0x000001f858c7a010

Events (20 events):
Event: 18.026 Thread 0x000001f86b642800 Thread added: 0x000001f871bb1240
Event: 20.211 Thread 0x000001f871bb1240 Thread exited: 0x000001f871bb1240
Event: 20.407 Thread 0x000001f86b642800 Thread added: 0x000001f871bb26b0
Event: 21.268 Thread 0x000001f871bb26b0 Thread exited: 0x000001f871bb26b0
Event: 21.601 Thread 0x000001f86b641d60 Thread added: 0x000001f871bb41f0
Event: 23.189 Thread 0x000001f871596dc0 Thread added: 0x000001f86b9836e0
Event: 23.190 Thread 0x000001f871596dc0 Thread added: 0x000001f86b987f10
Event: 23.280 Thread 0x000001f871596dc0 Thread added: 0x000001f86b9871f0
Event: 23.291 Thread 0x000001f86b9871f0 Thread added: 0x000001f86b989950
Event: 23.291 Thread 0x000001f86b9871f0 Thread added: 0x000001f86b988c30
Event: 23.291 Thread 0x000001f86b9871f0 Thread added: 0x000001f86b989fe0
Event: 23.321 Thread 0x000001f86b989950 Thread added: 0x000001f86b9885a0
Event: 25.576 Thread 0x000001f86b9871f0 Thread added: 0x000001f877574d80
Event: 25.768 Thread 0x000001f871bb41f0 Thread exited: 0x000001f871bb41f0
Event: 26.301 Thread 0x000001f86b641d60 Thread added: 0x000001f871bb41f0
Event: 28.000 Thread 0x000001f86b9871f0 Thread added: 0x000001f874180ef0
Event: 28.694 Thread 0x000001f871bb41f0 Thread exited: 0x000001f871bb41f0
Event: 28.903 Thread 0x000001f86b642800 Thread added: 0x000001f871bb41f0
Event: 31.599 Thread 0x000001f871bb41f0 Thread exited: 0x000001f871bb41f0
Event: 31.674 Thread 0x000001f86b642800 Thread added: 0x000001f8762c5fe0


Dynamic libraries:
0x00007ff7b2180000 - 0x00007ff7b218a000 	C:\Program Files\Android\Android Studio\jbr\bin\java.exe
0x00007fffff600000 - 0x00007fffff868000 	C:\WINDOWS\SYSTEM32\ntdll.dll
0x00007ffffe270000 - 0x00007ffffe339000 	C:\WINDOWS\System32\KERNEL32.DLL
0x00007ffffce60000 - 0x00007ffffd252000 	C:\WINDOWS\System32\KERNELBASE.dll
0x00007ffffc980000 - 0x00007ffffcacb000 	C:\WINDOWS\System32\ucrtbase.dll
0x00007fffd13c0000 - 0x00007fffd13db000 	C:\Program Files\Android\Android Studio\jbr\bin\VCRUNTIME140.dll
0x00007fffeaff0000 - 0x00007fffeb008000 	C:\Program Files\Android\Android Studio\jbr\bin\jli.dll
0x00007ffffeb80000 - 0x00007ffffed45000 	C:\WINDOWS\System32\USER32.dll
0x00007ffffcd80000 - 0x00007ffffcda7000 	C:\WINDOWS\System32\win32u.dll
0x00007fffe4ca0000 - 0x00007fffe4f33000 	C:\WINDOWS\WinSxS\amd64_microsoft.windows.common-controls_6595b64144ccf1df_6.0.26100.6899_none_3e0efeeae32e88c1\COMCTL32.dll
0x00007ffffdfe0000 - 0x00007ffffe00b000 	C:\WINDOWS\System32\GDI32.dll
0x00007ffffdc40000 - 0x00007ffffdce9000 	C:\WINDOWS\System32\msvcrt.dll
0x00007ffffcad0000 - 0x00007ffffcbfd000 	C:\WINDOWS\System32\gdi32full.dll
0x00007ffffcdb0000 - 0x00007ffffce53000 	C:\WINDOWS\System32\msvcp_win.dll
0x00007fffff3a0000 - 0x00007fffff3cf000 	C:\WINDOWS\System32\IMM32.DLL
0x00007fffed560000 - 0x00007fffed56c000 	C:\Program Files\Android\Android Studio\jbr\bin\vcruntime140_1.dll
0x00007fffe6910000 - 0x00007fffe699d000 	C:\Program Files\Android\Android Studio\jbr\bin\msvcp140.dll
0x00007fff75750000 - 0x00007fff763e6000 	C:\Program Files\Android\Android Studio\jbr\bin\server\jvm.dll
0x00007ffffdd70000 - 0x00007ffffde24000 	C:\WINDOWS\System32\ADVAPI32.dll
0x00007ffffe010000 - 0x00007ffffe0b6000 	C:\WINDOWS\System32\sechost.dll
0x00007ffffdb20000 - 0x00007ffffdc38000 	C:\WINDOWS\System32\RPCRT4.dll
0x00007ffffdcf0000 - 0x00007ffffdd64000 	C:\WINDOWS\System32\WS2_32.dll
0x00007ffffc5f0000 - 0x00007ffffc64e000 	C:\WINDOWS\SYSTEM32\POWRPROF.dll
0x00007fffe7510000 - 0x00007fffe7545000 	C:\WINDOWS\SYSTEM32\WINMM.dll
0x00007fffedab0000 - 0x00007fffedabb000 	C:\WINDOWS\SYSTEM32\VERSION.dll
0x00007ffffc5d0000 - 0x00007ffffc5e4000 	C:\WINDOWS\SYSTEM32\UMPDC.dll
0x00007ffffb530000 - 0x00007ffffb54b000 	C:\WINDOWS\SYSTEM32\kernel.appcore.dll
0x00007fffe39b0000 - 0x00007fffe39ba000 	C:\Program Files\Android\Android Studio\jbr\bin\jimage.dll
0x00007ffff7030000 - 0x00007ffff7272000 	C:\WINDOWS\SYSTEM32\DBGHELP.DLL
0x00007ffffed70000 - 0x00007fffff0eb000 	C:\WINDOWS\System32\combase.dll
0x00007ffffe3c0000 - 0x00007ffffe497000 	C:\WINDOWS\System32\OLEAUT32.dll
0x00007fffdd980000 - 0x00007fffdd9bc000 	C:\WINDOWS\SYSTEM32\dbgcore.DLL
0x00007ffffc8e0000 - 0x00007ffffc978000 	C:\WINDOWS\System32\bcryptPrimitives.dll
0x00007fffeafe0000 - 0x00007fffeafee000 	C:\Program Files\Android\Android Studio\jbr\bin\instrument.dll
0x00007fffc7f60000 - 0x00007fffc7f80000 	C:\Program Files\Android\Android Studio\jbr\bin\java.dll
0x00007fffc1900000 - 0x00007fffc1918000 	C:\Program Files\Android\Android Studio\jbr\bin\zip.dll
0x00007ffffd3d0000 - 0x00007ffffdb1d000 	C:\WINDOWS\System32\SHELL32.dll
0x00007ffffd260000 - 0x00007ffffd3cb000 	C:\WINDOWS\System32\wintypes.dll
0x00007ffffa3c0000 - 0x00007ffffac1d000 	C:\WINDOWS\SYSTEM32\windows.storage.dll
0x00007ffffe5c0000 - 0x00007ffffe6b2000 	C:\WINDOWS\System32\SHCORE.dll
0x00007fffff180000 - 0x00007fffff1e2000 	C:\WINDOWS\System32\shlwapi.dll
0x00007ffffc6b0000 - 0x00007ffffc6d9000 	C:\WINDOWS\SYSTEM32\profapi.dll
0x00007fffdd5e0000 - 0x00007fffdd5f0000 	C:\Program Files\Android\Android Studio\jbr\bin\net.dll
0x00007fffec370000 - 0x00007fffec48f000 	C:\WINDOWS\SYSTEM32\WINHTTP.dll
0x00007ffffbad0000 - 0x00007ffffbb3b000 	C:\WINDOWS\system32\mswsock.dll
0x00007fffc18e0000 - 0x00007fffc18f6000 	C:\Program Files\Android\Android Studio\jbr\bin\nio.dll
0x00007fffed900000 - 0x00007fffed910000 	C:\Program Files\Android\Android Studio\jbr\bin\verify.dll
0x00007fffe6680000 - 0x00007fffe66a7000 	C:\Users\DELL\.gradle\native\660c5614fbf4a5f2a75b1949f50a0caf5cd603558e7d8a26e50b933a0cfb79d1\windows-amd64\native-platform.dll
0x00007fffe6890000 - 0x00007fffe6907000 	C:\Users\DELL\.gradle\native\0.2.8\x86_64-windows-gnu\gradle-fileevents.dll
0x00007fffeafb0000 - 0x00007fffeafb9000 	C:\Program Files\Android\Android Studio\jbr\bin\management.dll
0x00007fffeafa0000 - 0x00007fffeafab000 	C:\Program Files\Android\Android Studio\jbr\bin\management_ext.dll
0x00007ffffe5b0000 - 0x00007ffffe5b8000 	C:\WINDOWS\System32\PSAPI.DLL
0x00007ffffaf20000 - 0x00007ffffaf54000 	C:\WINDOWS\SYSTEM32\IPHLPAPI.DLL
0x00007ffffe4a0000 - 0x00007ffffe4aa000 	C:\WINDOWS\System32\NSI.dll
0x00007fffeafc0000 - 0x00007fffeafc9000 	C:\Program Files\Android\Android Studio\jbr\bin\extnet.dll
0x00007ffffbd80000 - 0x00007ffffbd9b000 	C:\WINDOWS\SYSTEM32\CRYPTSP.dll
0x00007ffffb490000 - 0x00007ffffb4cb000 	C:\WINDOWS\system32\rsaenh.dll
0x00007ffffbb70000 - 0x00007ffffbb9b000 	C:\WINDOWS\SYSTEM32\USERENV.dll
0x00007ffffc680000 - 0x00007ffffc6a6000 	C:\WINDOWS\SYSTEM32\bcrypt.dll
0x00007ffffbda0000 - 0x00007ffffbdac000 	C:\WINDOWS\SYSTEM32\CRYPTBASE.dll
0x00007fff8d960000 - 0x00007fff8d968000 	C:\WINDOWS\system32\wshunix.dll

JVMTI agents:
C:\Users\DELL\.gradle\wrapper\dists\gradle-9.4.1-bin\arn2x92ynaizyzdaamcbpbhtj\gradle-9.4.1\lib\agents\gradle-instrumentation-agent-9.4.1.jar path:C:\Program Files\Android\Android Studio\jbr\bin\instrument.dll, loaded, initialized, instrumentlib options:none

dbghelp: loaded successfully - version: 4.0.5 - missing functions: none
symbol engine: initialized successfully - sym options: 0x614 - pdb path: .;C:\Program Files\Android\Android Studio\jbr\bin;C:\WINDOWS\SYSTEM32;C:\WINDOWS\WinSxS\amd64_microsoft.windows.common-controls_6595b64144ccf1df_6.0.26100.6899_none_3e0efeeae32e88c1;C:\Program Files\Android\Android Studio\jbr\bin\server;C:\Users\DELL\.gradle\native\660c5614fbf4a5f2a75b1949f50a0caf5cd603558e7d8a26e50b933a0cfb79d1\windows-amd64;C:\Users\DELL\.gradle\native\0.2.8\x86_64-windows-gnu

VM Arguments:
jvm_args: --add-opens=java.base/java.lang=ALL-UNNAMED --add-opens=java.base/java.lang.invoke=ALL-UNNAMED --add-opens=java.base/java.util=ALL-UNNAMED --add-opens=java.prefs/java.util.prefs=ALL-UNNAMED --add-exports=jdk.compiler/com.sun.tools.javac.api=ALL-UNNAMED --add-exports=jdk.compiler/com.sun.tools.javac.util=ALL-UNNAMED --add-opens=java.base/java.util=ALL-UNNAMED --add-opens=java.prefs/java.util.prefs=ALL-UNNAMED --add-opens=java.base/java.nio.charset=ALL-UNNAMED --add-opens=java.base/java.net=ALL-UNNAMED --add-opens=java.base/java.util.concurrent=ALL-UNNAMED --add-opens=java.base/java.util.concurrent.atomic=ALL-UNNAMED --add-opens=java.xml/javax.xml.namespace=ALL-UNNAMED --add-opens=java.base/java.time=ALL-UNNAMED -Xmx2048m -Dfile.encoding=UTF-8 -Duser.country=IN -Duser.language=en -Duser.variant -javaagent:C:\Users\DELL\.gradle\wrapper\dists\gradle-9.4.1-bin\arn2x92ynaizyzdaamcbpbhtj\gradle-9.4.1\lib\agents\gradle-instrumentation-agent-9.4.1.jar 
java_command: org.gradle.launcher.daemon.bootstrap.GradleDaemon 9.4.1
java_class_path (initial): C:\Users\DELL\.gradle\wrapper\dists\gradle-9.4.1-bin\arn2x92ynaizyzdaamcbpbhtj\gradle-9.4.1\lib\gradle-daemon-main-9.4.1.jar
Launcher Type: SUN_STANDARD

[Global flags]
     intx CICompilerCount                          = 3                                         {product} {ergonomic}
     uint ConcGCThreads                            = 1                                         {product} {ergonomic}
     uint G1ConcRefinementThreads                  = 4                                         {product} {ergonomic}
   size_t G1HeapRegionSize                         = 1048576                                   {product} {ergonomic}
    uintx GCDrainStackTargetSize                   = 64                                        {product} {ergonomic}
   size_t InitialHeapSize                          = 132120576                                 {product} {ergonomic}
   size_t MarkStackSize                            = 4194304                                   {product} {ergonomic}
   size_t MaxHeapSize                              = 2147483648                                {product} {command line}
   size_t MaxNewSize                               = 1287651328                                {product} {ergonomic}
   size_t MinHeapDeltaBytes                        = 1048576                                   {product} {ergonomic}
   size_t MinHeapSize                              = 8388608                                   {product} {ergonomic}
    uintx NonNMethodCodeHeapSize                   = 5832780                                {pd product} {ergonomic}
    uintx NonProfiledCodeHeapSize                  = 122912730                              {pd product} {ergonomic}
    uintx ProfiledCodeHeapSize                     = 122912730                              {pd product} {ergonomic}
    uintx ReservedCodeCacheSize                    = 251658240                              {pd product} {ergonomic}
     bool SegmentedCodeCache                       = true                                      {product} {ergonomic}
   size_t SoftMaxHeapSize                          = 2147483648                             {manageable} {ergonomic}
     bool UseCompressedOops                        = true                           {product lp64_product} {ergonomic}
     bool UseG1GC                                  = true                                      {product} {ergonomic}
     bool UseLargePagesIndividualAllocation        = false                                  {pd product} {ergonomic}

Logging:
Log output configuration:
 #0: stdout all=warning uptime,level,tags foldmultilines=false
 #1: stderr all=off uptime,level,tags foldmultilines=false

Release file:
JAVA_VERSION="21.0.10" 
MODULES="java.base java.compiler java.datatransfer java.xml java.prefs java.desktop java.instrument java.logging java.management java.security.sasl java.naming java.rmi java.management.rmi java.net.http java.scripting java.security.jgss java.transaction.xa java.sql java.sql.rowset java.xml.crypto java.se java.smartcardio jdk.accessibility jdk.internal.jvmstat jdk.attach jdk.charsets jdk.internal.opt jdk.zipfs jdk.compiler jdk.crypto.ec jdk.crypto.cryptoki jdk.dynalink jdk.hotspot.agent jdk.httpserver jdk.internal.ed jdk.internal.le jdk.internal.vm.ci jdk.jartool jdk.javadoc jdk.jcmd jdk.jdeps jdk.jdwp.agent jdk.jdi jdk.jfr jdk.jlink jdk.jsobject jdk.localedata jdk.management jdk.management.agent jdk.management.jfr jdk.naming.dns jdk.naming.rmi jdk.net jdk.sctp jdk.security.auth jdk.security.jgss jdk.unsupported jdk.unsupported.desktop jdk.xml.dom" 
IMPLEMENTOR="JetBrains s.r.o." 
JAVA_RUNTIME_VERSION="21.0.10+-14961533-b1163.108" 
LIBC="default" 
OS_ARCH="x86_64" 
OS_NAME="Windows" 
SOURCE=".:git:1351622c2ff2" 

Environment Variables:
PATH=C:\Program Files\Common Files\Oracle\Java\javapath;C:\WINDOWS\system32;C:\WINDOWS;C:\WINDOWS\System32\Wbem;C:\WINDOWS\System32\WindowsPowerShell\v1.0\;C:\WINDOWS\System32\OpenSSH\;C:\Program Files\MongoDB\Server\8.0\bin;C:\MinGW\bin;C:\Program Files\nodejs\;C:\msys64\mingw64\bin;C:\Users\DELL\AppData\Local\Programs\Python\Launcher\;C:\Users\DELL\AppData\Local\Programs\Python\Python313\Scripts\;C:\Users\DELL\AppData\Local\Programs\Python\Python313\;C:\Users\DELL\AppData\Local\Programs\Python\Python312\Scripts\;C:\Users\DELL\AppData\Local\Programs\Python\Python312\;C:\Users\DELL\AppData\Local\Microsoft\WindowsApps;C:\Users\DELL\AppData\Local\Programs\Microsoft VS Code\bin;C:\Users\DELL\AppData\Local\JetBrains\IntelliJ IDEA Community Edition 2024.1.4\bin;;C:\Program Files\mingw-w64-v11.0.0\mingw-w64-v11.0.0;C:\MinGW\bin;C:\msys64\ucrt64\bin;C:\Users\DELL\AppData\Roaming\npm
USERNAME=DELL
OS=Windows_NT
PROCESSOR_IDENTIFIER=Intel64 Family 6 Model 142 Stepping 10, GenuineIntel
TMP=C:\Users\DELL\AppData\Local\Temp
TEMP=C:\Users\DELL\AppData\Local\Temp




Periodic native trim disabled

JNI global refs:
JNI global refs: 29, weak refs: 10

JNI global refs memory usage: 835, weak refs: 833

Process memory usage:
Resident Set Size: 618916K (7% of 8243644K total physical memory with 738532K free physical memory)

OOME stack traces (most recent first):
Classloader memory used:
Loader org.gradle.internal.classloader.VisitableURLClassLoader                         : 46195K
Loader org.gradle.internal.classloader.VisitableURLClassLoader$InstrumentingVisitableURLClassLoader: 36392K
Loader bootstrap                                                                       : 29280K
Loader org.gradle.initialization.MixInLegacyTypesClassLoader                           : 13350K
Loader jdk.internal.loader.ClassLoaders$AppClassLoader                                 : 8155K
Loader jdk.internal.loader.ClassLoaders$PlatformClassLoader                            : 644K
Loader jdk.internal.reflect.DelegatingClassLoader                                      : 385K
Loader jdk.internal.jrtfs.JrtFileSystemProvider$JrtFsLoader                            : 294K
Loader org.gradle.internal.classloader.VisitableURLClassLoader                         : 205K
Loader org.gradle.groovy.scripts.internal.DefaultScriptCompilationHandler$ScriptClassLoader: 129K

Classes loaded by more than one classloader:
Class Program                                                                         : loaded 5 times (x 72B)
Class Build_gradle                                                                    : loaded 3 times (x 126B)
Class com.google.common.collect.RegularImmutableMap$KeySet                            : loaded 2 times (x 152B)
Class org.gradle.internal.classloader.FilteringClassLoader                            : loaded 2 times (x 105B)
Class jdk.internal.jimage.BasicImageReader                                            : loaded 2 times (x 95B)
Class com.google.common.base.CharMatcher$IsEither                                     : loaded 2 times (x 111B)
Class org.gradle.internal.classloader.ClassLoaderHierarchy                            : loaded 2 times (x 70B)
Class com.google.common.collect.ImmutableEnumSet                                      : loaded 2 times (x 146B)
Class com.google.common.util.concurrent.ExecutionError                                : loaded 2 times (x 82B)
Class com.google.common.collect.ImmutableList$1                                       : loaded 2 times (x 97B)
Class ijJvmDebugger1_858lgih2bb2q0e27cpsinjh49$_run_closure1                          : loaded 2 times (x 139B)
Class com.google.common.io.ByteArrayDataOutput                                        : loaded 2 times (x 70B)
Class com.google.common.collect.RegularImmutableMap                                   : loaded 2 times (x 121B)
Class com.google.common.collect.ImmutableMap$MapViewOfValuesAsSingletonSets           : loaded 2 times (x 126B)
Class [Lorg.objectweb.asm.Symbol;                                                     : loaded 2 times (x 69B)
Class org.objectweb.asm.ClassVisitor                                                  : loaded 2 times (x 88B)
Class com.google.common.collect.UnmodifiableListIterator                              : loaded 2 times (x 95B)
Class com.google.common.base.Platform$JdkPatternCompiler                              : loaded 2 times (x 75B)
Class org.objectweb.asm.MethodTooLargeException                                       : loaded 2 times (x 83B)
Class [Lcom.google.common.cache.CacheBuilder$OneWeigher;                              : loaded 2 times (x 69B)
Class com.google.common.base.Suppliers                                                : loaded 2 times (x 71B)
Class org.gradle.internal.classloader.DefaultClassLoaderFactory                       : loaded 2 times (x 82B)
Class [Lcom.google.common.collect.ImmutableMapEntry;                                  : loaded 2 times (x 69B)
Class com.google.common.collect.ListMultimap                                          : loaded 2 times (x 70B)
Class com.google.common.collect.ImmutableEnumMap                                      : loaded 2 times (x 126B)
Class com.google.common.collect.Sets$1                                                : loaded 2 times (x 139B)
Class org.objectweb.asm.AnnotationVisitor                                             : loaded 2 times (x 78B)
Class org.gradle.api.internal.DefaultClassPathProvider                                : loaded 2 times (x 76B)
Class com.google.common.collect.Sets$2                                                : loaded 2 times (x 139B)
Class [Lorg.gradle.api.internal.ClassPathProvider;                                    : loaded 2 times (x 69B)
Class org.gradle.api.internal.ClassPathProvider                                       : loaded 2 times (x 70B)
Class [Lorg.objectweb.asm.AnnotationVisitor;                                          : loaded 2 times (x 69B)
Class com.google.common.collect.Sets$3                                                : loaded 2 times (x 139B)
Class com.google.common.cache.LocalCache$LocalLoadingCache                            : loaded 2 times (x 134B)
Class org.gradle.internal.service.UnknownServiceException                             : loaded 2 times (x 83B)
Class com.google.common.io.ByteArrayDataInput                                         : loaded 2 times (x 70B)
Class com.google.common.collect.Sets$4                                                : loaded 2 times (x 139B)
Class org.objectweb.asm.ModuleVisitor                                                 : loaded 2 times (x 81B)
Class com.google.common.cache.LocalCache$Strength$1                                   : loaded 2 times (x 81B)
Class com.google.common.util.concurrent.SettableFuture                                : loaded 2 times (x 114B)
Class com.google.common.cache.LocalCache$Strength$2                                   : loaded 2 times (x 81B)
Class com.google.common.io.ByteStreams                                                : loaded 2 times (x 71B)
Class com.google.common.cache.LocalCache$Strength$3                                   : loaded 2 times (x 81B)
Class com.google.common.collect.MapDifference                                         : loaded 2 times (x 70B)
Class org.objectweb.asm.FieldWriter                                                   : loaded 2 times (x 78B)
Class com.google.common.cache.CacheBuilder$NullListener                               : loaded 2 times (x 82B)
Class org.gradle.internal.classpath.TransformedClassPath                              : loaded 2 times (x 96B)
Class org.gradle.internal.classloader.InstrumentingClassLoader                        : loaded 2 times (x 70B)
Class com.google.common.cache.CacheLoader$FunctionToCacheLoader                       : loaded 2 times (x 75B)
Class com.google.common.collect.Iterators$ArrayItr                                    : loaded 2 times (x 97B)
Class com.google.common.collect.ImmutableCollection$Builder                           : loaded 2 times (x 76B)
Class com.google.common.base.Joiner                                                   : loaded 2 times (x 79B)
Class com.google.common.base.MoreObjects                                              : loaded 2 times (x 71B)
Class com.google.common.collect.Platform                                              : loaded 2 times (x 71B)
Class [Lorg.objectweb.asm.Type;                                                       : loaded 2 times (x 69B)
Class com.google.common.collect.UnmodifiableIterator                                  : loaded 2 times (x 80B)
Class com.google.common.base.Equivalence$Identity                                     : loaded 2 times (x 82B)
Class jdk.internal.jrtfs.JrtFileSystemProvider                                        : loaded 2 times (x 101B)
Class com.google.common.base.Ascii                                                    : loaded 2 times (x 71B)
Class com.google.common.collect.SingletonImmutableBiMap                               : loaded 2 times (x 143B)
Class com.google.common.cache.LocalCache$1                                            : loaded 2 times (x 89B)
Class com.google.common.collect.Iterators$SingletonIterator                           : loaded 2 times (x 81B)
Class com.google.common.collect.AbstractMapEntry                                      : loaded 2 times (x 81B)
Class com.google.common.collect.Sets$ImprovedAbstractSet                              : loaded 2 times (x 135B)
Class com.google.common.collect.ImmutableList$Builder                                 : loaded 2 times (x 77B)
Class com.google.common.collect.AbstractMultimap                                      : loaded 2 times (x 123B)
Class com.google.common.cache.LocalCache$2                                            : loaded 2 times (x 142B)
Class ijJvmDebugger1_858lgih2bb2q0e27cpsinjh49$_run_closure1$_closure2                : loaded 2 times (x 140B)
Class com.google.common.collect.RegularImmutableAsList                                : loaded 2 times (x 217B)
Class com.google.common.util.concurrent.AbstractFuture$Trusted                        : loaded 2 times (x 70B)
Class com.google.common.collect.Iterators                                             : loaded 2 times (x 71B)
Class jdk.internal.jimage.ImageLocation                                               : loaded 2 times (x 90B)
Class com.google.common.collect.Lists$StringAsImmutableList                           : loaded 2 times (x 207B)
Class com.google.common.util.concurrent.UncheckedExecutionException                   : loaded 2 times (x 82B)
Class org.gradle.kotlin.dsl.VersionCatalogAccessorsKt                                 : loaded 2 times (x 71B)
Class jdk.internal.jimage.ImageBufferCache$1                                          : loaded 2 times (x 83B)
Class com.google.common.collect.AbstractMapBasedMultimap$KeySet$1                     : loaded 2 times (x 82B)
Class org.objectweb.asm.ClassWriter                                                   : loaded 2 times (x 106B)
Class com.google.common.base.CharMatcher$And                                          : loaded 2 times (x 112B)
Class com.google.common.cache.CacheLoader$UnsupportedLoadingOperationException        : loaded 2 times (x 82B)
Class jdk.internal.jimage.ImageBufferCache$2                                          : loaded 2 times (x 91B)
Class com.google.common.base.Objects                                                  : loaded 2 times (x 71B)
Class org.objectweb.asm.FieldVisitor                                                  : loaded 2 times (x 77B)
Class com.google.common.collect.IndexedImmutableSet                                   : loaded 2 times (x 152B)
Class com.google.common.collect.ImmutableMap$1                                        : loaded 2 times (x 81B)
Class com.google.common.collect.BiMap                                                 : loaded 2 times (x 70B)
Class org.gradle.api.internal.classpath.DefaultModuleRegistry$DefaultModule           : loaded 2 times (x 82B)
Class com.google.common.primitives.Ints                                               : loaded 2 times (x 71B)
Class com.google.common.collect.AbstractIterator                                      : loaded 2 times (x 82B)
Class com.google.common.collect.ObjectArrays                                          : loaded 2 times (x 71B)
Class com.google.common.math.MathPreconditions                                        : loaded 2 times (x 71B)
Class com.google.common.collect.Multiset                                              : loaded 2 times (x 70B)
Class com.google.common.collect.ArrayListMultimapGwtSerializationDependencies         : loaded 2 times (x 172B)
Class com.google.common.collect.AbstractIndexedListIterator                           : loaded 2 times (x 96B)
Class com.google.common.collect.ImmutableMapEntrySet                                  : loaded 2 times (x 152B)
Class org.gradle.api.internal.classpath.Module                                        : loaded 2 times (x 70B)
Class com.google.common.cache.Weigher                                                 : loaded 2 times (x 70B)
Class org.gradle.api.internal.classpath.UnknownModuleException                        : loaded 2 times (x 82B)
Class jdk.internal.jimage.ImageHeader                                                 : loaded 2 times (x 71B)
Class com.google.common.base.Stopwatch                                                : loaded 2 times (x 72B)
Class com.google.common.cache.LocalCache$Strength                                     : loaded 2 times (x 81B)
Class com.google.common.cache.Cache                                                   : loaded 2 times (x 70B)
Class com.google.common.util.concurrent.AbstractFuture$Cancellation                   : loaded 2 times (x 72B)
Class com.google.common.collect.ImmutableMap$Builder                                  : loaded 2 times (x 82B)
Class com.google.common.cache.RemovalListener                                         : loaded 2 times (x 70B)
Class org.gradle.api.internal.DefaultClassPathRegistry                                : loaded 2 times (x 76B)
Class com.google.common.primitives.IntsMethodsForWeb                                  : loaded 2 times (x 71B)
Class com.google.common.collect.Multimap                                              : loaded 2 times (x 70B)
Class org.gradle.internal.classpath.DefaultClassPath$ImmutableUniqueList              : loaded 2 times (x 199B)
Class org.gradle.api.internal.ClassPathRegistry                                       : loaded 2 times (x 70B)
Class com.google.common.base.ExtraObjectsMethodsForWeb                                : loaded 2 times (x 71B)
Class org.gradle.internal.service.ServiceLocator                                      : loaded 2 times (x 70B)
Class com.google.common.cache.CacheBuilder                                            : loaded 2 times (x 72B)
Class com.google.common.collect.SingletonImmutableList                                : loaded 2 times (x 207B)
Class Settings_gradle$1                                                               : loaded 2 times (x 74B)
Class org.gradle.internal.classpath.ClassPath                                         : loaded 2 times (x 70B)
Class com.google.common.base.JdkPattern                                               : loaded 2 times (x 75B)
Class com.google.common.collect.ImmutableList$ReverseImmutableList                    : loaded 2 times (x 209B)
Class org.objectweb.asm.SymbolTable$Entry                                             : loaded 2 times (x 74B)
Class org.gradle.api.internal.classpath.DefaultModuleRegistry$DefaultModuleAlias      : loaded 2 times (x 80B)
Class jdk.internal.jimage.ImageStringsReader                                          : loaded 2 times (x 80B)
Class org.objectweb.asm.Edge                                                          : loaded 2 times (x 72B)
Class com.google.common.base.Suppliers$SupplierOfInstance                             : loaded 2 times (x 79B)
Class com.google.common.collect.Iterators$1                                           : loaded 2 times (x 81B)
Class com.google.common.cache.LocalCache$ComputingValueReference                      : loaded 2 times (x 96B)
Class com.google.common.collect.SingletonImmutableSet                                 : loaded 2 times (x 146B)
Class com.google.common.collect.ImmutableMap$IteratorBasedImmutableMap                : loaded 2 times (x 126B)
Class jdk.internal.jimage.ImageReader                                                 : loaded 2 times (x 75B)
Class com.google.common.cache.LocalCache$Segment                                      : loaded 2 times (x 154B)
Class jdk.internal.jimage.ImageReader$SharedImageReader                               : loaded 2 times (x 95B)
Class com.google.common.collect.AbstractListMultimap                                  : loaded 2 times (x 172B)
Class [Lorg.objectweb.asm.SymbolTable$Entry;                                          : loaded 2 times (x 69B)
Class com.google.common.cache.CacheLoader                                             : loaded 2 times (x 74B)
Class com.google.common.collect.Iterators$4                                           : loaded 2 times (x 82B)
Class com.google.common.collect.ImmutableBiMap                                        : loaded 2 times (x 143B)
Class org.gradle.api.internal.classpath.ModuleRegistry                                : loaded 2 times (x 70B)
Class org.gradle.internal.installation.GradleInstallation$1                           : loaded 2 times (x 75B)
Class com.google.common.collect.ImmutableSet$JdkBackedSetBuilderImpl                  : loaded 2 times (x 76B)
Class com.google.common.util.concurrent.internal.InternalFutureFailureAccess          : loaded 2 times (x 72B)
Class com.google.common.collect.Iterators$5                                           : loaded 2 times (x 82B)
Class com.google.common.base.CharMatcher$ForPredicate                                 : loaded 2 times (x 112B)
Class com.google.common.cache.LocalCache$LocalManualCache$1                           : loaded 2 times (x 75B)
Class ijKotlinCoroutineJvmDebugInit1_7ur5bwen8i9sx3ssfdbh6sgvx$_run_closure1$_closure2: loaded 2 times (x 139B)
Class jdk.internal.jimage.ImageReader$Node                                            : loaded 2 times (x 84B)
Class com.google.common.base.CharMatcher$AnyOf                                        : loaded 2 times (x 112B)
Class com.google.common.collect.ImmutableCollection                                   : loaded 2 times (x 125B)
Class org.gradle.api.internal.classpath.DefaultModuleRegistry                         : loaded 2 times (x 84B)
Class jdk.internal.jimage.BasicImageReader$1                                          : loaded 2 times (x 77B)
Class com.google.common.collect.Lists                                                 : loaded 2 times (x 71B)
Class com.google.common.util.concurrent.ListenableFuture                              : loaded 2 times (x 70B)
Class com.google.common.cache.ReferenceEntry                                          : loaded 2 times (x 70B)
Class com.google.common.base.Converter                                                : loaded 2 times (x 90B)
Class com.google.common.collect.ImmutableSet$CachingAsList                            : loaded 2 times (x 148B)
Class com.google.common.collect.AbstractMapBasedMultimap                              : loaded 2 times (x 139B)
Class com.google.common.util.concurrent.AbstractFuture                                : loaded 2 times (x 106B)
Class com.google.common.base.FunctionalEquivalence                                    : loaded 2 times (x 83B)
Class com.google.common.collect.Iterators$9                                           : loaded 2 times (x 81B)
Class com.google.common.collect.ImmutableAsList                                       : loaded 2 times (x 209B)
Class org.objectweb.asm.RecordComponentVisitor                                        : loaded 2 times (x 77B)
Class com.google.common.cache.CacheLoader$SupplierToCacheLoader                       : loaded 2 times (x 75B)
Class jdk.internal.jimage.decompressor.Decompressor                                   : loaded 2 times (x 72B)
Class org.gradle.internal.service.ServiceLookupException                              : loaded 2 times (x 82B)
Class [Lcom.google.common.cache.LocalCache$EntryFactory;                              : loaded 2 times (x 69B)
Class org.gradle.internal.classloader.ClassLoaderFactory                              : loaded 2 times (x 70B)
Class com.google.common.base.CommonPattern                                            : loaded 2 times (x 74B)
Class com.google.common.base.CharMatcher$IsNot                                        : loaded 2 times (x 111B)
Class com.google.common.cache.LocalCache$LocalManualCache                             : loaded 2 times (x 99B)
Class org.gradle.internal.service.CachingServiceLocator                               : loaded 2 times (x 82B)
Class com.google.common.collect.AbstractMapBasedMultimap$KeySet                       : loaded 2 times (x 137B)
Class com.google.common.math.IntMath                                                  : loaded 2 times (x 71B)
Class com.google.common.collect.ImmutableMapEntry                                     : loaded 2 times (x 85B)
Class com.google.common.base.Equivalence                                              : loaded 2 times (x 82B)
Class com.google.common.base.Function                                                 : loaded 2 times (x 70B)
Class com.google.common.collect.ImmutableMapEntry$NonTerminalImmutableMapEntry        : loaded 2 times (x 85B)
Class com.google.common.collect.IndexedImmutableSet$1                                 : loaded 2 times (x 213B)
Class com.google.common.cache.CacheBuilder$OneWeigher                                 : loaded 2 times (x 82B)
Class com.google.common.collect.RegularImmutableList                                  : loaded 2 times (x 213B)
Class jdk.internal.jimage.ImageBufferCache                                            : loaded 2 times (x 71B)
Class jdk.internal.jrtfs.JrtPath                                                      : loaded 2 times (x 118B)
Class org.gradle.internal.classloader.ClasspathUtil                                   : loaded 2 times (x 71B)
Class com.google.common.util.concurrent.Uninterruptibles                              : loaded 2 times (x 71B)
Class com.google.common.util.concurrent.LazyLogger                                    : loaded 2 times (x 72B)
Class com.google.common.collect.Maps                                                  : loaded 2 times (x 71B)
Class org.gradle.api.specs.Spec                                                       : loaded 2 times (x 70B)
Class [Lcom.google.common.collect.ImmutableEntry;                                     : loaded 2 times (x 69B)
Class com.google.common.cache.LocalCache$LoadingValueReference                        : loaded 2 times (x 96B)
Class com.google.common.base.Platform                                                 : loaded 2 times (x 71B)
Class jdk.internal.jimage.ImageReader$Directory                                       : loaded 2 times (x 84B)
Class [Lorg.objectweb.asm.AnnotationWriter;                                           : loaded 2 times (x 69B)
Class com.google.common.collect.Maps$8                                                : loaded 2 times (x 82B)
Class com.google.common.collect.Sets$SetView                                          : loaded 2 times (x 138B)
Class com.google.common.cache.LocalCache$StrongValueReference                         : loaded 2 times (x 90B)
Class org.objectweb.asm.Type                                                          : loaded 2 times (x 72B)
Class org.gradle.internal.classloader.VisitableURLClassLoader$InstrumentingVisitableURLClassLoader: loaded 2 times (x 123B)
Class com.google.common.math.IntMath$1                                                : loaded 2 times (x 71B)
Class org.objectweb.asm.ByteVector                                                    : loaded 2 times (x 79B)
Class [Lcom.google.common.cache.CacheBuilder$NullListener;                            : loaded 2 times (x 69B)
Class org.gradle.internal.classloader.VisitableURLClassLoader$Spec                    : loaded 2 times (x 74B)
Class org.gradle.internal.classpath.DefaultClassPath                                  : loaded 2 times (x 90B)
Class org.objectweb.asm.Symbol                                                        : loaded 2 times (x 73B)
Class ijKotlinCoroutineJvmDebugInit1_7ur5bwen8i9sx3ssfdbh6sgvx$_run_closure1          : loaded 2 times (x 139B)
Class com.google.common.io.Closer                                                     : loaded 2 times (x 78B)
Class com.google.common.base.CharMatcher$BitSetMatcher                                : loaded 2 times (x 112B)
Class com.google.common.collect.RegularImmutableMap$Values                            : loaded 2 times (x 207B)
Class com.google.common.collect.ImmutableSet                                          : loaded 2 times (x 145B)
Class org.gradle.internal.classloader.ClassLoaderSpec                                 : loaded 2 times (x 71B)
Class org.objectweb.asm.AnnotationWriter                                              : loaded 2 times (x 79B)
Class com.google.common.cache.CacheStats                                              : loaded 2 times (x 71B)
Class com.google.common.io.Closer$Suppressor                                          : loaded 2 times (x 70B)
Class org.objectweb.asm.RecordComponentWriter                                         : loaded 2 times (x 78B)
Class com.google.common.util.concurrent.AbstractFuture$Listener                       : loaded 2 times (x 72B)
Class com.google.common.base.CharMatcher$Or                                           : loaded 2 times (x 112B)
Class Settings_gradle$1$1                                                             : loaded 2 times (x 74B)
Class ijKotlinCoroutineJvmDebugInit1_7ur5bwen8i9sx3ssfdbh6sgvx                        : loaded 2 times (x 171B)
Class org.gradle.api.internal.classpath.Module$ModuleAlias                            : loaded 2 times (x 70B)
Class org.objectweb.asm.Attribute                                                     : loaded 2 times (x 77B)
Class com.google.common.base.Supplier                                                 : loaded 2 times (x 70B)
Class org.gradle.internal.classloader.VisitableURLClassLoader                         : loaded 2 times (x 117B)
Class Settings_gradle                                                                 : loaded 2 times (x 124B)
Class org.gradle.internal.Cast                                                        : loaded 2 times (x 71B)
Class org.gradle.api.Action                                                           : loaded 2 times (x 70B)
Class com.google.common.base.Strings                                                  : loaded 2 times (x 71B)
Class com.google.common.collect.Sets                                                  : loaded 2 times (x 71B)
Class org.objectweb.asm.Handler                                                       : loaded 2 times (x 72B)
Class com.google.common.base.CharMatcher$FastMatcher                                  : loaded 2 times (x 111B)
Class com.google.common.base.Ticker                                                   : loaded 2 times (x 72B)
Class [Lcom.google.common.cache.LocalCache$Segment;                                   : loaded 2 times (x 69B)
Class com.google.common.base.Predicate                                                : loaded 2 times (x 70B)
Class [Lcom.google.common.cache.LocalCache$Strength;                                  : loaded 2 times (x 69B)
Class com.google.common.cache.CacheBuilder$1                                          : loaded 2 times (x 85B)
Class com.google.common.collect.ImmutableMap                                          : loaded 2 times (x 120B)
Class org.gradle.internal.classpath.DefaultClassPath$ImmutableUniqueList$Builder      : loaded 2 times (x 75B)
Class com.google.common.base.CharMatcher$NegatedFastMatcher                           : loaded 2 times (x 113B)
Class com.google.common.cache.LocalCache                                              : loaded 2 times (x 187B)
Class com.google.common.cache.CacheBuilder$2                                          : loaded 2 times (x 79B)
Class com.google.common.collect.ArrayListMultimap                                     : loaded 2 times (x 172B)
Class com.google.common.cache.CacheBuilder$3                                          : loaded 2 times (x 72B)
Class [Lcom.google.common.collect.AbstractMapEntry;                                   : loaded 2 times (x 69B)
Class com.google.common.collect.ImmutableEntry                                        : loaded 2 times (x 82B)
Class org.gradle.api.GradleException                                                  : loaded 2 times (x 82B)
Class jdk.internal.jimage.ImageStrings                                                : loaded 2 times (x 70B)
Class com.google.common.base.Suppliers$MemoizingSupplier                              : loaded 2 times (x 79B)
Class com.google.common.collect.CollectPreconditions                                  : loaded 2 times (x 71B)
Class com.google.common.collect.SortedMapDifference                                   : loaded 2 times (x 70B)
Class com.google.common.cache.LocalCache$EntryFactory                                 : loaded 2 times (x 83B)
Class com.google.common.cache.LocalCache$AbstractReferenceEntry                       : loaded 2 times (x 107B)
Class org.gradle.internal.IoActions                                                   : loaded 2 times (x 71B)
Class org.objectweb.asm.SymbolTable                                                   : loaded 2 times (x 72B)
Class com.google.common.cache.CacheLoader$InvalidCacheLoadException                   : loaded 2 times (x 82B)
Class com.google.common.collect.ImmutableSet$RegularSetBuilderImpl                    : loaded 2 times (x 77B)
Class com.google.common.cache.LocalCache$StrongEntry                                  : loaded 2 times (x 108B)
Class com.google.common.util.concurrent.AbstractFuture$TrustedFuture                  : loaded 2 times (x 114B)
Class com.google.common.cache.LoadingCache                                            : loaded 2 times (x 70B)
Class jdk.internal.jrtfs.JrtFileSystem                                                : loaded 2 times (x 102B)
Class com.google.common.io.ByteStreams$LimitedInputStream                             : loaded 2 times (x 92B)
Class com.google.common.base.Suppliers$NonSerializableMemoizingSupplier               : loaded 2 times (x 79B)
Class org.objectweb.asm.MethodWriter                                                  : loaded 2 times (x 106B)
Class [Lcom.google.common.cache.Weigher;                                              : loaded 2 times (x 69B)
Class com.google.common.collect.RegularImmutableMap$BucketOverflowException           : loaded 2 times (x 82B)
Class com.google.common.collect.RegularImmutableBiMap                                 : loaded 2 times (x 149B)
Class com.google.common.base.CharMatcher$Negated                                      : loaded 2 times (x 113B)
Class com.google.common.base.CharMatcher$Is                                           : loaded 2 times (x 111B)
Class com.google.common.cache.LocalCache$ValueReference                               : loaded 2 times (x 70B)
Class com.google.common.base.PatternCompiler                                          : loaded 2 times (x 70B)
Class com.google.common.util.concurrent.AbstractFuture$Failure                        : loaded 2 times (x 72B)
Class com.google.common.base.Equivalence$Equals                                       : loaded 2 times (x 82B)
Class com.google.common.collect.Hashing                                               : loaded 2 times (x 71B)
Class com.google.common.base.Preconditions                                            : loaded 2 times (x 71B)
Class com.google.common.base.Joiner$1                                                 : loaded 2 times (x 80B)
Class org.objectweb.asm.Label                                                         : loaded 2 times (x 73B)
Class org.objectweb.asm.CurrentFrame                                                  : loaded 2 times (x 73B)
Class org.objectweb.asm.ClassTooLargeException                                        : loaded 2 times (x 83B)
Class com.google.common.base.CharMatcher                                              : loaded 2 times (x 111B)
Class com.google.common.collect.PeekingIterator                                       : loaded 2 times (x 70B)
Class com.google.common.collect.Maps$IteratorBasedAbstractMap                         : loaded 2 times (x 125B)
Class com.google.common.base.Joiner$2                                                 : loaded 2 times (x 79B)
Class org.objectweb.asm.Frame                                                         : loaded 2 times (x 73B)
Class org.objectweb.asm.MethodVisitor                                                 : loaded 2 times (x 105B)
Class com.google.common.base.CharMatcher$1                                            : loaded 2 times (x 113B)
Class com.google.common.base.CharMatcher$NamedFastMatcher                             : loaded 2 times (x 112B)
Class com.google.common.cache.LocalCache$EntryFactory$1                               : loaded 2 times (x 83B)
Class [Lcom.google.common.cache.RemovalListener;                                      : loaded 2 times (x 69B)
Class com.google.common.cache.LocalCache$EntryFactory$2                               : loaded 2 times (x 83B)
Class org.objectweb.asm.ModuleWriter                                                  : loaded 2 times (x 82B)
Class com.google.common.cache.LocalCache$EntryFactory$3                               : loaded 2 times (x 83B)
Class com.google.common.base.Ticker$1                                                 : loaded 2 times (x 72B)
Class com.google.common.collect.Maps$BiMapConverter                                   : loaded 2 times (x 90B)
Class com.google.common.collect.ImmutableMapEntrySet$RegularEntrySet                  : loaded 2 times (x 152B)
Class com.google.common.collect.ImmutableSet$Builder                                  : loaded 2 times (x 85B)
Class com.google.common.base.CharMatcher$InRange                                      : loaded 2 times (x 111B)
Class com.google.common.cache.LocalCache$EntryFactory$4                               : loaded 2 times (x 83B)
Class com.google.common.io.ByteStreams$1                                              : loaded 2 times (x 85B)
Class com.google.common.cache.LocalCache$EntryFactory$5                               : loaded 2 times (x 83B)
Class com.google.common.base.PairwiseEquivalence                                      : loaded 2 times (x 83B)
Class com.google.common.cache.LocalCache$EntryFactory$6                               : loaded 2 times (x 83B)
Class org.gradle.internal.installation.CurrentGradleInstallationLocator               : loaded 2 times (x 71B)
Class com.google.common.collect.Maps$KeySet                                           : loaded 2 times (x 137B)
Class com.google.common.collect.ImmutableSet$EmptySetBuilderImpl                      : loaded 2 times (x 76B)
Class com.google.common.cache.LocalCache$EntryFactory$7                               : loaded 2 times (x 83B)
Class com.google.common.collect.ImmutableList                                         : loaded 2 times (x 206B)
Class ijJvmDebugger1_858lgih2bb2q0e27cpsinjh49                                        : loaded 2 times (x 171B)
Class org.gradle.internal.service.DefaultServiceLocator                               : loaded 2 times (x 83B)
Class com.google.common.cache.LocalCache$EntryFactory$8                               : loaded 2 times (x 83B)
Class com.google.common.collect.ImmutableSet$SetBuilderImpl                           : loaded 2 times (x 76B)
Class org.gradle.internal.installation.CurrentGradleInstallation                      : loaded 2 times (x 73B)
Class com.google.common.cache.CacheLoader$1                                           : loaded 2 times (x 75B)
Class com.google.common.collect.ForwardingObject                                      : loaded 2 times (x 72B)
Class com.google.common.collect.ImmutableList$SubList                                 : loaded 2 times (x 209B)
Class org.gradle.util.internal.GUtil                                                  : loaded 2 times (x 71B)
Class com.google.common.cache.AbstractCache$StatsCounter                              : loaded 2 times (x 70B)
Class com.google.common.collect.Iterators$MergingIterator                             : loaded 2 times (x 81B)
Class com.google.common.collect.RegularImmutableSet                                   : loaded 2 times (x 149B)
Class org.gradle.internal.installation.GradleInstallation                             : loaded 2 times (x 75B)
Class com.google.common.collect.Iterables                                             : loaded 2 times (x 71B)

---------------  S Y S T E M  ---------------

OS:
 Windows 11 , 64 bit Build 26100 (10.0.26100.6725)
OS uptime: 0 days 1:36 hours
Hyper-V role detected

CPU: total 4 (initial active 4) (4 cores per cpu, 2 threads per core) family 6 model 142 stepping 10 microcode 0xf4, cx8, cmov, fxsr, ht, mmx, 3dnowpref, sse, sse2, sse3, ssse3, sse4.1, sse4.2, popcnt, lzcnt, tsc, tscinvbit, avx, avx2, aes, erms, clmul, bmi1, bmi2, rtm, adx, fma, vzeroupper, clflush, clflushopt, hv, rdtscp, f16c
Processor Information for the first 4 processors :
  Max Mhz: 1896, Current Mhz: 1896, Mhz Limit: 1896

Memory: 4k page, system-wide physical 8050M (721M free)
TotalPageFile size 8050M (AvailPageFile size 114M)
current process WorkingSet (physical memory assigned to process): 604M, peak: 604M
current process commit charge ("private bytes"): 659M, peak: 796M

vm_info: OpenJDK 64-Bit Server VM (21.0.10+-14961533-b1163.108) for windows-amd64 JRE (21.0.10+-14961533-b1163.108), built on 2026-03-02T19:58:50Z by "builder" with MS VC++ 16.10 / 16.11 (VS2019)

END.
