#
# There is insufficient memory for the Java Runtime Environment to continue.
# Native memory allocation (mmap) failed to map 31457280 bytes. Error detail: G1 virtual space
# Possible reasons:
#   The system is out of physical RAM or swap space
#   This process is running with CompressedOops enabled, and the Java Heap may be blocking the growth of the native heap
# Possible solutions:
#   Reduce memory load on the system
#   Increase physical memory or swap space
#   Check if swap backing store is full
#   Decrease Java heap size (-Xmx/-Xms)
#   Decrease number of Java threads
#   Decrease Java thread stack sizes (-Xss)
#   Set larger code cache with -XX:ReservedCodeCacheSize=
#   JVM is running with Unscaled Compressed Oops mode in which the Java heap is
#     placed in the first 4GB address space. The Java Heap base address is the
#     maximum limit for the native heap growth. Please use -XX:HeapBaseMinAddress
#     to set the Java Heap base and to place the Java Heap above 4GB virtual address.
# This output file may be truncated or incomplete.
#
#  Out of Memory Error (os_windows.cpp:3926), pid=19560, tid=4688
#
# JRE version: OpenJDK Runtime Environment (21.0.10) (build 21.0.10+-14961533-b1163.108)
# Java VM: OpenJDK 64-Bit Server VM (21.0.10+-14961533-b1163.108, mixed mode, tiered, compressed oops, compressed class ptrs, g1 gc, windows-amd64)
# No core dump will be written. Minidumps are not enabled by default on client versions of Windows
#

---------------  S U M M A R Y ------------

Command Line: --add-opens=java.base/java.lang=ALL-UNNAMED --add-opens=java.base/java.lang.invoke=ALL-UNNAMED --add-opens=java.base/java.util=ALL-UNNAMED --add-opens=java.prefs/java.util.prefs=ALL-UNNAMED --add-exports=jdk.compiler/com.sun.tools.javac.api=ALL-UNNAMED --add-exports=jdk.compiler/com.sun.tools.javac.util=ALL-UNNAMED --add-opens=java.base/java.util=ALL-UNNAMED --add-opens=java.prefs/java.util.prefs=ALL-UNNAMED --add-opens=java.base/java.nio.charset=ALL-UNNAMED --add-opens=java.base/java.net=ALL-UNNAMED --add-opens=java.base/java.util.concurrent=ALL-UNNAMED --add-opens=java.base/java.util.concurrent.atomic=ALL-UNNAMED --add-opens=java.xml/javax.xml.namespace=ALL-UNNAMED --add-opens=java.base/java.time=ALL-UNNAMED -Xmx2048m -Dfile.encoding=UTF-8 -Duser.country=IN -Duser.language=en -Duser.variant -javaagent:C:\Users\DELL\.gradle\wrapper\dists\gradle-9.4.1-bin\arn2x92ynaizyzdaamcbpbhtj\gradle-9.4.1\lib\agents\gradle-instrumentation-agent-9.4.1.jar org.gradle.launcher.daemon.bootstrap.GradleDaemon 9.4.1

Host: Intel(R) Core(TM) i5-8350U CPU @ 1.70GHz, 4 cores, 7G,  Windows 11 , 64 bit Build 26100 (10.0.26100.6725)
Time: Fri May 29 21:33:01 2026 India Standard Time elapsed time: 29.551726 seconds (0d 0h 0m 29s)

---------------  T H R E A D  ---------------

Current thread (0x00000236ea8648f0):  VMThread "VM Thread"          [id=4688, stack(0x0000004b05900000,0x0000004b05a00000) (1024K)]

Stack: [0x0000004b05900000,0x0000004b05a00000]
Native frames: (J=compiled Java code, j=interpreted, Vv=VM code, C=native code)
V  [jvm.dll+0x6d78a9]
V  [jvm.dll+0x8665b3]
V  [jvm.dll+0x868bde]
V  [jvm.dll+0x8692c3]
V  [jvm.dll+0x280ee6]
V  [jvm.dll+0x6d4165]
V  [jvm.dll+0x6c77fa]
V  [jvm.dll+0x358f4b]
V  [jvm.dll+0x360bc6]
V  [jvm.dll+0x3b2ea6]
V  [jvm.dll+0x3b3178]
V  [jvm.dll+0x32b65c]
V  [jvm.dll+0x32e066]
V  [jvm.dll+0x337f3d]
V  [jvm.dll+0x36f6a5]
V  [jvm.dll+0x86f048]
V  [jvm.dll+0x870394]
V  [jvm.dll+0x8708d0]
V  [jvm.dll+0x870b63]
V  [jvm.dll+0x80fd28]
V  [jvm.dll+0x6d60fd]
C  [ucrtbase.dll+0x37b0]
C  [KERNEL32.DLL+0x2e8d7]
C  [ntdll.dll+0x8c53c]

VM_Operation (0x0000004b054ff850): G1PauseRemark, mode: safepoint, requested by thread 0x00000236d3a954f0


---------------  P R O C E S S  ---------------

Threads class SMR info:
_java_thread_list=0x00000236f2f60320, length=53, elements={
0x00000236d3a29e60, 0x00000236eaa2bd70, 0x00000236eaa3f650, 0x00000236eaa31a40,
0x00000236eaa526d0, 0x00000236eaa53130, 0x00000236eaa55a10, 0x00000236eaa56d40,
0x00000236eaa68210, 0x00000236eaa69fc0, 0x00000236ead928c0, 0x00000236f1e1ef60,
0x00000236efc072e0, 0x00000236f1f56ce0, 0x00000236f1f89970, 0x00000236effa98a0,
0x00000236f1e45cd0, 0x00000236f2086350, 0x00000236f2087070, 0x00000236f2087700,
0x00000236f20869e0, 0x00000236f2087d90, 0x00000236f2088420, 0x00000236f2088ab0,
0x00000236f31c3d80, 0x00000236f31c5130, 0x00000236f31c4410, 0x00000236f31c1cb0,
0x00000236f31c2340, 0x00000236f31c5e50, 0x00000236f31c85b0, 0x00000236f31c7200,
0x00000236f31c6b70, 0x00000236f31c8c40, 0x00000236f31c7890, 0x00000236f387e850,
0x00000236f387eee0, 0x00000236f387fc00, 0x00000236f3880920, 0x00000236f387d4a0,
0x00000236f3884430, 0x00000236f31c57c0, 0x00000236f3941f20, 0x00000236f63eb7a0,
0x00000236f0aabe90, 0x00000236f0aab800, 0x00000236f0aaf9a0, 0x00000236f0aac520,
0x00000236f0aadf60, 0x00000236f0aad240, 0x00000236f0ab0030, 0x00000236f0aad8d0,
0x00000236f367c640
}

Java Threads: ( => current thread )
  0x00000236d3a29e60 JavaThread "main"                              [_thread_blocked, id=16136, stack(0x0000004b05200000,0x0000004b05300000) (1024K)]
  0x00000236eaa2bd70 JavaThread "Common-Cleaner"             daemon [_thread_blocked, id=13624, stack(0x0000004b05a00000,0x0000004b05b00000) (1024K)]
  0x00000236eaa3f650 JavaThread "Reference Handler"          daemon [_thread_blocked, id=1512, stack(0x0000004b05b00000,0x0000004b05c00000) (1024K)]
  0x00000236eaa31a40 JavaThread "Finalizer"                  daemon [_thread_blocked, id=11884, stack(0x0000004b05c00000,0x0000004b05d00000) (1024K)]
  0x00000236eaa526d0 JavaThread "Signal Dispatcher"          daemon [_thread_blocked, id=4036, stack(0x0000004b05d00000,0x0000004b05e00000) (1024K)]
  0x00000236eaa53130 JavaThread "Attach Listener"            daemon [_thread_blocked, id=7944, stack(0x0000004b05e00000,0x0000004b05f00000) (1024K)]
  0x00000236eaa55a10 JavaThread "Service Thread"             daemon [_thread_blocked, id=21492, stack(0x0000004b05f00000,0x0000004b06000000) (1024K)]
  0x00000236eaa56d40 JavaThread "Monitor Deflation Thread"   daemon [_thread_blocked, id=11160, stack(0x0000004b06000000,0x0000004b06100000) (1024K)]
  0x00000236eaa68210 JavaThread "C2 CompilerThread0"         daemon [_thread_in_native, id=5356, stack(0x0000004b06100000,0x0000004b06200000) (1024K)]
  0x00000236eaa69fc0 JavaThread "C1 CompilerThread0"         daemon [_thread_blocked, id=14496, stack(0x0000004b06200000,0x0000004b06300000) (1024K)]
  0x00000236ead928c0 JavaThread "Notification Thread"        daemon [_thread_blocked, id=1668, stack(0x0000004b06300000,0x0000004b06400000) (1024K)]
  0x00000236f1e1ef60 JavaThread "Daemon health stats"               [_thread_blocked, id=21276, stack(0x0000004b06800000,0x0000004b06900000) (1024K)]
  0x00000236efc072e0 JavaThread "Incoming local TCP Connector on port 62356"        [_thread_in_native, id=22300, stack(0x0000004b06900000,0x0000004b06a00000) (1024K)]
  0x00000236f1f56ce0 JavaThread "Daemon periodic checks"            [_thread_blocked, id=22320, stack(0x0000004b06a00000,0x0000004b06b00000) (1024K)]
  0x00000236f1f89970 JavaThread "Daemon"                            [_thread_blocked, id=2964, stack(0x0000004b06b00000,0x0000004b06c00000) (1024K)]
  0x00000236effa98a0 JavaThread "Handler for socket connection from /127.0.0.1:62356 to /127.0.0.1:62357"        [_thread_in_native, id=21940, stack(0x0000004b06c00000,0x0000004b06d00000) (1024K)]
  0x00000236f1e45cd0 JavaThread "Cancel handler"                    [_thread_blocked, id=13056, stack(0x0000004b06d00000,0x0000004b06e00000) (1024K)]
  0x00000236f2086350 JavaThread "Daemon worker"                     [_thread_blocked, id=22400, stack(0x0000004b06e00000,0x0000004b06f00000) (1024K)]
  0x00000236f2087070 JavaThread "Asynchronous log dispatcher for DefaultDaemonConnection: socket connection from /127.0.0.1:62356 to /127.0.0.1:62357"        [_thread_blocked, id=2640, stack(0x0000004b06f00000,0x0000004b07000000) (1024K)]
  0x00000236f2087700 JavaThread "Stdin handler"                     [_thread_blocked, id=22336, stack(0x0000004b07000000,0x0000004b07100000) (1024K)]
  0x00000236f20869e0 JavaThread "Daemon client event forwarder"        [_thread_blocked, id=21952, stack(0x0000004b07100000,0x0000004b07200000) (1024K)]
  0x00000236f2087d90 JavaThread "Cache worker for journal cache (C:\Users\DELL\.gradle\caches\journal-1)"        [_thread_blocked, id=5164, stack(0x0000004b07200000,0x0000004b07300000) (1024K)]
  0x00000236f2088420 JavaThread "File lock request listener"        [_thread_in_native, id=22156, stack(0x0000004b07300000,0x0000004b07400000) (1024K)]
  0x00000236f2088ab0 JavaThread "Cache worker for file hash cache (C:\Users\DELL\.gradle\caches\9.4.1\fileHashes)"        [_thread_blocked, id=21984, stack(0x0000004b07400000,0x0000004b07500000) (1024K)]
  0x00000236f31c3d80 JavaThread "Cache worker for file hash cache (C:\Users\DELL\AndroidStudioProjects\firstapp\.gradle\9.4.1\fileHashes)"        [_thread_blocked, id=96, stack(0x0000004b07500000,0x0000004b07600000) (1024K)]
  0x00000236f31c5130 JavaThread "Cache worker for Build Output Cleanup Cache (C:\Users\DELL\AndroidStudioProjects\firstapp\.gradle\buildOutputCleanup)"        [_thread_blocked, id=1476, stack(0x0000004b07600000,0x0000004b07700000) (1024K)]
  0x00000236f31c4410 JavaThread "File watcher server"        daemon [_thread_blocked, id=13040, stack(0x0000004b07700000,0x0000004b07800000) (1024K)]
  0x00000236f31c1cb0 JavaThread "File watcher consumer"      daemon [_thread_blocked, id=5256, stack(0x0000004b07800000,0x0000004b07900000) (1024K)]
  0x00000236f31c2340 JavaThread "Cache worker for file content cache (C:\Users\DELL\.gradle\caches\9.4.1\fileContent)"        [_thread_blocked, id=17692, stack(0x0000004b07900000,0x0000004b07a00000) (1024K)]
  0x00000236f31c5e50 JavaThread "Cache worker for checksums cache (C:\Users\DELL\AndroidStudioProjects\firstapp\.gradle\9.4.1\checksums)"        [_thread_blocked, id=13548, stack(0x0000004b07a00000,0x0000004b07b00000) (1024K)]
  0x00000236f31c85b0 JavaThread "Cache worker for cache directory md-supplier (C:\Users\DELL\.gradle\caches\9.4.1\md-supplier)"        [_thread_blocked, id=11244, stack(0x0000004b07b00000,0x0000004b07c00000) (1024K)]
  0x00000236f31c7200 JavaThread "Cache worker for cache directory md-rule (C:\Users\DELL\.gradle\caches\9.4.1\md-rule)"        [_thread_blocked, id=20064, stack(0x0000004b07c00000,0x0000004b07d00000) (1024K)]
  0x00000236f31c6b70 JavaThread "jar transforms"                    [_thread_blocked, id=3440, stack(0x0000004b07d00000,0x0000004b07e00000) (1024K)]
  0x00000236f31c8c40 JavaThread "jar transforms Thread 2"           [_thread_blocked, id=14200, stack(0x0000004b07e00000,0x0000004b07f00000) (1024K)]
  0x00000236f31c7890 JavaThread "jar transforms Thread 3"           [_thread_blocked, id=21820, stack(0x0000004b07f00000,0x0000004b08000000) (1024K)]
  0x00000236f387e850 JavaThread "Build operations"                  [_thread_blocked, id=9656, stack(0x0000004b08000000,0x0000004b08100000) (1024K)]
  0x00000236f387eee0 JavaThread "Build operations Thread 2"         [_thread_blocked, id=8584, stack(0x0000004b08100000,0x0000004b08200000) (1024K)]
  0x00000236f387fc00 JavaThread "Build operations Thread 3"         [_thread_blocked, id=14828, stack(0x0000004b08200000,0x0000004b08300000) (1024K)]
  0x00000236f3880920 JavaThread "Build operations Thread 4"         [_thread_blocked, id=21980, stack(0x0000004b08300000,0x0000004b08400000) (1024K)]
  0x00000236f387d4a0 JavaThread "jar transforms Thread 4"           [_thread_blocked, id=6228, stack(0x0000004b08400000,0x0000004b08500000) (1024K)]
  0x00000236f3884430 JavaThread "build event listener"              [_thread_blocked, id=22104, stack(0x0000004b06400000,0x0000004b06500000) (1024K)]
  0x00000236f31c57c0 JavaThread "Memory manager"                    [_thread_blocked, id=1700, stack(0x0000004b08600000,0x0000004b08700000) (1024K)]
  0x00000236f3941f20 JavaThread "build event listener"              [_thread_blocked, id=21332, stack(0x0000004b08700000,0x0000004b08800000) (1024K)]
  0x00000236f63eb7a0 JavaThread "C2 CompilerThread1"         daemon [_thread_in_native, id=6128, stack(0x0000004b08500000,0x0000004b08600000) (1024K)]
  0x00000236f0aabe90 JavaThread "pool-3-thread-1"                   [_thread_blocked, id=20816, stack(0x0000004b08800000,0x0000004b08900000) (1024K)]
  0x00000236f0aab800 JavaThread "build event listener"              [_thread_blocked, id=3504, stack(0x0000004b08900000,0x0000004b08a00000) (1024K)]
  0x00000236f0aaf9a0 JavaThread "included builds"                   [_thread_blocked, id=3940, stack(0x0000004b08a00000,0x0000004b08b00000) (1024K)]
  0x00000236f0aac520 JavaThread "Execution worker"                  [_thread_blocked, id=15968, stack(0x0000004b08b00000,0x0000004b08c00000) (1024K)]
  0x00000236f0aadf60 JavaThread "Execution worker Thread 2"         [_thread_blocked, id=13508, stack(0x0000004b08c00000,0x0000004b08d00000) (1024K)]
  0x00000236f0aad240 JavaThread "Execution worker Thread 3"         [_thread_blocked, id=5316, stack(0x0000004b08d00000,0x0000004b08e00000) (1024K)]
  0x00000236f0ab0030 JavaThread "Cache worker for execution history cache (C:\Users\DELL\AndroidStudioProjects\firstapp\.gradle\9.4.1\executionHistory)"        [_thread_blocked, id=5240, stack(0x0000004b08e00000,0x0000004b08f00000) (1024K)]
  0x00000236f0aad8d0 JavaThread "Cache worker for Java compile cache (C:\Users\DELL\.gradle\caches\9.4.1\javaCompile)"        [_thread_blocked, id=18468, stack(0x0000004b08f00000,0x0000004b09000000) (1024K)]
  0x00000236f367c640 JavaThread "Problems report writer"            [_thread_blocked, id=3864, stack(0x0000004b09000000,0x0000004b09100000) (1024K)]
Total: 53

Other Threads:
=>0x00000236ea8648f0 VMThread "VM Thread"                           [id=4688, stack(0x0000004b05900000,0x0000004b05a00000) (1024K)]
  0x00000236ea81fdf0 WatcherThread "VM Periodic Task Thread"        [id=8304, stack(0x0000004b05800000,0x0000004b05900000) (1024K)]
  0x00000236d3a837b0 WorkerThread "GC Thread#0"                     [id=7608, stack(0x0000004b05300000,0x0000004b05400000) (1024K)]
  0x00000236ef3ffe90 WorkerThread "GC Thread#1"                     [id=2136, stack(0x0000004b06500000,0x0000004b06600000) (1024K)]
  0x00000236ef400240 WorkerThread "GC Thread#2"                     [id=11196, stack(0x0000004b06600000,0x0000004b06700000) (1024K)]
  0x00000236efbc4000 WorkerThread "GC Thread#3"                     [id=3340, stack(0x0000004b06700000,0x0000004b06800000) (1024K)]
  0x00000236d3a954f0 ConcurrentGCThread "G1 Main Marker"            [id=13280, stack(0x0000004b05400000,0x0000004b05500000) (1024K)]
  0x00000236d3a966b0 WorkerThread "G1 Conc#0"                       [id=22392, stack(0x0000004b05500000,0x0000004b05600000) (1024K)]
  0x00000236ea6f34e0 ConcurrentGCThread "G1 Refine#0"               [id=1744, stack(0x0000004b05600000,0x0000004b05700000) (1024K)]
  0x00000236ea6f5a00 ConcurrentGCThread "G1 Service"                [id=8892, stack(0x0000004b05700000,0x0000004b05800000) (1024K)]
Total: 10

Threads with active compile tasks:
C2 CompilerThread0  29601 16047       4       com.android.tools.r8.internal.nv::a (4509 bytes)
C2 CompilerThread1  29601 16091 %     4       com.android.tools.r8.internal.nv::a @ 2914 (6696 bytes)
Total: 2

VM state: at safepoint (normal execution)

VM Mutex/Monitor currently owned by a thread:  ([mutex/lock_event])
[0x00007fff763086d0] Threads_lock - owner thread: 0x00000236ea8648f0
[0x00007fff763087d0] Heap_lock - owner thread: 0x00000236d3a954f0

Heap address: 0x0000000080000000, size: 2048 MB, Compressed Oops mode: 32-bit

CDS archive(s) not mapped
Compressed class space mapped at: 0x0000000100000000-0x0000000140000000, reserved size: 1073741824
Narrow klass base: 0x0000000000000000, Narrow klass shift: 3, Narrow klass range: 0x140000000

GC Precious Log:
 CardTable entry size: 512
 Card Set container configuration: InlinePtr #cards 5 size 8 Array Of Cards #cards 12 size 40 Howl #buckets 4 coarsen threshold 1843 Howl Bitmap #cards 512 size 80 coarsen threshold 460 Card regions per heap region 1 cards per card region 2048
 CPUs: 4 total, 4 available
 Memory: 8050M
 Large Page Support: Disabled
 NUMA Support: Disabled
 Compressed Oops: Enabled (32-bit)
 Heap Region Size: 1M
 Heap Min Capacity: 8M
 Heap Initial Capacity: 126M
 Heap Max Capacity: 2G
 Pre-touch: Disabled
 Parallel Workers: 4
 Concurrent Workers: 1
 Concurrent Refinement Workers: 4
 Periodic GC: Disabled

Heap:
 garbage-first heap   total 239616K, used 188273K [0x0000000080000000, 0x0000000100000000)
  region size 1024K, 37 young (37888K), 9 survivors (9216K)
 Metaspace       used 137998K, committed 140608K, reserved 1179648K
  class space    used 19319K, committed 20544K, reserved 1048576K

Heap Regions: E=young(eden), S=young(survivor), O=old, HS=humongous(starts), HC=humongous(continues), CS=collection set, F=free, TAMS=top-at-mark-start, PB=parsable bottom
|   0|0x0000000080000000, 0x0000000080100000, 0x0000000080100000|100%|HS|  |TAMS 0x0000000080100000| PB 0x0000000080000000| Complete 
|   1|0x0000000080100000, 0x0000000080200000, 0x0000000080200000|100%|HC|  |TAMS 0x0000000080200000| PB 0x0000000080100000| Complete 
|   2|0x0000000080200000, 0x0000000080300000, 0x0000000080300000|100%|HC|  |TAMS 0x0000000080300000| PB 0x0000000080200000| Complete 
|   3|0x0000000080300000, 0x0000000080400000, 0x0000000080400000|100%|HC|  |TAMS 0x0000000080400000| PB 0x0000000080300000| Complete 
|   4|0x0000000080400000, 0x0000000080500000, 0x0000000080500000|100%| O|  |TAMS 0x0000000080500000| PB 0x0000000080500000| Untracked 
|   5|0x0000000080500000, 0x0000000080600000, 0x0000000080600000|100%| O|  |TAMS 0x0000000080600000| PB 0x0000000080600000| Untracked 
|   6|0x0000000080600000, 0x0000000080700000, 0x0000000080700000|100%| O|  |TAMS 0x0000000080700000| PB 0x0000000080700000| Untracked 
|   7|0x0000000080700000, 0x0000000080800000, 0x0000000080800000|100%| O|  |TAMS 0x0000000080800000| PB 0x0000000080800000| Updating 
|   8|0x0000000080800000, 0x0000000080900000, 0x0000000080900000|100%|HS|  |TAMS 0x0000000080900000| PB 0x0000000080800000| Complete 
|   9|0x0000000080900000, 0x0000000080a00000, 0x0000000080a00000|100%| O|  |TAMS 0x0000000080a00000| PB 0x0000000080a00000| Untracked 
|  10|0x0000000080a00000, 0x0000000080b00000, 0x0000000080b00000|100%| O|  |TAMS 0x0000000080b00000| PB 0x0000000080b00000| Untracked 
|  11|0x0000000080b00000, 0x0000000080c00000, 0x0000000080c00000|100%| O|  |TAMS 0x0000000080c00000| PB 0x0000000080c00000| Untracked 
|  12|0x0000000080c00000, 0x0000000080d00000, 0x0000000080d00000|100%| O|  |TAMS 0x0000000080d00000| PB 0x0000000080d00000| Untracked 
|  13|0x0000000080d00000, 0x0000000080e00000, 0x0000000080e00000|100%| O|  |TAMS 0x0000000080e00000| PB 0x0000000080e00000| Untracked 
|  14|0x0000000080e00000, 0x0000000080f00000, 0x0000000080f00000|100%| O|  |TAMS 0x0000000080f00000| PB 0x0000000080f00000| Untracked 
|  15|0x0000000080f00000, 0x0000000081000000, 0x0000000081000000|100%| O|  |TAMS 0x0000000081000000| PB 0x0000000081000000| Untracked 
|  16|0x0000000081000000, 0x0000000081100000, 0x0000000081100000|100%| O|  |TAMS 0x0000000081100000| PB 0x0000000081100000| Untracked 
|  17|0x0000000081100000, 0x0000000081200000, 0x0000000081200000|100%| O|  |TAMS 0x0000000081200000| PB 0x0000000081200000| Untracked 
|  18|0x0000000081200000, 0x0000000081300000, 0x0000000081300000|100%| O|  |TAMS 0x0000000081300000| PB 0x0000000081300000| Untracked 
|  19|0x0000000081300000, 0x0000000081400000, 0x0000000081400000|100%| O|  |TAMS 0x0000000081400000| PB 0x0000000081400000| Untracked 
|  20|0x0000000081400000, 0x0000000081500000, 0x0000000081500000|100%| O|  |TAMS 0x0000000081500000| PB 0x0000000081500000| Untracked 
|  21|0x0000000081500000, 0x0000000081600000, 0x0000000081600000|100%| O|  |TAMS 0x0000000081600000| PB 0x0000000081600000| Untracked 
|  22|0x0000000081600000, 0x0000000081700000, 0x0000000081700000|100%| O|  |TAMS 0x0000000081700000| PB 0x0000000081700000| Untracked 
|  23|0x0000000081700000, 0x0000000081800000, 0x0000000081800000|100%| O|  |TAMS 0x0000000081800000| PB 0x0000000081800000| Updating 
|  24|0x0000000081800000, 0x0000000081900000, 0x0000000081900000|100%| O|  |TAMS 0x0000000081900000| PB 0x0000000081900000| Untracked 
|  25|0x0000000081900000, 0x0000000081a00000, 0x0000000081a00000|100%| O|  |TAMS 0x0000000081a00000| PB 0x0000000081a00000| Updating 
|  26|0x0000000081a00000, 0x0000000081b00000, 0x0000000081b00000|100%| O|  |TAMS 0x0000000081b00000| PB 0x0000000081b00000| Untracked 
|  27|0x0000000081b00000, 0x0000000081c00000, 0x0000000081c00000|100%| O|  |TAMS 0x0000000081c00000| PB 0x0000000081c00000| Updating 
|  28|0x0000000081c00000, 0x0000000081d00000, 0x0000000081d00000|100%| O|  |TAMS 0x0000000081d00000| PB 0x0000000081d00000| Untracked 
|  29|0x0000000081d00000, 0x0000000081e00000, 0x0000000081e00000|100%| O|  |TAMS 0x0000000081e00000| PB 0x0000000081e00000| Untracked 
|  30|0x0000000081e00000, 0x0000000081f00000, 0x0000000081f00000|100%| O|  |TAMS 0x0000000081f00000| PB 0x0000000081f00000| Untracked 
|  31|0x0000000081f00000, 0x0000000082000000, 0x0000000082000000|100%|HS|  |TAMS 0x0000000082000000| PB 0x0000000081f00000| Complete 
|  32|0x0000000082000000, 0x0000000082100000, 0x0000000082100000|100%|HC|  |TAMS 0x0000000082100000| PB 0x0000000082000000| Complete 
|  33|0x0000000082100000, 0x0000000082200000, 0x0000000082200000|100%| O|  |TAMS 0x0000000082200000| PB 0x0000000082200000| Untracked 
|  34|0x0000000082200000, 0x0000000082300000, 0x0000000082300000|100%| O|  |TAMS 0x0000000082300000| PB 0x0000000082300000| Untracked 
|  35|0x0000000082300000, 0x0000000082400000, 0x0000000082400000|100%| O|  |TAMS 0x0000000082400000| PB 0x0000000082400000| Updating 
|  36|0x0000000082400000, 0x0000000082500000, 0x0000000082500000|100%| O|  |TAMS 0x0000000082500000| PB 0x0000000082500000| Updating 
|  37|0x0000000082500000, 0x0000000082600000, 0x0000000082600000|100%| O|  |TAMS 0x0000000082600000| PB 0x0000000082600000| Untracked 
|  38|0x0000000082600000, 0x0000000082700000, 0x0000000082700000|100%| O|  |TAMS 0x0000000082700000| PB 0x0000000082700000| Untracked 
|  39|0x0000000082700000, 0x0000000082800000, 0x0000000082800000|100%| O|  |TAMS 0x0000000082800000| PB 0x0000000082800000| Untracked 
|  40|0x0000000082800000, 0x0000000082900000, 0x0000000082900000|100%| O|  |TAMS 0x0000000082900000| PB 0x0000000082900000| Untracked 
|  41|0x0000000082900000, 0x0000000082a00000, 0x0000000082a00000|100%| O|  |TAMS 0x0000000082a00000| PB 0x0000000082a00000| Untracked 
|  42|0x0000000082a00000, 0x0000000082b00000, 0x0000000082b00000|100%| O|  |TAMS 0x0000000082b00000| PB 0x0000000082b00000| Untracked 
|  43|0x0000000082b00000, 0x0000000082c00000, 0x0000000082c00000|100%| O|  |TAMS 0x0000000082c00000| PB 0x0000000082c00000| Untracked 
|  44|0x0000000082c00000, 0x0000000082d00000, 0x0000000082d00000|100%| O|  |TAMS 0x0000000082d00000| PB 0x0000000082d00000| Untracked 
|  45|0x0000000082d00000, 0x0000000082e00000, 0x0000000082e00000|100%|HS|  |TAMS 0x0000000082e00000| PB 0x0000000082d00000| Complete 
|  46|0x0000000082e00000, 0x0000000082f00000, 0x0000000082f00000|100%|HS|  |TAMS 0x0000000082f00000| PB 0x0000000082e00000| Complete 
|  47|0x0000000082f00000, 0x0000000083000000, 0x0000000083000000|100%| O|  |TAMS 0x0000000083000000| PB 0x0000000083000000| Untracked 
|  48|0x0000000083000000, 0x0000000083100000, 0x0000000083100000|100%| O|  |TAMS 0x0000000083100000| PB 0x0000000083100000| Untracked 
|  49|0x0000000083100000, 0x0000000083200000, 0x0000000083200000|100%|HS|  |TAMS 0x0000000083200000| PB 0x0000000083100000| Complete 
|  50|0x0000000083200000, 0x0000000083300000, 0x0000000083300000|100%|HC|  |TAMS 0x0000000083300000| PB 0x0000000083200000| Complete 
|  51|0x0000000083300000, 0x0000000083400000, 0x0000000083400000|100%|HS|  |TAMS 0x0000000083400000| PB 0x0000000083300000| Complete 
|  52|0x0000000083400000, 0x0000000083500000, 0x0000000083500000|100%| O|  |TAMS 0x0000000083500000| PB 0x0000000083500000| Untracked 
|  53|0x0000000083500000, 0x0000000083600000, 0x0000000083600000|100%| O|  |TAMS 0x0000000083600000| PB 0x0000000083600000| Untracked 
|  54|0x0000000083600000, 0x0000000083700000, 0x0000000083700000|100%| O|  |TAMS 0x0000000083700000| PB 0x0000000083700000| Untracked 
|  55|0x0000000083700000, 0x0000000083800000, 0x0000000083800000|100%|HS|  |TAMS 0x0000000083800000| PB 0x0000000083700000| Complete 
|  56|0x0000000083800000, 0x0000000083900000, 0x0000000083900000|100%|HS|  |TAMS 0x0000000083900000| PB 0x0000000083800000| Complete 
|  57|0x0000000083900000, 0x0000000083a00000, 0x0000000083a00000|100%| O|  |TAMS 0x0000000083a00000| PB 0x0000000083a00000| Untracked 
|  58|0x0000000083a00000, 0x0000000083b00000, 0x0000000083b00000|100%| O|  |TAMS 0x0000000083b00000| PB 0x0000000083b00000| Untracked 
|  59|0x0000000083b00000, 0x0000000083c00000, 0x0000000083c00000|100%|HS|  |TAMS 0x0000000083c00000| PB 0x0000000083b00000| Complete 
|  60|0x0000000083c00000, 0x0000000083d00000, 0x0000000083d00000|100%| O|  |TAMS 0x0000000083d00000| PB 0x0000000083d00000| Untracked 
|  61|0x0000000083d00000, 0x0000000083e00000, 0x0000000083e00000|100%| O|  |TAMS 0x0000000083e00000| PB 0x0000000083e00000| Untracked 
|  62|0x0000000083e00000, 0x0000000083f00000, 0x0000000083f00000|100%| O|  |TAMS 0x0000000083f00000| PB 0x0000000083f00000| Untracked 
|  63|0x0000000083f00000, 0x0000000084000000, 0x0000000084000000|100%| O|  |TAMS 0x0000000084000000| PB 0x0000000084000000| Untracked 
|  64|0x0000000084000000, 0x0000000084100000, 0x0000000084100000|100%|HS|  |TAMS 0x0000000084100000| PB 0x0000000084000000| Complete 
|  65|0x0000000084100000, 0x0000000084200000, 0x0000000084200000|100%|HC|  |TAMS 0x0000000084200000| PB 0x0000000084100000| Complete 
|  66|0x0000000084200000, 0x0000000084300000, 0x0000000084300000|100%| O|  |TAMS 0x0000000084300000| PB 0x0000000084300000| Untracked 
|  67|0x0000000084300000, 0x0000000084400000, 0x0000000084400000|100%| O|  |TAMS 0x0000000084400000| PB 0x0000000084400000| Untracked 
|  68|0x0000000084400000, 0x0000000084500000, 0x0000000084500000|100%| O|  |TAMS 0x0000000084500000| PB 0x0000000084500000| Untracked 
|  69|0x0000000084500000, 0x0000000084600000, 0x0000000084600000|100%| O|  |TAMS 0x0000000084600000| PB 0x0000000084600000| Untracked 
|  70|0x0000000084600000, 0x0000000084700000, 0x0000000084700000|100%| O|  |TAMS 0x0000000084700000| PB 0x0000000084700000| Untracked 
|  71|0x0000000084700000, 0x0000000084800000, 0x0000000084800000|100%| O|  |TAMS 0x0000000084800000| PB 0x0000000084800000| Untracked 
|  72|0x0000000084800000, 0x0000000084900000, 0x0000000084900000|100%| O|  |TAMS 0x0000000084900000| PB 0x0000000084900000| Untracked 
|  73|0x0000000084900000, 0x0000000084a00000, 0x0000000084a00000|100%| O|  |TAMS 0x0000000084a00000| PB 0x0000000084a00000| Untracked 
|  74|0x0000000084a00000, 0x0000000084b00000, 0x0000000084b00000|100%|HS|  |TAMS 0x0000000084b00000| PB 0x0000000084a00000| Complete 
|  75|0x0000000084b00000, 0x0000000084c00000, 0x0000000084c00000|100%| O|  |TAMS 0x0000000084c00000| PB 0x0000000084c00000| Untracked 
|  76|0x0000000084c00000, 0x0000000084d00000, 0x0000000084d00000|100%| O|  |TAMS 0x0000000084d00000| PB 0x0000000084d00000| Updating 
|  77|0x0000000084d00000, 0x0000000084e00000, 0x0000000084e00000|100%| O|  |TAMS 0x0000000084e00000| PB 0x0000000084e00000| Updating 
|  78|0x0000000084e00000, 0x0000000084f00000, 0x0000000084f00000|100%| O|  |TAMS 0x0000000084f00000| PB 0x0000000084f00000| Untracked 
|  79|0x0000000084f00000, 0x0000000085000000, 0x0000000085000000|100%| O|  |TAMS 0x0000000085000000| PB 0x0000000085000000| Untracked 
|  80|0x0000000085000000, 0x0000000085100000, 0x0000000085100000|100%| O|  |TAMS 0x0000000085100000| PB 0x0000000085100000| Updating 
|  81|0x0000000085100000, 0x0000000085200000, 0x0000000085200000|100%| O|  |TAMS 0x0000000085200000| PB 0x0000000085200000| Updating 
|  82|0x0000000085200000, 0x0000000085300000, 0x0000000085300000|100%| O|  |TAMS 0x0000000085300000| PB 0x0000000085300000| Untracked 
|  83|0x0000000085300000, 0x0000000085400000, 0x0000000085400000|100%| O|  |TAMS 0x0000000085400000| PB 0x0000000085400000| Untracked 
|  84|0x0000000085400000, 0x0000000085500000, 0x0000000085500000|100%| O|  |TAMS 0x0000000085500000| PB 0x0000000085500000| Untracked 
|  85|0x0000000085500000, 0x0000000085600000, 0x0000000085600000|100%| O|  |TAMS 0x0000000085600000| PB 0x0000000085600000| Updating 
|  86|0x0000000085600000, 0x0000000085700000, 0x0000000085700000|100%| O|  |TAMS 0x0000000085700000| PB 0x0000000085700000| Untracked 
|  87|0x0000000085700000, 0x0000000085800000, 0x0000000085800000|100%| O|  |TAMS 0x0000000085800000| PB 0x0000000085800000| Untracked 
|  88|0x0000000085800000, 0x0000000085900000, 0x0000000085900000|100%| O|  |TAMS 0x0000000085900000| PB 0x0000000085900000| Untracked 
|  89|0x0000000085900000, 0x0000000085a00000, 0x0000000085a00000|100%| O|  |TAMS 0x0000000085a00000| PB 0x0000000085a00000| Untracked 
|  90|0x0000000085a00000, 0x0000000085b00000, 0x0000000085b00000|100%| O|  |TAMS 0x0000000085b00000| PB 0x0000000085b00000| Untracked 
|  91|0x0000000085b00000, 0x0000000085c00000, 0x0000000085c00000|100%| O|  |TAMS 0x0000000085c00000| PB 0x0000000085c00000| Untracked 
|  92|0x0000000085c00000, 0x0000000085d00000, 0x0000000085d00000|100%| O|  |TAMS 0x0000000085d00000| PB 0x0000000085d00000| Untracked 
|  93|0x0000000085d00000, 0x0000000085e00000, 0x0000000085e00000|100%| O|  |TAMS 0x0000000085e00000| PB 0x0000000085e00000| Untracked 
|  94|0x0000000085e00000, 0x0000000085f00000, 0x0000000085f00000|100%| O|  |TAMS 0x0000000085f00000| PB 0x0000000085f00000| Updating 
|  95|0x0000000085f00000, 0x0000000086000000, 0x0000000086000000|100%| O|  |TAMS 0x0000000086000000| PB 0x0000000086000000| Untracked 
|  96|0x0000000086000000, 0x0000000086100000, 0x0000000086100000|100%| O|  |TAMS 0x0000000086100000| PB 0x0000000086100000| Untracked 
|  97|0x0000000086100000, 0x0000000086200000, 0x0000000086200000|100%| O|  |TAMS 0x0000000086200000| PB 0x0000000086200000| Untracked 
|  98|0x0000000086200000, 0x0000000086300000, 0x0000000086300000|100%| O|  |TAMS 0x0000000086300000| PB 0x0000000086300000| Untracked 
|  99|0x0000000086300000, 0x0000000086400000, 0x0000000086400000|100%| O|  |TAMS 0x0000000086400000| PB 0x0000000086400000| Updating 
| 100|0x0000000086400000, 0x0000000086500000, 0x0000000086500000|100%| O|  |TAMS 0x0000000086500000| PB 0x0000000086500000| Untracked 
| 101|0x0000000086500000, 0x0000000086600000, 0x0000000086600000|100%| O|  |TAMS 0x0000000086600000| PB 0x0000000086600000| Untracked 
| 102|0x0000000086600000, 0x0000000086700000, 0x0000000086700000|100%| O|  |TAMS 0x0000000086700000| PB 0x0000000086700000| Untracked 
| 103|0x0000000086700000, 0x0000000086800000, 0x0000000086800000|100%| O|  |TAMS 0x0000000086800000| PB 0x0000000086800000| Untracked 
| 104|0x0000000086800000, 0x0000000086900000, 0x0000000086900000|100%| O|  |TAMS 0x0000000086900000| PB 0x0000000086900000| Untracked 
| 105|0x0000000086900000, 0x0000000086a00000, 0x0000000086a00000|100%| O|  |TAMS 0x0000000086a00000| PB 0x0000000086a00000| Untracked 
| 106|0x0000000086a00000, 0x0000000086b00000, 0x0000000086b00000|100%| O|  |TAMS 0x0000000086b00000| PB 0x0000000086b00000| Untracked 
| 107|0x0000000086b00000, 0x0000000086c00000, 0x0000000086c00000|100%| O|  |TAMS 0x0000000086c00000| PB 0x0000000086c00000| Untracked 
| 108|0x0000000086c00000, 0x0000000086c00000, 0x0000000086d00000|  0%| F|  |TAMS 0x0000000086c00000| PB 0x0000000086c00000| Untracked 
| 109|0x0000000086d00000, 0x0000000086d00000, 0x0000000086e00000|  0%| F|  |TAMS 0x0000000086d00000| PB 0x0000000086d00000| Untracked 
| 110|0x0000000086e00000, 0x0000000086f00000, 0x0000000086f00000|100%| O|  |TAMS 0x0000000086f00000| PB 0x0000000086f00000| Untracked 
| 111|0x0000000086f00000, 0x0000000087000000, 0x0000000087000000|100%| O|  |TAMS 0x0000000087000000| PB 0x0000000087000000| Updating 
| 112|0x0000000087000000, 0x0000000087100000, 0x0000000087100000|100%| O|  |TAMS 0x0000000087100000| PB 0x0000000087100000| Updating 
| 113|0x0000000087100000, 0x0000000087200000, 0x0000000087200000|100%| O|  |TAMS 0x0000000087100000| PB 0x0000000087100000| Untracked 
| 114|0x0000000087200000, 0x0000000087300000, 0x0000000087300000|100%| O|  |TAMS 0x0000000087300000| PB 0x0000000087300000| Untracked 
| 115|0x0000000087300000, 0x0000000087400000, 0x0000000087400000|100%| O|  |TAMS 0x0000000087300000| PB 0x0000000087300000| Untracked 
| 116|0x0000000087400000, 0x0000000087500000, 0x0000000087500000|100%| O|  |TAMS 0x0000000087400000| PB 0x0000000087400000| Untracked 
| 117|0x0000000087500000, 0x0000000087600000, 0x0000000087600000|100%| O|  |TAMS 0x0000000087600000| PB 0x0000000087600000| Updating 
| 118|0x0000000087600000, 0x0000000087700000, 0x0000000087700000|100%| O|  |TAMS 0x0000000087700000| PB 0x0000000087700000| Updating 
| 119|0x0000000087700000, 0x0000000087800000, 0x0000000087800000|100%| O|  |TAMS 0x0000000087800000| PB 0x0000000087800000| Untracked 
| 120|0x0000000087800000, 0x0000000087900000, 0x0000000087900000|100%| O|  |TAMS 0x0000000087900000| PB 0x0000000087900000| Updating 
| 121|0x0000000087900000, 0x0000000087a00000, 0x0000000087a00000|100%| O|  |TAMS 0x0000000087a00000| PB 0x0000000087a00000| Untracked 
| 122|0x0000000087a00000, 0x0000000087b00000, 0x0000000087b00000|100%| O|  |TAMS 0x0000000087b00000| PB 0x0000000087b00000| Untracked 
| 123|0x0000000087b00000, 0x0000000087c00000, 0x0000000087c00000|100%| O|  |TAMS 0x0000000087c00000| PB 0x0000000087c00000| Updating 
| 124|0x0000000087c00000, 0x0000000087d00000, 0x0000000087d00000|100%| O|  |TAMS 0x0000000087d00000| PB 0x0000000087d00000| Updating 
| 125|0x0000000087d00000, 0x0000000087e00000, 0x0000000087e00000|100%| O|  |TAMS 0x0000000087e00000| PB 0x0000000087e00000| Untracked 
| 126|0x0000000087e00000, 0x0000000087f00000, 0x0000000087f00000|100%| O|  |TAMS 0x0000000087f00000| PB 0x0000000087f00000| Updating 
| 127|0x0000000087f00000, 0x0000000088000000, 0x0000000088000000|100%|HS|  |TAMS 0x0000000088000000| PB 0x0000000087f00000| Complete 
| 128|0x0000000088000000, 0x0000000088100000, 0x0000000088100000|100%| O|  |TAMS 0x0000000088100000| PB 0x0000000088100000| Updating 
| 129|0x0000000088100000, 0x0000000088200000, 0x0000000088200000|100%| O|  |TAMS 0x0000000088200000| PB 0x0000000088200000| Untracked 
| 130|0x0000000088200000, 0x0000000088300000, 0x0000000088300000|100%| O|  |TAMS 0x0000000088300000| PB 0x0000000088300000| Untracked 
| 131|0x0000000088300000, 0x0000000088400000, 0x0000000088400000|100%| O|  |TAMS 0x0000000088400000| PB 0x0000000088400000| Untracked 
| 132|0x0000000088400000, 0x0000000088500000, 0x0000000088500000|100%| O|  |TAMS 0x0000000088500000| PB 0x0000000088500000| Untracked 
| 133|0x0000000088500000, 0x0000000088600000, 0x0000000088600000|100%| O|  |TAMS 0x0000000088600000| PB 0x0000000088600000| Untracked 
| 134|0x0000000088600000, 0x0000000088700000, 0x0000000088700000|100%| O|  |TAMS 0x0000000088700000| PB 0x0000000088700000| Untracked 
| 135|0x0000000088700000, 0x0000000088800000, 0x0000000088800000|100%| O|  |TAMS 0x0000000088800000| PB 0x0000000088800000| Untracked 
| 136|0x0000000088800000, 0x0000000088900000, 0x0000000088900000|100%| O|  |TAMS 0x0000000088900000| PB 0x0000000088900000| Updating 
| 137|0x0000000088900000, 0x0000000088a00000, 0x0000000088a00000|100%| O|  |TAMS 0x00000000889fa6a0| PB 0x00000000889fa6a0| Updating 
| 138|0x0000000088a00000, 0x0000000088b00000, 0x0000000088b00000|100%| O|  |TAMS 0x0000000088a00000| PB 0x0000000088a00000| Untracked 
| 139|0x0000000088b00000, 0x0000000088c00000, 0x0000000088c00000|100%| O|  |TAMS 0x0000000088b00000| PB 0x0000000088b00000| Untracked 
| 140|0x0000000088c00000, 0x0000000088d00000, 0x0000000088d00000|100%| O|  |TAMS 0x0000000088c00000| PB 0x0000000088c00000| Untracked 
| 141|0x0000000088d00000, 0x0000000088e00000, 0x0000000088e00000|100%| O|  |TAMS 0x0000000088d00000| PB 0x0000000088d00000| Untracked 
| 142|0x0000000088e00000, 0x0000000088f00000, 0x0000000088f00000|100%| O|  |TAMS 0x0000000088e00000| PB 0x0000000088e00000| Untracked 
| 143|0x0000000088f00000, 0x0000000089000000, 0x0000000089000000|100%| O|  |TAMS 0x0000000088f00000| PB 0x0000000088f00000| Untracked 
| 144|0x0000000089000000, 0x0000000089100000, 0x0000000089100000|100%| O|  |TAMS 0x0000000089000000| PB 0x0000000089000000| Untracked 
| 145|0x0000000089100000, 0x00000000891dc4d8, 0x0000000089200000| 86%| O|  |TAMS 0x0000000089100000| PB 0x0000000089100000| Untracked 
| 146|0x0000000089200000, 0x0000000089200000, 0x0000000089300000|  0%| F|  |TAMS 0x0000000089200000| PB 0x0000000089200000| Untracked 
| 147|0x0000000089300000, 0x0000000089300000, 0x0000000089400000|  0%| F|  |TAMS 0x0000000089300000| PB 0x0000000089300000| Untracked 
| 148|0x0000000089400000, 0x0000000089400000, 0x0000000089500000|  0%| F|  |TAMS 0x0000000089400000| PB 0x0000000089400000| Untracked 
| 149|0x0000000089500000, 0x0000000089500000, 0x0000000089600000|  0%| F|  |TAMS 0x0000000089500000| PB 0x0000000089500000| Untracked 
| 150|0x0000000089600000, 0x0000000089600000, 0x0000000089700000|  0%| F|  |TAMS 0x0000000089600000| PB 0x0000000089600000| Untracked 
| 151|0x0000000089700000, 0x0000000089800000, 0x0000000089800000|100%| S|CS|TAMS 0x0000000089700000| PB 0x0000000089700000| Complete 
| 152|0x0000000089800000, 0x0000000089900000, 0x0000000089900000|100%| S|CS|TAMS 0x0000000089800000| PB 0x0000000089800000| Complete 
| 153|0x0000000089900000, 0x0000000089900000, 0x0000000089a00000|  0%| F|  |TAMS 0x0000000089900000| PB 0x0000000089900000| Untracked 
| 154|0x0000000089a00000, 0x0000000089a00000, 0x0000000089b00000|  0%| F|  |TAMS 0x0000000089a00000| PB 0x0000000089a00000| Untracked 
| 155|0x0000000089b00000, 0x0000000089b00000, 0x0000000089c00000|  0%| F|  |TAMS 0x0000000089b00000| PB 0x0000000089b00000| Untracked 
| 156|0x0000000089c00000, 0x0000000089c00000, 0x0000000089d00000|  0%| F|  |TAMS 0x0000000089c00000| PB 0x0000000089c00000| Untracked 
| 157|0x0000000089d00000, 0x0000000089d00000, 0x0000000089e00000|  0%| F|  |TAMS 0x0000000089d00000| PB 0x0000000089d00000| Untracked 
| 158|0x0000000089e00000, 0x0000000089e00000, 0x0000000089f00000|  0%| F|  |TAMS 0x0000000089e00000| PB 0x0000000089e00000| Untracked 
| 159|0x0000000089f00000, 0x0000000089f00000, 0x000000008a000000|  0%| F|  |TAMS 0x0000000089f00000| PB 0x0000000089f00000| Untracked 
| 160|0x000000008a000000, 0x000000008a000000, 0x000000008a100000|  0%| F|  |TAMS 0x000000008a000000| PB 0x000000008a000000| Untracked 
| 161|0x000000008a100000, 0x000000008a100000, 0x000000008a200000|  0%| F|  |TAMS 0x000000008a100000| PB 0x000000008a100000| Untracked 
| 162|0x000000008a200000, 0x000000008a200000, 0x000000008a300000|  0%| F|  |TAMS 0x000000008a200000| PB 0x000000008a200000| Untracked 
| 163|0x000000008a300000, 0x000000008a400000, 0x000000008a400000|100%| S|CS|TAMS 0x000000008a300000| PB 0x000000008a300000| Complete 
| 164|0x000000008a400000, 0x000000008a500000, 0x000000008a500000|100%| S|CS|TAMS 0x000000008a400000| PB 0x000000008a400000| Complete 
| 165|0x000000008a500000, 0x000000008a600000, 0x000000008a600000|100%| S|CS|TAMS 0x000000008a500000| PB 0x000000008a500000| Complete 
| 166|0x000000008a600000, 0x000000008a700000, 0x000000008a700000|100%| S|CS|TAMS 0x000000008a600000| PB 0x000000008a600000| Complete 
| 167|0x000000008a700000, 0x000000008a800000, 0x000000008a800000|100%| S|CS|TAMS 0x000000008a700000| PB 0x000000008a700000| Complete 
| 168|0x000000008a800000, 0x000000008a900000, 0x000000008a900000|100%| S|CS|TAMS 0x000000008a800000| PB 0x000000008a800000| Complete 
| 169|0x000000008a900000, 0x000000008aa00000, 0x000000008aa00000|100%| S|CS|TAMS 0x000000008a900000| PB 0x000000008a900000| Complete 
| 170|0x000000008aa00000, 0x000000008aa00000, 0x000000008ab00000|  0%| F|  |TAMS 0x000000008aa00000| PB 0x000000008aa00000| Untracked 
| 171|0x000000008ab00000, 0x000000008ab00000, 0x000000008ac00000|  0%| F|  |TAMS 0x000000008ab00000| PB 0x000000008ab00000| Untracked 
| 172|0x000000008ac00000, 0x000000008ac00000, 0x000000008ad00000|  0%| F|  |TAMS 0x000000008ac00000| PB 0x000000008ac00000| Untracked 
| 173|0x000000008ad00000, 0x000000008ad00000, 0x000000008ae00000|  0%| F|  |TAMS 0x000000008ad00000| PB 0x000000008ad00000| Untracked 
| 174|0x000000008ae00000, 0x000000008ae00000, 0x000000008af00000|  0%| F|  |TAMS 0x000000008ae00000| PB 0x000000008ae00000| Untracked 
| 175|0x000000008af00000, 0x000000008af00000, 0x000000008b000000|  0%| F|  |TAMS 0x000000008af00000| PB 0x000000008af00000| Untracked 
| 176|0x000000008b000000, 0x000000008b000000, 0x000000008b100000|  0%| F|  |TAMS 0x000000008b000000| PB 0x000000008b000000| Untracked 
| 177|0x000000008b100000, 0x000000008b100000, 0x000000008b200000|  0%| F|  |TAMS 0x000000008b100000| PB 0x000000008b100000| Untracked 
| 178|0x000000008b200000, 0x000000008b200000, 0x000000008b300000|  0%| F|  |TAMS 0x000000008b200000| PB 0x000000008b200000| Untracked 
| 179|0x000000008b300000, 0x000000008b300000, 0x000000008b400000|  0%| F|  |TAMS 0x000000008b300000| PB 0x000000008b300000| Untracked 
| 180|0x000000008b400000, 0x000000008b400000, 0x000000008b500000|  0%| F|  |TAMS 0x000000008b400000| PB 0x000000008b400000| Untracked 
| 181|0x000000008b500000, 0x000000008b500000, 0x000000008b600000|  0%| F|  |TAMS 0x000000008b500000| PB 0x000000008b500000| Untracked 
| 182|0x000000008b600000, 0x000000008b600000, 0x000000008b700000|  0%| F|  |TAMS 0x000000008b600000| PB 0x000000008b600000| Untracked 
| 183|0x000000008b700000, 0x000000008b700000, 0x000000008b800000|  0%| F|  |TAMS 0x000000008b700000| PB 0x000000008b700000| Untracked 
| 184|0x000000008b800000, 0x000000008b800000, 0x000000008b900000|  0%| F|  |TAMS 0x000000008b800000| PB 0x000000008b800000| Untracked 
| 185|0x000000008b900000, 0x000000008b900000, 0x000000008ba00000|  0%| F|  |TAMS 0x000000008b900000| PB 0x000000008b900000| Untracked 
| 186|0x000000008ba00000, 0x000000008ba00000, 0x000000008bb00000|  0%| F|  |TAMS 0x000000008ba00000| PB 0x000000008ba00000| Untracked 
| 187|0x000000008bb00000, 0x000000008bb00000, 0x000000008bc00000|  0%| F|  |TAMS 0x000000008bb00000| PB 0x000000008bb00000| Untracked 
| 188|0x000000008bc00000, 0x000000008bc00000, 0x000000008bd00000|  0%| F|  |TAMS 0x000000008bc00000| PB 0x000000008bc00000| Untracked 
| 189|0x000000008bd00000, 0x000000008bd00000, 0x000000008be00000|  0%| F|  |TAMS 0x000000008bd00000| PB 0x000000008bd00000| Untracked 
| 190|0x000000008be00000, 0x000000008be00000, 0x000000008bf00000|  0%| F|  |TAMS 0x000000008be00000| PB 0x000000008be00000| Untracked 
| 191|0x000000008bf00000, 0x000000008bf00000, 0x000000008c000000|  0%| F|  |TAMS 0x000000008bf00000| PB 0x000000008bf00000| Untracked 
| 192|0x000000008c000000, 0x000000008c000000, 0x000000008c100000|  0%| F|  |TAMS 0x000000008c000000| PB 0x000000008c000000| Untracked 
| 193|0x000000008c100000, 0x000000008c100000, 0x000000008c200000|  0%| F|  |TAMS 0x000000008c100000| PB 0x000000008c100000| Untracked 
| 194|0x000000008c200000, 0x000000008c200000, 0x000000008c300000|  0%| F|  |TAMS 0x000000008c200000| PB 0x000000008c200000| Untracked 
| 195|0x000000008c300000, 0x000000008c300000, 0x000000008c400000|  0%| F|  |TAMS 0x000000008c300000| PB 0x000000008c300000| Untracked 
| 196|0x000000008c400000, 0x000000008c400000, 0x000000008c500000|  0%| F|  |TAMS 0x000000008c400000| PB 0x000000008c400000| Untracked 
| 197|0x000000008c500000, 0x000000008c500000, 0x000000008c600000|  0%| F|  |TAMS 0x000000008c500000| PB 0x000000008c500000| Untracked 
| 198|0x000000008c600000, 0x000000008c600000, 0x000000008c700000|  0%| F|  |TAMS 0x000000008c600000| PB 0x000000008c600000| Untracked 
| 199|0x000000008c700000, 0x000000008c700000, 0x000000008c800000|  0%| F|  |TAMS 0x000000008c700000| PB 0x000000008c700000| Untracked 
| 200|0x000000008c800000, 0x000000008c800000, 0x000000008c900000|  0%| F|  |TAMS 0x000000008c800000| PB 0x000000008c800000| Untracked 
| 201|0x000000008c900000, 0x000000008c95ed70, 0x000000008ca00000| 37%| E|  |TAMS 0x000000008c900000| PB 0x000000008c900000| Complete 
| 202|0x000000008ca00000, 0x000000008cb00000, 0x000000008cb00000|100%| E|CS|TAMS 0x000000008ca00000| PB 0x000000008ca00000| Complete 
| 203|0x000000008cb00000, 0x000000008cc00000, 0x000000008cc00000|100%| E|CS|TAMS 0x000000008cb00000| PB 0x000000008cb00000| Complete 
| 204|0x000000008cc00000, 0x000000008cd00000, 0x000000008cd00000|100%| E|CS|TAMS 0x000000008cc00000| PB 0x000000008cc00000| Complete 
| 205|0x000000008cd00000, 0x000000008ce00000, 0x000000008ce00000|100%| E|CS|TAMS 0x000000008cd00000| PB 0x000000008cd00000| Complete 
| 206|0x000000008ce00000, 0x000000008cf00000, 0x000000008cf00000|100%| E|CS|TAMS 0x000000008ce00000| PB 0x000000008ce00000| Complete 
| 207|0x000000008cf00000, 0x000000008d000000, 0x000000008d000000|100%| E|CS|TAMS 0x000000008cf00000| PB 0x000000008cf00000| Complete 
| 208|0x000000008d000000, 0x000000008d100000, 0x000000008d100000|100%| E|CS|TAMS 0x000000008d000000| PB 0x000000008d000000| Complete 
| 209|0x000000008d100000, 0x000000008d200000, 0x000000008d200000|100%| E|CS|TAMS 0x000000008d100000| PB 0x000000008d100000| Complete 
| 210|0x000000008d200000, 0x000000008d300000, 0x000000008d300000|100%| E|CS|TAMS 0x000000008d200000| PB 0x000000008d200000| Complete 
| 211|0x000000008d300000, 0x000000008d400000, 0x000000008d400000|100%| E|CS|TAMS 0x000000008d300000| PB 0x000000008d300000| Complete 
| 212|0x000000008d400000, 0x000000008d500000, 0x000000008d500000|100%| E|CS|TAMS 0x000000008d400000| PB 0x000000008d400000| Complete 
| 213|0x000000008d500000, 0x000000008d600000, 0x000000008d600000|100%| E|  |TAMS 0x000000008d500000| PB 0x000000008d500000| Complete 
| 214|0x000000008d600000, 0x000000008d700000, 0x000000008d700000|100%| E|CS|TAMS 0x000000008d600000| PB 0x000000008d600000| Complete 
| 215|0x000000008d700000, 0x000000008d800000, 0x000000008d800000|100%| E|CS|TAMS 0x000000008d700000| PB 0x000000008d700000| Complete 
| 216|0x000000008d800000, 0x000000008d900000, 0x000000008d900000|100%| E|CS|TAMS 0x000000008d800000| PB 0x000000008d800000| Complete 
| 217|0x000000008d900000, 0x000000008da00000, 0x000000008da00000|100%| E|CS|TAMS 0x000000008d900000| PB 0x000000008d900000| Complete 
| 218|0x000000008da00000, 0x000000008db00000, 0x000000008db00000|100%| E|CS|TAMS 0x000000008da00000| PB 0x000000008da00000| Complete 
| 219|0x000000008db00000, 0x000000008dc00000, 0x000000008dc00000|100%| E|CS|TAMS 0x000000008db00000| PB 0x000000008db00000| Complete 
| 220|0x000000008dc00000, 0x000000008dd00000, 0x000000008dd00000|100%| E|CS|TAMS 0x000000008dc00000| PB 0x000000008dc00000| Complete 
| 221|0x000000008dd00000, 0x000000008de00000, 0x000000008de00000|100%| E|CS|TAMS 0x000000008dd00000| PB 0x000000008dd00000| Complete 
| 222|0x000000008de00000, 0x000000008df00000, 0x000000008df00000|100%| E|CS|TAMS 0x000000008de00000| PB 0x000000008de00000| Complete 
| 223|0x000000008df00000, 0x000000008e000000, 0x000000008e000000|100%| E|CS|TAMS 0x000000008df00000| PB 0x000000008df00000| Complete 
| 224|0x000000008e000000, 0x000000008e100000, 0x000000008e100000|100%| E|CS|TAMS 0x000000008e000000| PB 0x000000008e000000| Complete 
| 225|0x000000008e100000, 0x000000008e200000, 0x000000008e200000|100%| E|CS|TAMS 0x000000008e100000| PB 0x000000008e100000| Complete 
| 226|0x000000008e200000, 0x000000008e300000, 0x000000008e300000|100%| E|CS|TAMS 0x000000008e200000| PB 0x000000008e200000| Complete 
| 227|0x000000008e300000, 0x000000008e400000, 0x000000008e400000|100%| E|CS|TAMS 0x000000008e300000| PB 0x000000008e300000| Complete 
|2042|0x00000000ffa00000, 0x00000000ffb00000, 0x00000000ffb00000|100%| O|  |TAMS 0x00000000ffb00000| PB 0x00000000ffb00000| Updating 
|2043|0x00000000ffb00000, 0x00000000ffc00000, 0x00000000ffc00000|100%| O|  |TAMS 0x00000000ffc00000| PB 0x00000000ffc00000| Updating 
|2044|0x00000000ffc00000, 0x00000000ffd00000, 0x00000000ffd00000|100%| O|  |TAMS 0x00000000ffd00000| PB 0x00000000ffd00000| Updating 
|2045|0x00000000ffd00000, 0x00000000ffe00000, 0x00000000ffe00000|100%| E|CS|TAMS 0x00000000ffd00000| PB 0x00000000ffd00000| Complete 
|2046|0x00000000ffe00000, 0x00000000fff00000, 0x00000000fff00000|100%| O|  |TAMS 0x00000000fff00000| PB 0x00000000fff00000| Untracked 
|2047|0x00000000fff00000, 0x0000000100000000, 0x0000000100000000|100%| O|  |TAMS 0x0000000100000000| PB 0x0000000100000000| Untracked 

Card table byte_map: [0x00000236e5f90000,0x00000236e6390000] _byte_map_base: 0x00000236e5b90000

Marking Bits: (CMBitMap*) 0x00000236d3a83dd0
 Bits: [0x00000236e6390000, 0x00000236e8390000)

Polling page: 0x00000236d18e0000

Metaspace:

Usage:
  Non-class:    115.90 MB used.
      Class:     18.87 MB used.
       Both:    134.76 MB used.

Virtual space:
  Non-class space:      128.00 MB reserved,     117.25 MB ( 92%) committed,  2 nodes.
      Class space:        1.00 GB reserved,      20.06 MB (  2%) committed,  1 nodes.
             Both:        1.12 GB reserved,     137.31 MB ( 12%) committed. 

Chunk freelists:
   Non-Class:  10.01 MB
       Class:  11.80 MB
        Both:  21.81 MB

MaxMetaspaceSize: unlimited
CompressedClassSpaceSize: 1.00 GB
Initial GC threshold: 21.00 MB
Current GC threshold: 217.19 MB
CDS: off
 - commit_granule_bytes: 65536.
 - commit_granule_words: 8192.
 - virtual_space_node_default_size: 8388608.
 - enlarge_chunks_in_place: 1.
 - use_allocation_guard: 0.


Internal statistics:

num_allocs_failed_limit: 12.
num_arena_births: 4778.
num_arena_deaths: 2.
num_vsnodes_births: 3.
num_vsnodes_deaths: 0.
num_space_committed: 2197.
num_space_uncommitted: 1.
num_chunks_returned_to_freelist: 33.
num_chunks_taken_from_freelist: 10603.
num_chunk_merges: 12.
num_chunk_splits: 7076.
num_chunks_enlarged: 4629.
num_inconsistent_stats: 0.

CodeHeap 'non-profiled nmethods': size=120000Kb used=7487Kb max_used=7977Kb free=112512Kb
 bounds [0x00000236de660000, 0x00000236dee30000, 0x00000236e5b90000]
CodeHeap 'profiled nmethods': size=120000Kb used=24495Kb max_used=26033Kb free=95504Kb
 bounds [0x00000236d6b90000, 0x00000236d8500000, 0x00000236de0c0000]
CodeHeap 'non-nmethods': size=5760Kb used=2050Kb max_used=2145Kb free=3709Kb
 bounds [0x00000236de0c0000, 0x00000236de330000, 0x00000236de660000]
CodeCache: size=245760Kb, used=34032Kb, max_used=36155Kb, free=211725Kb
 total_blobs=13814, nmethods=12890, adapters=827, full_count=0
Compilation: enabled, stopped_count=0, restarted_count=0

Compilation events (20 events):
Event: 29.253 Thread 0x00000236eaa69fc0 16121       3       com.android.tools.r8.internal.bt::a (869 bytes)
Event: 29.258 Thread 0x00000236eaa69fc0 nmethod 16121 0x00000236d84f1490 code [0x00000236d84f1ca0, 0x00000236d84f7440]
Event: 29.260 Thread 0x00000236eaa69fc0 16123       2       com.android.tools.r8.internal.ym::h (2 bytes)
Event: 29.260 Thread 0x00000236eaa69fc0 nmethod 16123 0x00000236d84f8e90 code [0x00000236d84f9020, 0x00000236d84f9128]
Event: 29.266 Thread 0x00000236eaa69fc0 16124       1       com.android.tools.r8.graph.v9::u0 (2 bytes)
Event: 29.266 Thread 0x00000236eaa69fc0 nmethod 16124 0x00000236dec5b310 code [0x00000236dec5b4a0, 0x00000236dec5b568]
Event: 29.266 Thread 0x00000236eaa69fc0 16125       1       com.android.tools.r8.internal.bn::J (2 bytes)
Event: 29.267 Thread 0x00000236eaa69fc0 nmethod 16125 0x00000236dec5b010 code [0x00000236dec5b1a0, 0x00000236dec5b268]
Event: 29.268 Thread 0x00000236eaa69fc0 16126       2       com.android.tools.r8.internal.w81::f (2 bytes)
Event: 29.268 Thread 0x00000236eaa69fc0 nmethod 16126 0x00000236d84f9190 code [0x00000236d84f9320, 0x00000236d84f9428]
Event: 29.294 Thread 0x00000236eaa69fc0 16127       2       com.android.tools.r8.internal.us0::a (14 bytes)
Event: 29.294 Thread 0x00000236eaa69fc0 nmethod 16127 0x00000236d84f9490 code [0x00000236d84f9640, 0x00000236d84f9810]
Event: 29.309 Thread 0x00000236eaa69fc0 16128       2       com.android.tools.r8.internal.kz3::f (2 bytes)
Event: 29.309 Thread 0x00000236eaa69fc0 nmethod 16128 0x00000236d84f9990 code [0x00000236d84f9b20, 0x00000236d84f9c28]
Event: 29.348 Thread 0x00000236eaa69fc0 16130   !   2       com.android.tools.r8.graph.v9::E0 (510 bytes)
Event: 29.350 Thread 0x00000236eaa69fc0 nmethod 16130 0x00000236d84f9c90 code [0x00000236d84f9f80, 0x00000236d84faea0]
Event: 29.362 Thread 0x00000236eaa69fc0 16131       2       com.android.tools.r8.internal.yv::a (18 bytes)
Event: 29.362 Thread 0x00000236eaa69fc0 nmethod 16131 0x00000236d84fb990 code [0x00000236d84fbb40, 0x00000236d84fbcb0]
Event: 29.366 Thread 0x00000236eaa69fc0 16132       2       com.android.tools.r8.graph.u9::a (16 bytes)
Event: 29.367 Thread 0x00000236eaa69fc0 nmethod 16132 0x00000236d84fbd90 code [0x00000236d84fbf60, 0x00000236d84fc280]

GC Heap History (20 events):
Event: 22.043 GC heap before
{Heap before GC invocations=37 (full 0):
 garbage-first heap   total 184320K, used 169664K [0x0000000080000000, 0x0000000100000000)
  region size 1024K, 64 young (65536K), 10 survivors (10240K)
 Metaspace       used 118584K, committed 121024K, reserved 1179648K
  class space    used 16655K, committed 17856K, reserved 1048576K
}
Event: 22.066 GC heap after
{Heap after GC invocations=38 (full 0):
 garbage-first heap   total 189440K, used 112640K [0x0000000080000000, 0x0000000100000000)
  region size 1024K, 8 young (8192K), 8 survivors (8192K)
 Metaspace       used 118584K, committed 121024K, reserved 1179648K
  class space    used 16655K, committed 17856K, reserved 1048576K
}
Event: 23.234 GC heap before
{Heap before GC invocations=38 (full 0):
 garbage-first heap   total 189440K, used 169984K [0x0000000080000000, 0x0000000100000000)
  region size 1024K, 63 young (64512K), 8 survivors (8192K)
 Metaspace       used 120905K, committed 123328K, reserved 1179648K
  class space    used 16990K, committed 18176K, reserved 1048576K
}
Event: 23.248 GC heap after
{Heap after GC invocations=39 (full 0):
 garbage-first heap   total 189440K, used 115062K [0x0000000080000000, 0x0000000100000000)
  region size 1024K, 4 young (4096K), 4 survivors (4096K)
 Metaspace       used 120905K, committed 123328K, reserved 1179648K
  class space    used 16990K, committed 18176K, reserved 1048576K
}
Event: 23.496 GC heap before
{Heap before GC invocations=39 (full 0):
 garbage-first heap   total 189440K, used 133494K [0x0000000080000000, 0x0000000100000000)
  region size 1024K, 24 young (24576K), 4 survivors (4096K)
 Metaspace       used 125376K, committed 127744K, reserved 1179648K
  class space    used 17606K, committed 18752K, reserved 1048576K
}
Event: 23.502 GC heap after
{Heap after GC invocations=40 (full 0):
 garbage-first heap   total 189440K, used 115471K [0x0000000080000000, 0x0000000100000000)
  region size 1024K, 4 young (4096K), 4 survivors (4096K)
 Metaspace       used 125376K, committed 127744K, reserved 1179648K
  class space    used 17606K, committed 18752K, reserved 1048576K
}
Event: 25.246 GC heap before
{Heap before GC invocations=41 (full 0):
 garbage-first heap   total 199680K, used 176911K [0x0000000080000000, 0x0000000100000000)
  region size 1024K, 61 young (62464K), 4 survivors (4096K)
 Metaspace       used 129406K, committed 131776K, reserved 1179648K
  class space    used 18068K, committed 19200K, reserved 1048576K
}
Event: 25.262 GC heap after
{Heap after GC invocations=42 (full 0):
 garbage-first heap   total 199680K, used 123713K [0x0000000080000000, 0x0000000100000000)
  region size 1024K, 8 young (8192K), 8 survivors (8192K)
 Metaspace       used 129406K, committed 131776K, reserved 1179648K
  class space    used 18068K, committed 19200K, reserved 1048576K
}
Event: 26.407 GC heap before
{Heap before GC invocations=42 (full 0):
 garbage-first heap   total 199680K, used 181057K [0x0000000080000000, 0x0000000100000000)
  region size 1024K, 65 young (66560K), 8 survivors (8192K)
 Metaspace       used 130065K, committed 132544K, reserved 1179648K
  class space    used 18162K, committed 19328K, reserved 1048576K
}
Event: 26.425 GC heap after
{Heap after GC invocations=43 (full 0):
 garbage-first heap   total 199680K, used 126569K [0x0000000080000000, 0x0000000100000000)
  region size 1024K, 4 young (4096K), 4 survivors (4096K)
 Metaspace       used 130065K, committed 132544K, reserved 1179648K
  class space    used 18162K, committed 19328K, reserved 1048576K
}
Event: 26.778 GC heap before
{Heap before GC invocations=43 (full 0):
 garbage-first heap   total 199680K, used 160361K [0x0000000080000000, 0x0000000100000000)
  region size 1024K, 39 young (39936K), 4 survivors (4096K)
 Metaspace       used 130717K, committed 133120K, reserved 1179648K
  class space    used 18252K, committed 19392K, reserved 1048576K
}
Event: 26.788 GC heap after
{Heap after GC invocations=44 (full 0):
 garbage-first heap   total 239616K, used 137216K [0x0000000080000000, 0x0000000100000000)
  region size 1024K, 8 young (8192K), 8 survivors (8192K)
 Metaspace       used 130717K, committed 133120K, reserved 1179648K
  class space    used 18252K, committed 19392K, reserved 1048576K
}
Event: 26.791 GC heap before
{Heap before GC invocations=44 (full 0):
 garbage-first heap   total 239616K, used 138240K [0x0000000080000000, 0x0000000100000000)
  region size 1024K, 9 young (9216K), 8 survivors (8192K)
 Metaspace       used 130717K, committed 133120K, reserved 1179648K
  class space    used 18252K, committed 19392K, reserved 1048576K
}
Event: 26.794 GC heap after
{Heap after GC invocations=45 (full 0):
 garbage-first heap   total 239616K, used 135675K [0x0000000080000000, 0x0000000100000000)
  region size 1024K, 1 young (1024K), 1 survivors (1024K)
 Metaspace       used 130717K, committed 133120K, reserved 1179648K
  class space    used 18252K, committed 19392K, reserved 1048576K
}
Event: 27.967 GC heap before
{Heap before GC invocations=46 (full 0):
 garbage-first heap   total 239616K, used 211451K [0x0000000080000000, 0x0000000100000000)
  region size 1024K, 77 young (78848K), 1 survivors (1024K)
 Metaspace       used 134688K, committed 137152K, reserved 1179648K
  class space    used 18827K, committed 20032K, reserved 1048576K
}
Event: 27.976 GC heap after
{Heap after GC invocations=47 (full 0):
 garbage-first heap   total 239616K, used 146432K [0x0000000080000000, 0x0000000100000000)
  region size 1024K, 10 young (10240K), 10 survivors (10240K)
 Metaspace       used 134688K, committed 137152K, reserved 1179648K
  class space    used 18827K, committed 20032K, reserved 1048576K
}
Event: 28.439 GC heap before
{Heap before GC invocations=47 (full 0):
 garbage-first heap   total 239616K, used 212992K [0x0000000080000000, 0x0000000100000000)
  region size 1024K, 76 young (77824K), 10 survivors (10240K)
 Metaspace       used 135222K, committed 137664K, reserved 1179648K
  class space    used 18877K, committed 20096K, reserved 1048576K
}
Event: 28.462 GC heap after
{Heap after GC invocations=48 (full 0):
 garbage-first heap   total 239616K, used 153577K [0x0000000080000000, 0x0000000100000000)
  region size 1024K, 10 young (10240K), 10 survivors (10240K)
 Metaspace       used 135222K, committed 137664K, reserved 1179648K
  class space    used 18877K, committed 20096K, reserved 1048576K
}
Event: 29.008 GC heap before
{Heap before GC invocations=48 (full 0):
 garbage-first heap   total 239616K, used 213993K [0x0000000080000000, 0x0000000100000000)
  region size 1024K, 69 young (70656K), 10 survivors (10240K)
 Metaspace       used 137776K, committed 140160K, reserved 1179648K
  class space    used 19295K, committed 20480K, reserved 1048576K
}
Event: 29.037 GC heap after
{Heap after GC invocations=49 (full 0):
 garbage-first heap   total 239616K, used 163697K [0x0000000080000000, 0x0000000100000000)
  region size 1024K, 9 young (9216K), 9 survivors (9216K)
 Metaspace       used 137776K, committed 140160K, reserved 1179648K
  class space    used 19295K, committed 20480K, reserved 1048576K
}

Dll operation events (3 events):
Event: 0.011 Loaded shared library C:\Program Files\Android\Android Studio\jbr\bin\java.dll
Event: 0.017 Loaded shared library C:\Program Files\Android\Android Studio\jbr\bin\zip.dll
Event: 1.041 Loaded shared library C:\Program Files\Android\Android Studio\jbr\bin\verify.dll

Deoptimization events (20 events):
Event: 29.002 Thread 0x00000236f3880920 Uncommon trap: trap_request=0xffffff45 fr.pc=0x00000236de7fab4c relative=0x00000000000009cc
Event: 29.002 Thread 0x00000236f3880920 Uncommon trap: reason=unstable_if action=reinterpret pc=0x00000236de7fab4c method=com.android.tools.r8.internal.nv.a([CII)Ljava/lang/String; @ 66 c2
Event: 29.003 Thread 0x00000236f3880920 DEOPT PACKING pc=0x00000236de7fab4c sp=0x0000004b083f9be0
Event: 29.003 Thread 0x00000236f3880920 DEOPT UNPACKING pc=0x00000236de1143a2 sp=0x0000004b083f9bb0 mode 2
Event: 29.003 Thread 0x00000236f3880920 Uncommon trap: trap_request=0xffffff45 fr.pc=0x00000236dea4b818 relative=0x00000000000004d8
Event: 29.003 Thread 0x00000236f3880920 Uncommon trap: reason=unstable_if action=reinterpret pc=0x00000236dea4b818 method=java.lang.StringUTF16.compress([CII)[B @ 17 c2
Event: 29.003 Thread 0x00000236f3880920 DEOPT PACKING pc=0x00000236dea4b818 sp=0x0000004b083f9b40
Event: 29.003 Thread 0x00000236f3880920 DEOPT UNPACKING pc=0x00000236de1143a2 sp=0x0000004b083f9a18 mode 2
Event: 29.003 Thread 0x00000236f3880920 Uncommon trap: trap_request=0xffffff45 fr.pc=0x00000236dea7b5bc relative=0x0000000000000f1c
Event: 29.003 Thread 0x00000236f3880920 Uncommon trap: reason=unstable_if action=reinterpret pc=0x00000236dea7b5bc method=com.android.tools.r8.graph.k6.a(Ljava/lang/String;)[B @ 36 c2
Event: 29.003 Thread 0x00000236f3880920 DEOPT PACKING pc=0x00000236dea7b5bc sp=0x0000004b083f9d30
Event: 29.003 Thread 0x00000236f3880920 DEOPT UNPACKING pc=0x00000236de1143a2 sp=0x0000004b083f9c28 mode 2
Event: 29.003 Thread 0x00000236f3880920 Uncommon trap: trap_request=0xffffff45 fr.pc=0x00000236de6d1358 relative=0x0000000000000138
Event: 29.003 Thread 0x00000236f3880920 Uncommon trap: reason=unstable_if action=reinterpret pc=0x00000236de6d1358 method=com.android.tools.r8.graph.k6.a(C[BI)I @ 23 c2
Event: 29.003 Thread 0x00000236f3880920 DEOPT PACKING pc=0x00000236de6d1358 sp=0x0000004b083f9c10
Event: 29.003 Thread 0x00000236f3880920 DEOPT UNPACKING pc=0x00000236de1143a2 sp=0x0000004b083f9bb0 mode 2
Event: 29.218 Thread 0x00000236f387e850 Uncommon trap: trap_request=0xffffff45 fr.pc=0x00000236dec6fe98 relative=0x00000000000016b8
Event: 29.218 Thread 0x00000236f387e850 Uncommon trap: reason=unstable_if action=reinterpret pc=0x00000236dec6fe98 method=com.android.tools.r8.internal.nv.a(Lcom/android/tools/r8/internal/f6;ILjava/lang/String;[C)I @ 34 c2
Event: 29.218 Thread 0x00000236f387e850 DEOPT PACKING pc=0x00000236dec6fe98 sp=0x0000004b080f9bf0
Event: 29.218 Thread 0x00000236f387e850 DEOPT UNPACKING pc=0x00000236de1143a2 sp=0x0000004b080f9ba8 mode 2

Classes loaded (20 events):
Event: 25.340 Loading class java/lang/invoke/WrongMethodTypeException
Event: 25.341 Loading class java/lang/invoke/WrongMethodTypeException done
Event: 26.486 Loading class sun/nio/fs/Globs
Event: 26.487 Loading class sun/nio/fs/Globs done
Event: 26.487 Loading class java/util/regex/Pattern$SliceU
Event: 26.487 Loading class java/util/regex/Pattern$SliceU done
Event: 26.487 Loading class sun/nio/fs/WindowsFileSystem$2
Event: 26.487 Loading class sun/nio/fs/WindowsFileSystem$2 done
Event: 26.497 Loading class java/util/zip/ZipFile$ZipEntryIterator
Event: 26.497 Loading class java/util/zip/ZipFile$ZipEntryIterator done
Event: 26.631 Loading class java/util/zip/ZipInputStream
Event: 26.631 Loading class java/util/zip/ZipInputStream done
Event: 27.385 Loading class java/util/stream/IntPipeline$1
Event: 27.385 Loading class java/util/stream/IntPipeline$1 done
Event: 27.386 Loading class java/util/stream/IntPipeline$1$1
Event: 27.386 Loading class java/util/stream/Sink$ChainedInt
Event: 27.386 Loading class java/util/stream/Sink$ChainedInt done
Event: 27.386 Loading class java/util/stream/IntPipeline$1$1 done
Event: 27.413 Loading class java/util/concurrent/RejectedExecutionException
Event: 27.413 Loading class java/util/concurrent/RejectedExecutionException done

Classes unloaded (20 events):
Event: 29.400 Thread 0x00000236ea8648f0 Unloading class 0x000000010125b478 'jdk/internal/jimage/ImageHeader'
Event: 29.400 Thread 0x00000236ea8648f0 Unloading class 0x000000010125b210 'jdk/internal/jimage/BasicImageReader$2'
Event: 29.400 Thread 0x00000236ea8648f0 Unloading class 0x000000010125afa8 'jdk/internal/jimage/BasicImageReader$1'
Event: 29.400 Thread 0x00000236ea8648f0 Unloading class 0x000000010125ad08 'jdk/internal/jimage/ImageReader$Resource'
Event: 29.400 Thread 0x00000236ea8648f0 Unloading class 0x000000010125aa68 'jdk/internal/jimage/ImageReader$LinkNode'
Event: 29.400 Thread 0x00000236ea8648f0 Unloading class 0x000000010125a7c8 'jdk/internal/jimage/ImageReader$Directory'
Event: 29.400 Thread 0x00000236ea8648f0 Unloading class 0x000000010125a528 'jdk/internal/jimage/ImageReader$Node'
Event: 29.400 Thread 0x00000236ea8648f0 Unloading class 0x000000010125a2f8 'jdk/internal/jimage/ImageStrings'
Event: 29.400 Thread 0x00000236ea8648f0 Unloading class 0x000000010125a000 'jdk/internal/jimage/ImageReader$SharedImageReader'
Event: 29.400 Thread 0x00000236ea8648f0 Unloading class 0x0000000101259be0 'jdk/internal/jimage/BasicImageReader'
Event: 29.400 Thread 0x00000236ea8648f0 Unloading class 0x0000000101259988 'jdk/internal/jimage/ImageReader'
Event: 29.400 Thread 0x00000236ea8648f0 Unloading class 0x0000000101259728 'jdk/internal/jrtfs/SystemImage$2'
Event: 29.400 Thread 0x00000236ea8648f0 Unloading class 0x00000001012594d8 'jdk/internal/jrtfs/SystemImage$$Lambda+0x00000001012594d8'
Event: 29.400 Thread 0x00000236ea8648f0 Unloading class 0x0000000101259270 'jdk/internal/jrtfs/ExplodedImage'
Event: 29.400 Thread 0x00000236ea8648f0 Unloading class 0x0000000101259000 'jdk/internal/jrtfs/SystemImage$1'
Event: 29.400 Thread 0x00000236ea8648f0 Unloading class 0x0000000101258ca0 'jdk/internal/jrtfs/SystemImage'
Event: 29.400 Thread 0x00000236ea8648f0 Unloading class 0x0000000101258a08 'jdk/internal/jrtfs/JrtFileStore'
Event: 29.400 Thread 0x00000236ea8648f0 Unloading class 0x0000000101258658 'jdk/internal/jrtfs/JrtPath'
Event: 29.400 Thread 0x00000236ea8648f0 Unloading class 0x0000000101258328 'jdk/internal/jrtfs/JrtFileSystem'
Event: 29.400 Thread 0x00000236ea8648f0 Unloading class 0x0000000101258000 'jdk/internal/jrtfs/JrtFileSystemProvider'

Classes redefined (0 events):
No events

Internal exceptions (20 events):
Event: 29.324 Thread 0x00000236f3880920 Exception <a 'sun/nio/fs/WindowsException'{0x000000008d0bba60}> (0x000000008d0bba60) 
thrown [s\src\hotspot\share\prims\jni.cpp, line 537]
Event: 29.326 Thread 0x00000236f3880920 Exception <a 'sun/nio/fs/WindowsException'{0x000000008d0d5798}> (0x000000008d0d5798) 
thrown [s\src\hotspot\share\prims\jni.cpp, line 537]
Event: 29.328 Thread 0x00000236f3880920 Exception <a 'sun/nio/fs/WindowsException'{0x000000008d0ed048}> (0x000000008d0ed048) 
thrown [s\src\hotspot\share\prims\jni.cpp, line 537]
Event: 29.328 Thread 0x00000236f3880920 Exception <a 'sun/nio/fs/WindowsException'{0x000000008d0fc128}> (0x000000008d0fc128) 
thrown [s\src\hotspot\share\prims\jni.cpp, line 537]
Event: 29.329 Thread 0x00000236f3880920 Exception <a 'sun/nio/fs/WindowsException'{0x000000008cf26a28}> (0x000000008cf26a28) 
thrown [s\src\hotspot\share\prims\jni.cpp, line 537]
Event: 29.331 Thread 0x00000236f3880920 Exception <a 'sun/nio/fs/WindowsException'{0x000000008cf3dbd8}> (0x000000008cf3dbd8) 
thrown [s\src\hotspot\share\prims\jni.cpp, line 537]
Event: 29.334 Thread 0x00000236f3880920 Exception <a 'sun/nio/fs/WindowsException'{0x000000008cf485e8}> (0x000000008cf485e8) 
thrown [s\src\hotspot\share\prims\jni.cpp, line 537]
Event: 29.336 Thread 0x00000236f3880920 Exception <a 'sun/nio/fs/WindowsException'{0x000000008cf58970}> (0x000000008cf58970) 
thrown [s\src\hotspot\share\prims\jni.cpp, line 537]
Event: 29.338 Thread 0x00000236f0aadf60 Exception <a 'sun/nio/fs/WindowsException'{0x000000008cf94810}> (0x000000008cf94810) 
thrown [s\src\hotspot\share\prims\jni.cpp, line 537]
Event: 29.339 Thread 0x00000236f3880920 Exception <a 'sun/nio/fs/WindowsException'{0x000000008cf786c8}> (0x000000008cf786c8) 
thrown [s\src\hotspot\share\prims\jni.cpp, line 537]
Event: 29.364 Thread 0x00000236f3880920 Exception <a 'sun/nio/fs/WindowsException'{0x000000008cb1cf58}> (0x000000008cb1cf58) 
thrown [s\src\hotspot\share\prims\jni.cpp, line 537]
Event: 29.374 Thread 0x00000236f3880920 Exception <a 'sun/nio/fs/WindowsException'{0x000000008cb368d8}> (0x000000008cb368d8) 
thrown [s\src\hotspot\share\prims\jni.cpp, line 537]
Event: 29.375 Thread 0x00000236f3880920 Exception <a 'sun/nio/fs/WindowsException'{0x000000008cab5698}> (0x000000008cab5698) 
thrown [s\src\hotspot\share\prims\jni.cpp, line 537]
Event: 29.376 Thread 0x00000236f3880920 Exception <a 'sun/nio/fs/WindowsException'{0x000000008cac2ed8}> (0x000000008cac2ed8) 
thrown [s\src\hotspot\share\prims\jni.cpp, line 537]
Event: 29.377 Thread 0x00000236f3880920 Exception <a 'sun/nio/fs/WindowsException'{0x000000008cad6338}> (0x000000008cad6338) 
thrown [s\src\hotspot\share\prims\jni.cpp, line 537]
Event: 29.378 Thread 0x00000236f3880920 Exception <a 'sun/nio/fs/WindowsException'{0x000000008cadf260}> (0x000000008cadf260) 
thrown [s\src\hotspot\share\prims\jni.cpp, line 537]
Event: 29.379 Thread 0x00000236f3880920 Exception <a 'sun/nio/fs/WindowsException'{0x000000008cae90e0}> (0x000000008cae90e0) 
thrown [s\src\hotspot\share\prims\jni.cpp, line 537]
Event: 29.380 Thread 0x00000236f3880920 Exception <a 'sun/nio/fs/WindowsException'{0x000000008c900a78}> (0x000000008c900a78) 
thrown [s\src\hotspot\share\prims\jni.cpp, line 537]
Event: 29.381 Thread 0x00000236f3880920 Exception <a 'sun/nio/fs/WindowsException'{0x000000008c91a690}> (0x000000008c91a690) 
thrown [s\src\hotspot\share\prims\jni.cpp, line 537]
Event: 29.382 Thread 0x00000236f3880920 Exception <a 'sun/nio/fs/WindowsException'{0x000000008c925fa8}> (0x000000008c925fa8) 
thrown [s\src\hotspot\share\prims\jni.cpp, line 537]

ZGC Phase Switch (0 events):
No events

VM Operations (20 events):
Event: 27.967 Executing safepoint VM operation: G1CollectForAllocation (G1 Evacuation Pause) done
Event: 27.967 Executing safepoint VM operation: G1CollectForAllocation (GCLocker Initiated GC)
Event: 27.976 Executing safepoint VM operation: G1CollectForAllocation (GCLocker Initiated GC) done
Event: 28.439 Executing safepoint VM operation: G1CollectForAllocation (G1 Evacuation Pause)
Event: 28.462 Executing safepoint VM operation: G1CollectForAllocation (G1 Evacuation Pause) done
Event: 28.879 Executing non-safepoint VM operation: HandshakeAllThreads (Deoptimize)
Event: 28.879 Executing non-safepoint VM operation: HandshakeAllThreads (Deoptimize) done
Event: 28.923 Executing non-safepoint VM operation: HandshakeAllThreads (Deoptimize)
Event: 28.923 Executing non-safepoint VM operation: HandshakeAllThreads (Deoptimize) done
Event: 28.955 Executing non-safepoint VM operation: HandshakeAllThreads (Deoptimize)
Event: 28.955 Executing non-safepoint VM operation: HandshakeAllThreads (Deoptimize) done
Event: 28.957 Executing non-safepoint VM operation: HandshakeAllThreads (Deoptimize)
Event: 28.958 Executing non-safepoint VM operation: HandshakeAllThreads (Deoptimize) done
Event: 29.007 Executing safepoint VM operation: G1CollectForAllocation (G1 Evacuation Pause)
Event: 29.037 Executing safepoint VM operation: G1CollectForAllocation (G1 Evacuation Pause) done
Event: 29.095 Executing non-safepoint VM operation: HandshakeAllThreads (Deoptimize)
Event: 29.096 Executing non-safepoint VM operation: HandshakeAllThreads (Deoptimize) done
Event: 29.158 Executing non-safepoint VM operation: HandshakeAllThreads (Deoptimize)
Event: 29.164 Executing non-safepoint VM operation: HandshakeAllThreads (Deoptimize) done
Event: 29.383 Executing safepoint VM operation: G1PauseRemark

Memory protections (0 events):
No events

Nmethod flushes (20 events):
Event: 29.414 Thread 0x00000236ea8648f0 flushing  nmethod 0x00000236d81a9610
Event: 29.414 Thread 0x00000236ea8648f0 flushing  nmethod 0x00000236d81ab190
Event: 29.414 Thread 0x00000236ea8648f0 flushing  nmethod 0x00000236d81abf90
Event: 29.414 Thread 0x00000236ea8648f0 flushing  nmethod 0x00000236d81ac310
Event: 29.414 Thread 0x00000236ea8648f0 flushing  nmethod 0x00000236d81ade90
Event: 29.414 Thread 0x00000236ea8648f0 flushing  nmethod 0x00000236d81ae710
Event: 29.414 Thread 0x00000236ea8648f0 flushing  nmethod 0x00000236d81aea90
Event: 29.414 Thread 0x00000236ea8648f0 flushing  nmethod 0x00000236d81b3f10
Event: 29.414 Thread 0x00000236ea8648f0 flushing  nmethod 0x00000236d81b4310
Event: 29.414 Thread 0x00000236ea8648f0 flushing  nmethod 0x00000236d81b5e90
Event: 29.414 Thread 0x00000236ea8648f0 flushing  nmethod 0x00000236d81b8410
Event: 29.414 Thread 0x00000236ea8648f0 flushing  nmethod 0x00000236d81bbd10
Event: 29.414 Thread 0x00000236ea8648f0 flushing  nmethod 0x00000236d81bc990
Event: 29.414 Thread 0x00000236ea8648f0 flushing  nmethod 0x00000236d81bd810
Event: 29.414 Thread 0x00000236ea8648f0 flushing  nmethod 0x00000236d81ee610
Event: 29.414 Thread 0x00000236ea8648f0 flushing  nmethod 0x00000236d81f9c90
Event: 29.414 Thread 0x00000236ea8648f0 flushing  nmethod 0x00000236d8282910
Event: 29.414 Thread 0x00000236ea8648f0 flushing  nmethod 0x00000236d82bba10
Event: 29.414 Thread 0x00000236ea8648f0 flushing  nmethod 0x00000236d82bf090
Event: 29.414 Thread 0x00000236ea8648f0 flushing  nmethod 0x00000236d82e4390

Events (20 events):
Event: 13.099 Thread 0x00000236f26bc750 Thread exited: 0x00000236f26bc750
Event: 13.201 Thread 0x00000236f2086350 Thread added: 0x00000236f3884430
Event: 13.630 Thread 0x00000236eaa69fc0 Thread added: 0x00000236f26bfdd0
Event: 13.690 Thread 0x00000236f2086350 Thread added: 0x00000236f31c57c0
Event: 14.338 Thread 0x00000236f2086350 Thread added: 0x00000236f3941f20
Event: 17.658 Thread 0x00000236f26bfdd0 Thread exited: 0x00000236f26bfdd0
Event: 17.790 Thread 0x00000236eaa69fc0 Thread added: 0x00000236f63eb7a0
Event: 18.528 Thread 0x00000236f63eb7a0 Thread exited: 0x00000236f63eb7a0
Event: 18.723 Thread 0x00000236eaa69fc0 Thread added: 0x00000236f63eb7a0
Event: 19.343 Thread 0x00000236f63eb7a0 Thread exited: 0x00000236f63eb7a0
Event: 19.574 Thread 0x00000236eaa68210 Thread added: 0x00000236f63eb7a0
Event: 21.251 Thread 0x00000236f2086350 Thread added: 0x00000236f0aabe90
Event: 21.252 Thread 0x00000236f2086350 Thread added: 0x00000236f0aab800
Event: 21.331 Thread 0x00000236f2086350 Thread added: 0x00000236f0aaf9a0
Event: 21.339 Thread 0x00000236f0aaf9a0 Thread added: 0x00000236f0aac520
Event: 21.339 Thread 0x00000236f0aaf9a0 Thread added: 0x00000236f0aadf60
Event: 21.339 Thread 0x00000236f0aaf9a0 Thread added: 0x00000236f0aad240
Event: 21.359 Thread 0x00000236f0aadf60 Thread added: 0x00000236f0ab0030
Event: 22.972 Thread 0x00000236f0aadf60 Thread added: 0x00000236f0aad8d0
Event: 25.331 Thread 0x00000236f0aadf60 Thread added: 0x00000236f367c640


Dynamic libraries:
0x00007ff7b2180000 - 0x00007ff7b218a000 	C:\Program Files\Android\Android Studio\jbr\bin\java.exe
0x00007fffff600000 - 0x00007fffff868000 	C:\WINDOWS\SYSTEM32\ntdll.dll
0x00007ffffe270000 - 0x00007ffffe339000 	C:\WINDOWS\System32\KERNEL32.DLL
0x00007ffffce60000 - 0x00007ffffd252000 	C:\WINDOWS\System32\KERNELBASE.dll
0x00007ffffc980000 - 0x00007ffffcacb000 	C:\WINDOWS\System32\ucrtbase.dll
0x00007fffd13c0000 - 0x00007fffd13db000 	C:\Program Files\Android\Android Studio\jbr\bin\VCRUNTIME140.dll
0x00007fffeaff0000 - 0x00007fffeb008000 	C:\Program Files\Android\Android Studio\jbr\bin\jli.dll
0x00007ffffeb80000 - 0x00007ffffed45000 	C:\WINDOWS\System32\USER32.dll
0x00007ffffcd80000 - 0x00007ffffcda7000 	C:\WINDOWS\System32\win32u.dll
0x00007fffe4ca0000 - 0x00007fffe4f33000 	C:\WINDOWS\WinSxS\amd64_microsoft.windows.common-controls_6595b64144ccf1df_6.0.26100.6899_none_3e0efeeae32e88c1\COMCTL32.dll
0x00007ffffdfe0000 - 0x00007ffffe00b000 	C:\WINDOWS\System32\GDI32.dll
0x00007ffffdc40000 - 0x00007ffffdce9000 	C:\WINDOWS\System32\msvcrt.dll
0x00007ffffcad0000 - 0x00007ffffcbfd000 	C:\WINDOWS\System32\gdi32full.dll
0x00007ffffcdb0000 - 0x00007ffffce53000 	C:\WINDOWS\System32\msvcp_win.dll
0x00007fffff3a0000 - 0x00007fffff3cf000 	C:\WINDOWS\System32\IMM32.DLL
0x00007fffed560000 - 0x00007fffed56c000 	C:\Program Files\Android\Android Studio\jbr\bin\vcruntime140_1.dll
0x00007fffe6910000 - 0x00007fffe699d000 	C:\Program Files\Android\Android Studio\jbr\bin\msvcp140.dll
0x00007fff75750000 - 0x00007fff763e6000 	C:\Program Files\Android\Android Studio\jbr\bin\server\jvm.dll
0x00007ffffdd70000 - 0x00007ffffde24000 	C:\WINDOWS\System32\ADVAPI32.dll
0x00007ffffe010000 - 0x00007ffffe0b6000 	C:\WINDOWS\System32\sechost.dll
0x00007ffffdb20000 - 0x00007ffffdc38000 	C:\WINDOWS\System32\RPCRT4.dll
0x00007ffffdcf0000 - 0x00007ffffdd64000 	C:\WINDOWS\System32\WS2_32.dll
0x00007ffffc5f0000 - 0x00007ffffc64e000 	C:\WINDOWS\SYSTEM32\POWRPROF.dll
0x00007fffe7510000 - 0x00007fffe7545000 	C:\WINDOWS\SYSTEM32\WINMM.dll
0x00007fffedab0000 - 0x00007fffedabb000 	C:\WINDOWS\SYSTEM32\VERSION.dll
0x00007ffffc5d0000 - 0x00007ffffc5e4000 	C:\WINDOWS\SYSTEM32\UMPDC.dll
0x00007ffffb530000 - 0x00007ffffb54b000 	C:\WINDOWS\SYSTEM32\kernel.appcore.dll
0x00007fffe39b0000 - 0x00007fffe39ba000 	C:\Program Files\Android\Android Studio\jbr\bin\jimage.dll
0x00007ffff7030000 - 0x00007ffff7272000 	C:\WINDOWS\SYSTEM32\DBGHELP.DLL
0x00007ffffed70000 - 0x00007fffff0eb000 	C:\WINDOWS\System32\combase.dll
0x00007ffffe3c0000 - 0x00007ffffe497000 	C:\WINDOWS\System32\OLEAUT32.dll
0x00007fffdd980000 - 0x00007fffdd9bc000 	C:\WINDOWS\SYSTEM32\dbgcore.DLL
0x00007ffffc8e0000 - 0x00007ffffc978000 	C:\WINDOWS\System32\bcryptPrimitives.dll
0x00007fffeafe0000 - 0x00007fffeafee000 	C:\Program Files\Android\Android Studio\jbr\bin\instrument.dll
0x00007fffc7f60000 - 0x00007fffc7f80000 	C:\Program Files\Android\Android Studio\jbr\bin\java.dll
0x00007fffc1900000 - 0x00007fffc1918000 	C:\Program Files\Android\Android Studio\jbr\bin\zip.dll
0x00007ffffd3d0000 - 0x00007ffffdb1d000 	C:\WINDOWS\System32\SHELL32.dll
0x00007ffffd260000 - 0x00007ffffd3cb000 	C:\WINDOWS\System32\wintypes.dll
0x00007ffffa3c0000 - 0x00007ffffac1d000 	C:\WINDOWS\SYSTEM32\windows.storage.dll
0x00007ffffe5c0000 - 0x00007ffffe6b2000 	C:\WINDOWS\System32\SHCORE.dll
0x00007fffff180000 - 0x00007fffff1e2000 	C:\WINDOWS\System32\shlwapi.dll
0x00007ffffc6b0000 - 0x00007ffffc6d9000 	C:\WINDOWS\SYSTEM32\profapi.dll
0x00007fffdd5e0000 - 0x00007fffdd5f0000 	C:\Program Files\Android\Android Studio\jbr\bin\net.dll
0x00007fffec370000 - 0x00007fffec48f000 	C:\WINDOWS\SYSTEM32\WINHTTP.dll
0x00007ffffbad0000 - 0x00007ffffbb3b000 	C:\WINDOWS\system32\mswsock.dll
0x00007fffc18e0000 - 0x00007fffc18f6000 	C:\Program Files\Android\Android Studio\jbr\bin\nio.dll
0x00007fffed900000 - 0x00007fffed910000 	C:\Program Files\Android\Android Studio\jbr\bin\verify.dll
0x00007fffe6680000 - 0x00007fffe66a7000 	C:\Users\DELL\.gradle\native\660c5614fbf4a5f2a75b1949f50a0caf5cd603558e7d8a26e50b933a0cfb79d1\windows-amd64\native-platform.dll
0x00007fffe6890000 - 0x00007fffe6907000 	C:\Users\DELL\.gradle\native\0.2.8\x86_64-windows-gnu\gradle-fileevents.dll
0x00007fffeafb0000 - 0x00007fffeafb9000 	C:\Program Files\Android\Android Studio\jbr\bin\management.dll
0x00007fffeafa0000 - 0x00007fffeafab000 	C:\Program Files\Android\Android Studio\jbr\bin\management_ext.dll
0x00007ffffe5b0000 - 0x00007ffffe5b8000 	C:\WINDOWS\System32\PSAPI.DLL
0x00007ffffaf20000 - 0x00007ffffaf54000 	C:\WINDOWS\SYSTEM32\IPHLPAPI.DLL
0x00007ffffe4a0000 - 0x00007ffffe4aa000 	C:\WINDOWS\System32\NSI.dll
0x00007fffeafc0000 - 0x00007fffeafc9000 	C:\Program Files\Android\Android Studio\jbr\bin\extnet.dll
0x00007ffffbd80000 - 0x00007ffffbd9b000 	C:\WINDOWS\SYSTEM32\CRYPTSP.dll
0x00007ffffb490000 - 0x00007ffffb4cb000 	C:\WINDOWS\system32\rsaenh.dll
0x00007ffffbb70000 - 0x00007ffffbb9b000 	C:\WINDOWS\SYSTEM32\USERENV.dll
0x00007ffffc680000 - 0x00007ffffc6a6000 	C:\WINDOWS\SYSTEM32\bcrypt.dll
0x00007ffffbda0000 - 0x00007ffffbdac000 	C:\WINDOWS\SYSTEM32\CRYPTBASE.dll
0x00007fff8d960000 - 0x00007fff8d968000 	C:\WINDOWS\system32\wshunix.dll

JVMTI agents:
C:\Users\DELL\.gradle\wrapper\dists\gradle-9.4.1-bin\arn2x92ynaizyzdaamcbpbhtj\gradle-9.4.1\lib\agents\gradle-instrumentation-agent-9.4.1.jar path:C:\Program Files\Android\Android Studio\jbr\bin\instrument.dll, loaded, initialized, instrumentlib options:none

dbghelp: loaded successfully - version: 4.0.5 - missing functions: none
symbol engine: initialized successfully - sym options: 0x614 - pdb path: .;C:\Program Files\Android\Android Studio\jbr\bin;C:\WINDOWS\SYSTEM32;C:\WINDOWS\WinSxS\amd64_microsoft.windows.common-controls_6595b64144ccf1df_6.0.26100.6899_none_3e0efeeae32e88c1;C:\Program Files\Android\Android Studio\jbr\bin\server;C:\Users\DELL\.gradle\native\660c5614fbf4a5f2a75b1949f50a0caf5cd603558e7d8a26e50b933a0cfb79d1\windows-amd64;C:\Users\DELL\.gradle\native\0.2.8\x86_64-windows-gnu

VM Arguments:
jvm_args: --add-opens=java.base/java.lang=ALL-UNNAMED --add-opens=java.base/java.lang.invoke=ALL-UNNAMED --add-opens=java.base/java.util=ALL-UNNAMED --add-opens=java.prefs/java.util.prefs=ALL-UNNAMED --add-exports=jdk.compiler/com.sun.tools.javac.api=ALL-UNNAMED --add-exports=jdk.compiler/com.sun.tools.javac.util=ALL-UNNAMED --add-opens=java.base/java.util=ALL-UNNAMED --add-opens=java.prefs/java.util.prefs=ALL-UNNAMED --add-opens=java.base/java.nio.charset=ALL-UNNAMED --add-opens=java.base/java.net=ALL-UNNAMED --add-opens=java.base/java.util.concurrent=ALL-UNNAMED --add-opens=java.base/java.util.concurrent.atomic=ALL-UNNAMED --add-opens=java.xml/javax.xml.namespace=ALL-UNNAMED --add-opens=java.base/java.time=ALL-UNNAMED -Xmx2048m -Dfile.encoding=UTF-8 -Duser.country=IN -Duser.language=en -Duser.variant -javaagent:C:\Users\DELL\.gradle\wrapper\dists\gradle-9.4.1-bin\arn2x92ynaizyzdaamcbpbhtj\gradle-9.4.1\lib\agents\gradle-instrumentation-agent-9.4.1.jar 
java_command: org.gradle.launcher.daemon.bootstrap.GradleDaemon 9.4.1
java_class_path (initial): C:\Users\DELL\.gradle\wrapper\dists\gradle-9.4.1-bin\arn2x92ynaizyzdaamcbpbhtj\gradle-9.4.1\lib\gradle-daemon-main-9.4.1.jar
Launcher Type: SUN_STANDARD

[Global flags]
     intx CICompilerCount                          = 3                                         {product} {ergonomic}
     uint ConcGCThreads                            = 1                                         {product} {ergonomic}
     uint G1ConcRefinementThreads                  = 4                                         {product} {ergonomic}
   size_t G1HeapRegionSize                         = 1048576                                   {product} {ergonomic}
    uintx GCDrainStackTargetSize                   = 64                                        {product} {ergonomic}
   size_t InitialHeapSize                          = 132120576                                 {product} {ergonomic}
   size_t MarkStackSize                            = 4194304                                   {product} {ergonomic}
   size_t MaxHeapSize                              = 2147483648                                {product} {command line}
   size_t MaxNewSize                               = 1287651328                                {product} {ergonomic}
   size_t MinHeapDeltaBytes                        = 1048576                                   {product} {ergonomic}
   size_t MinHeapSize                              = 8388608                                   {product} {ergonomic}
    uintx NonNMethodCodeHeapSize                   = 5832780                                {pd product} {ergonomic}
    uintx NonProfiledCodeHeapSize                  = 122912730                              {pd product} {ergonomic}
    uintx ProfiledCodeHeapSize                     = 122912730                              {pd product} {ergonomic}
    uintx ReservedCodeCacheSize                    = 251658240                              {pd product} {ergonomic}
     bool SegmentedCodeCache                       = true                                      {product} {ergonomic}
   size_t SoftMaxHeapSize                          = 2147483648                             {manageable} {ergonomic}
     bool UseCompressedOops                        = true                           {product lp64_product} {ergonomic}
     bool UseG1GC                                  = true                                      {product} {ergonomic}
     bool UseLargePagesIndividualAllocation        = false                                  {pd product} {ergonomic}

Logging:
Log output configuration:
 #0: stdout all=warning uptime,level,tags foldmultilines=false
 #1: stderr all=off uptime,level,tags foldmultilines=false

Release file:
JAVA_VERSION="21.0.10" 
MODULES="java.base java.compiler java.datatransfer java.xml java.prefs java.desktop java.instrument java.logging java.management java.security.sasl java.naming java.rmi java.management.rmi java.net.http java.scripting java.security.jgss java.transaction.xa java.sql java.sql.rowset java.xml.crypto java.se java.smartcardio jdk.accessibility jdk.internal.jvmstat jdk.attach jdk.charsets jdk.internal.opt jdk.zipfs jdk.compiler jdk.crypto.ec jdk.crypto.cryptoki jdk.dynalink jdk.hotspot.agent jdk.httpserver jdk.internal.ed jdk.internal.le jdk.internal.vm.ci jdk.jartool jdk.javadoc jdk.jcmd jdk.jdeps jdk.jdwp.agent jdk.jdi jdk.jfr jdk.jlink jdk.jsobject jdk.localedata jdk.management jdk.management.agent jdk.management.jfr jdk.naming.dns jdk.naming.rmi jdk.net jdk.sctp jdk.security.auth jdk.security.jgss jdk.unsupported jdk.unsupported.desktop jdk.xml.dom" 
IMPLEMENTOR="JetBrains s.r.o." 
JAVA_RUNTIME_VERSION="21.0.10+-14961533-b1163.108" 
LIBC="default" 
OS_ARCH="x86_64" 
OS_NAME="Windows" 
SOURCE=".:git:1351622c2ff2" 

Environment Variables:
PATH=C:\Program Files\Common Files\Oracle\Java\javapath;C:\WINDOWS\system32;C:\WINDOWS;C:\WINDOWS\System32\Wbem;C:\WINDOWS\System32\WindowsPowerShell\v1.0\;C:\WINDOWS\System32\OpenSSH\;C:\Program Files\MongoDB\Server\8.0\bin;C:\MinGW\bin;C:\Program Files\nodejs\;C:\msys64\mingw64\bin;C:\Users\DELL\AppData\Local\Programs\Python\Launcher\;C:\Users\DELL\AppData\Local\Programs\Python\Python313\Scripts\;C:\Users\DELL\AppData\Local\Programs\Python\Python313\;C:\Users\DELL\AppData\Local\Programs\Python\Python312\Scripts\;C:\Users\DELL\AppData\Local\Programs\Python\Python312\;C:\Users\DELL\AppData\Local\Microsoft\WindowsApps;C:\Users\DELL\AppData\Local\Programs\Microsoft VS Code\bin;C:\Users\DELL\AppData\Local\JetBrains\IntelliJ IDEA Community Edition 2024.1.4\bin;;C:\Program Files\mingw-w64-v11.0.0\mingw-w64-v11.0.0;C:\MinGW\bin;C:\msys64\ucrt64\bin;C:\Users\DELL\AppData\Roaming\npm
USERNAME=DELL
OS=Windows_NT
PROCESSOR_IDENTIFIER=Intel64 Family 6 Model 142 Stepping 10, GenuineIntel
TMP=C:\Users\DELL\AppData\Local\Temp
TEMP=C:\Users\DELL\AppData\Local\Temp




Periodic native trim disabled

JNI global refs:
JNI global refs: 28, weak refs: 13

JNI global refs memory usage: 835, weak refs: 833

Process memory usage:
Resident Set Size: 662616K (8% of 8243644K total physical memory with 645820K free physical memory)

OOME stack traces (most recent first):
Classloader memory used:
Loader org.gradle.internal.classloader.VisitableURLClassLoader                         : 46196K
Loader org.gradle.internal.classloader.VisitableURLClassLoader$InstrumentingVisitableURLClassLoader: 39639K
Loader bootstrap                                                                       : 29348K
Loader org.gradle.initialization.MixInLegacyTypesClassLoader                           : 13327K
Loader jdk.internal.loader.ClassLoaders$AppClassLoader                                 : 8125K
Loader jdk.internal.loader.ClassLoaders$PlatformClassLoader                            : 644K
Loader jdk.internal.reflect.DelegatingClassLoader                                      : 384K
Loader org.gradle.internal.classloader.VisitableURLClassLoader                         : 203K
Loader org.gradle.groovy.scripts.internal.DefaultScriptCompilationHandler$ScriptClassLoader: 128K

Classes loaded by more than one classloader:
Class Program                                                                         : loaded 5 times (x 72B)
Class Build_gradle                                                                    : loaded 3 times (x 126B)
Class com.google.common.collect.RegularImmutableMap$KeySet                            : loaded 2 times (x 152B)
Class org.gradle.internal.classloader.FilteringClassLoader                            : loaded 2 times (x 105B)
Class com.google.common.base.CharMatcher$IsEither                                     : loaded 2 times (x 111B)
Class org.gradle.internal.classloader.ClassLoaderHierarchy                            : loaded 2 times (x 70B)
Class com.google.common.collect.ImmutableEnumSet                                      : loaded 2 times (x 146B)
Class com.google.common.util.concurrent.ExecutionError                                : loaded 2 times (x 82B)
Class com.google.common.collect.ImmutableList$1                                       : loaded 2 times (x 97B)
Class ijJvmDebugger1_858lgih2bb2q0e27cpsinjh49$_run_closure1                          : loaded 2 times (x 139B)
Class com.google.common.io.ByteArrayDataOutput                                        : loaded 2 times (x 70B)
Class com.google.common.collect.RegularImmutableMap                                   : loaded 2 times (x 121B)
Class com.google.common.collect.ImmutableMap$MapViewOfValuesAsSingletonSets           : loaded 2 times (x 126B)
Class [Lorg.objectweb.asm.Symbol;                                                     : loaded 2 times (x 69B)
Class org.objectweb.asm.ClassVisitor                                                  : loaded 2 times (x 88B)
Class com.google.common.collect.UnmodifiableListIterator                              : loaded 2 times (x 95B)
Class com.google.common.base.Platform$JdkPatternCompiler                              : loaded 2 times (x 75B)
Class org.objectweb.asm.MethodTooLargeException                                       : loaded 2 times (x 83B)
Class [Lcom.google.common.cache.CacheBuilder$OneWeigher;                              : loaded 2 times (x 69B)
Class com.google.common.base.Suppliers                                                : loaded 2 times (x 71B)
Class org.gradle.internal.classloader.DefaultClassLoaderFactory                       : loaded 2 times (x 82B)
Class [Lcom.google.common.collect.ImmutableMapEntry;                                  : loaded 2 times (x 69B)
Class com.google.common.collect.ListMultimap                                          : loaded 2 times (x 70B)
Class com.google.common.collect.ImmutableEnumMap                                      : loaded 2 times (x 126B)
Class com.google.common.collect.Sets$1                                                : loaded 2 times (x 139B)
Class org.objectweb.asm.AnnotationVisitor                                             : loaded 2 times (x 78B)
Class org.gradle.api.internal.DefaultClassPathProvider                                : loaded 2 times (x 76B)
Class com.google.common.collect.Sets$2                                                : loaded 2 times (x 139B)
Class [Lorg.gradle.api.internal.ClassPathProvider;                                    : loaded 2 times (x 69B)
Class org.gradle.api.internal.ClassPathProvider                                       : loaded 2 times (x 70B)
Class [Lorg.objectweb.asm.AnnotationVisitor;                                          : loaded 2 times (x 69B)
Class com.google.common.collect.Sets$3                                                : loaded 2 times (x 139B)
Class com.google.common.cache.LocalCache$LocalLoadingCache                            : loaded 2 times (x 134B)
Class org.gradle.internal.service.UnknownServiceException                             : loaded 2 times (x 83B)
Class com.google.common.io.ByteArrayDataInput                                         : loaded 2 times (x 70B)
Class com.google.common.collect.Sets$4                                                : loaded 2 times (x 139B)
Class org.objectweb.asm.ModuleVisitor                                                 : loaded 2 times (x 81B)
Class com.google.common.cache.LocalCache$Strength$1                                   : loaded 2 times (x 81B)
Class com.google.common.util.concurrent.SettableFuture                                : loaded 2 times (x 114B)
Class com.google.common.cache.LocalCache$Strength$2                                   : loaded 2 times (x 81B)
Class com.google.common.io.ByteStreams                                                : loaded 2 times (x 71B)
Class com.google.common.cache.LocalCache$Strength$3                                   : loaded 2 times (x 81B)
Class com.google.common.collect.MapDifference                                         : loaded 2 times (x 70B)
Class org.objectweb.asm.FieldWriter                                                   : loaded 2 times (x 78B)
Class com.google.common.cache.CacheBuilder$NullListener                               : loaded 2 times (x 82B)
Class org.gradle.internal.classpath.TransformedClassPath                              : loaded 2 times (x 96B)
Class org.gradle.internal.classloader.InstrumentingClassLoader                        : loaded 2 times (x 70B)
Class com.google.common.cache.CacheLoader$FunctionToCacheLoader                       : loaded 2 times (x 75B)
Class com.google.common.collect.Iterators$ArrayItr                                    : loaded 2 times (x 97B)
Class com.google.common.collect.ImmutableCollection$Builder                           : loaded 2 times (x 76B)
Class com.google.common.base.Joiner                                                   : loaded 2 times (x 79B)
Class com.google.common.base.MoreObjects                                              : loaded 2 times (x 71B)
Class com.google.common.collect.Platform                                              : loaded 2 times (x 71B)
Class com.google.common.base.Equivalence$Identity                                     : loaded 2 times (x 82B)
Class com.google.common.collect.UnmodifiableIterator                                  : loaded 2 times (x 80B)
Class org.gradle.internal.service.ServiceLocator                                      : loaded 2 times (x 70B)
Class com.google.common.base.Ascii                                                    : loaded 2 times (x 71B)
Class com.google.common.collect.SingletonImmutableBiMap                               : loaded 2 times (x 143B)
Class com.google.common.cache.LocalCache$1                                            : loaded 2 times (x 89B)
Class com.google.common.collect.Iterators$SingletonIterator                           : loaded 2 times (x 81B)
Class com.google.common.collect.AbstractMapEntry                                      : loaded 2 times (x 81B)
Class com.google.common.collect.Sets$ImprovedAbstractSet                              : loaded 2 times (x 135B)
Class com.google.common.collect.ImmutableList$Builder                                 : loaded 2 times (x 77B)
Class com.google.common.collect.AbstractMultimap                                      : loaded 2 times (x 123B)
Class com.google.common.cache.LocalCache$2                                            : loaded 2 times (x 142B)
Class ijJvmDebugger1_858lgih2bb2q0e27cpsinjh49$_run_closure1$_closure2                : loaded 2 times (x 140B)
Class com.google.common.collect.RegularImmutableAsList                                : loaded 2 times (x 217B)
Class com.google.common.util.concurrent.AbstractFuture$Trusted                        : loaded 2 times (x 70B)
Class com.google.common.collect.Iterators                                             : loaded 2 times (x 71B)
Class com.google.common.collect.Lists$StringAsImmutableList                           : loaded 2 times (x 207B)
Class com.google.common.util.concurrent.UncheckedExecutionException                   : loaded 2 times (x 82B)
Class org.gradle.kotlin.dsl.VersionCatalogAccessorsKt                                 : loaded 2 times (x 71B)
Class com.google.common.collect.AbstractMapBasedMultimap$KeySet$1                     : loaded 2 times (x 82B)
Class org.objectweb.asm.ClassWriter                                                   : loaded 2 times (x 106B)
Class com.google.common.base.CharMatcher$And                                          : loaded 2 times (x 112B)
Class com.google.common.cache.CacheLoader$UnsupportedLoadingOperationException        : loaded 2 times (x 82B)
Class com.google.common.base.Objects                                                  : loaded 2 times (x 71B)
Class org.objectweb.asm.FieldVisitor                                                  : loaded 2 times (x 77B)
Class com.google.common.collect.IndexedImmutableSet                                   : loaded 2 times (x 152B)
Class com.google.common.collect.ImmutableMap$1                                        : loaded 2 times (x 81B)
Class com.google.common.collect.BiMap                                                 : loaded 2 times (x 70B)
Class org.gradle.api.internal.classpath.DefaultModuleRegistry$DefaultModule           : loaded 2 times (x 82B)
Class com.google.common.primitives.Ints                                               : loaded 2 times (x 71B)
Class com.google.common.collect.AbstractIterator                                      : loaded 2 times (x 82B)
Class com.google.common.collect.ObjectArrays                                          : loaded 2 times (x 71B)
Class com.google.common.math.MathPreconditions                                        : loaded 2 times (x 71B)
Class com.google.common.collect.Multiset                                              : loaded 2 times (x 70B)
Class com.google.common.collect.ArrayListMultimapGwtSerializationDependencies         : loaded 2 times (x 172B)
Class com.google.common.collect.AbstractIndexedListIterator                           : loaded 2 times (x 96B)
Class com.google.common.collect.ImmutableMapEntrySet                                  : loaded 2 times (x 152B)
Class org.gradle.api.internal.classpath.Module                                        : loaded 2 times (x 70B)
Class com.google.common.cache.Weigher                                                 : loaded 2 times (x 70B)
Class org.gradle.api.internal.classpath.UnknownModuleException                        : loaded 2 times (x 82B)
Class com.google.common.base.Stopwatch                                                : loaded 2 times (x 72B)
Class com.google.common.cache.LocalCache$Strength                                     : loaded 2 times (x 81B)
Class com.google.common.cache.Cache                                                   : loaded 2 times (x 70B)
Class com.google.common.util.concurrent.AbstractFuture$Cancellation                   : loaded 2 times (x 72B)
Class com.google.common.collect.ImmutableMap$Builder                                  : loaded 2 times (x 82B)
Class com.google.common.cache.RemovalListener                                         : loaded 2 times (x 70B)
Class org.gradle.api.internal.DefaultClassPathRegistry                                : loaded 2 times (x 76B)
Class com.google.common.primitives.IntsMethodsForWeb                                  : loaded 2 times (x 71B)
Class com.google.common.collect.Multimap                                              : loaded 2 times (x 70B)
Class org.gradle.internal.classpath.DefaultClassPath$ImmutableUniqueList              : loaded 2 times (x 199B)
Class org.gradle.api.internal.ClassPathRegistry                                       : loaded 2 times (x 70B)
Class com.google.common.base.ExtraObjectsMethodsForWeb                                : loaded 2 times (x 71B)
Class [Lorg.objectweb.asm.Type;                                                       : loaded 2 times (x 69B)
Class com.google.common.cache.CacheBuilder                                            : loaded 2 times (x 72B)
Class com.google.common.collect.SingletonImmutableList                                : loaded 2 times (x 207B)
Class Settings_gradle$1                                                               : loaded 2 times (x 74B)
Class org.gradle.internal.classpath.ClassPath                                         : loaded 2 times (x 70B)
Class com.google.common.base.JdkPattern                                               : loaded 2 times (x 75B)
Class com.google.common.collect.ImmutableList$ReverseImmutableList                    : loaded 2 times (x 209B)
Class org.objectweb.asm.SymbolTable$Entry                                             : loaded 2 times (x 74B)
Class org.gradle.api.internal.classpath.DefaultModuleRegistry$DefaultModuleAlias      : loaded 2 times (x 80B)
Class org.objectweb.asm.Edge                                                          : loaded 2 times (x 72B)
Class com.google.common.base.Suppliers$SupplierOfInstance                             : loaded 2 times (x 79B)
Class com.google.common.collect.Iterators$1                                           : loaded 2 times (x 81B)
Class com.google.common.cache.LocalCache$ComputingValueReference                      : loaded 2 times (x 96B)
Class com.google.common.collect.SingletonImmutableSet                                 : loaded 2 times (x 146B)
Class com.google.common.collect.ImmutableMap$IteratorBasedImmutableMap                : loaded 2 times (x 126B)
Class com.google.common.cache.LocalCache$Segment                                      : loaded 2 times (x 154B)
Class com.google.common.collect.AbstractListMultimap                                  : loaded 2 times (x 172B)
Class [Lorg.objectweb.asm.SymbolTable$Entry;                                          : loaded 2 times (x 69B)
Class com.google.common.cache.CacheLoader                                             : loaded 2 times (x 74B)
Class com.google.common.collect.Iterators$4                                           : loaded 2 times (x 82B)
Class com.google.common.collect.ImmutableBiMap                                        : loaded 2 times (x 143B)
Class org.gradle.api.internal.classpath.ModuleRegistry                                : loaded 2 times (x 70B)
Class org.gradle.internal.installation.GradleInstallation$1                           : loaded 2 times (x 75B)
Class com.google.common.collect.ImmutableSet$JdkBackedSetBuilderImpl                  : loaded 2 times (x 76B)
Class com.google.common.util.concurrent.internal.InternalFutureFailureAccess          : loaded 2 times (x 72B)
Class com.google.common.collect.Iterators$5                                           : loaded 2 times (x 82B)
Class com.google.common.base.CharMatcher$ForPredicate                                 : loaded 2 times (x 112B)
Class com.google.common.cache.LocalCache$LocalManualCache$1                           : loaded 2 times (x 75B)
Class ijKotlinCoroutineJvmDebugInit1_7ur5bwen8i9sx3ssfdbh6sgvx$_run_closure1$_closure2: loaded 2 times (x 139B)
Class com.google.common.base.CharMatcher$AnyOf                                        : loaded 2 times (x 112B)
Class com.google.common.collect.ImmutableCollection                                   : loaded 2 times (x 125B)
Class org.gradle.api.internal.classpath.DefaultModuleRegistry                         : loaded 2 times (x 84B)
Class com.google.common.collect.Lists                                                 : loaded 2 times (x 71B)
Class com.google.common.util.concurrent.ListenableFuture                              : loaded 2 times (x 70B)
Class com.google.common.cache.ReferenceEntry                                          : loaded 2 times (x 70B)
Class com.google.common.base.Converter                                                : loaded 2 times (x 90B)
Class com.google.common.collect.ImmutableSet$CachingAsList                            : loaded 2 times (x 148B)
Class com.google.common.collect.AbstractMapBasedMultimap                              : loaded 2 times (x 139B)
Class com.google.common.util.concurrent.AbstractFuture                                : loaded 2 times (x 106B)
Class com.google.common.base.FunctionalEquivalence                                    : loaded 2 times (x 83B)
Class com.google.common.collect.Iterators$9                                           : loaded 2 times (x 81B)
Class com.google.common.collect.ImmutableAsList                                       : loaded 2 times (x 209B)
Class org.objectweb.asm.RecordComponentVisitor                                        : loaded 2 times (x 77B)
Class com.google.common.cache.CacheLoader$SupplierToCacheLoader                       : loaded 2 times (x 75B)
Class org.gradle.internal.service.ServiceLookupException                              : loaded 2 times (x 82B)
Class [Lcom.google.common.cache.LocalCache$EntryFactory;                              : loaded 2 times (x 69B)
Class org.gradle.internal.classloader.ClassLoaderFactory                              : loaded 2 times (x 70B)
Class com.google.common.base.CommonPattern                                            : loaded 2 times (x 74B)
Class com.google.common.base.CharMatcher$IsNot                                        : loaded 2 times (x 111B)
Class com.google.common.cache.LocalCache$LocalManualCache                             : loaded 2 times (x 99B)
Class org.gradle.internal.service.CachingServiceLocator                               : loaded 2 times (x 82B)
Class com.google.common.collect.AbstractMapBasedMultimap$KeySet                       : loaded 2 times (x 137B)
Class com.google.common.math.IntMath                                                  : loaded 2 times (x 71B)
Class com.google.common.collect.ImmutableMapEntry                                     : loaded 2 times (x 85B)
Class com.google.common.base.Equivalence                                              : loaded 2 times (x 82B)
Class com.google.common.base.Function                                                 : loaded 2 times (x 70B)
Class com.google.common.collect.ImmutableMapEntry$NonTerminalImmutableMapEntry        : loaded 2 times (x 85B)
Class com.google.common.collect.IndexedImmutableSet$1                                 : loaded 2 times (x 213B)
Class com.google.common.cache.CacheBuilder$OneWeigher                                 : loaded 2 times (x 82B)
Class com.google.common.collect.RegularImmutableList                                  : loaded 2 times (x 213B)
Class org.gradle.internal.classloader.ClasspathUtil                                   : loaded 2 times (x 71B)
Class com.google.common.util.concurrent.Uninterruptibles                              : loaded 2 times (x 71B)
Class com.google.common.util.concurrent.LazyLogger                                    : loaded 2 times (x 72B)
Class com.google.common.collect.Maps                                                  : loaded 2 times (x 71B)
Class org.gradle.api.specs.Spec                                                       : loaded 2 times (x 70B)
Class [Lcom.google.common.collect.ImmutableEntry;                                     : loaded 2 times (x 69B)
Class com.google.common.cache.LocalCache$LoadingValueReference                        : loaded 2 times (x 96B)
Class com.google.common.base.Platform                                                 : loaded 2 times (x 71B)
Class [Lorg.objectweb.asm.AnnotationWriter;                                           : loaded 2 times (x 69B)
Class com.google.common.collect.Maps$8                                                : loaded 2 times (x 82B)
Class com.google.common.collect.Sets$SetView                                          : loaded 2 times (x 138B)
Class com.google.common.cache.LocalCache$StrongValueReference                         : loaded 2 times (x 90B)
Class org.objectweb.asm.Type                                                          : loaded 2 times (x 72B)
Class org.gradle.internal.classloader.VisitableURLClassLoader$InstrumentingVisitableURLClassLoader: loaded 2 times (x 123B)
Class com.google.common.math.IntMath$1                                                : loaded 2 times (x 71B)
Class org.objectweb.asm.ByteVector                                                    : loaded 2 times (x 79B)
Class [Lcom.google.common.cache.CacheBuilder$NullListener;                            : loaded 2 times (x 69B)
Class org.gradle.internal.classloader.VisitableURLClassLoader$Spec                    : loaded 2 times (x 74B)
Class org.gradle.internal.classpath.DefaultClassPath                                  : loaded 2 times (x 90B)
Class org.objectweb.asm.Symbol                                                        : loaded 2 times (x 73B)
Class ijKotlinCoroutineJvmDebugInit1_7ur5bwen8i9sx3ssfdbh6sgvx$_run_closure1          : loaded 2 times (x 139B)
Class com.google.common.io.Closer                                                     : loaded 2 times (x 78B)
Class com.google.common.base.CharMatcher$BitSetMatcher                                : loaded 2 times (x 112B)
Class com.google.common.collect.ImmutableSet                                          : loaded 2 times (x 145B)
Class com.google.common.collect.RegularImmutableMap$Values                            : loaded 2 times (x 207B)
Class org.gradle.internal.classloader.ClassLoaderSpec                                 : loaded 2 times (x 71B)
Class org.objectweb.asm.AnnotationWriter                                              : loaded 2 times (x 79B)
Class com.google.common.cache.CacheStats                                              : loaded 2 times (x 71B)
Class com.google.common.io.Closer$Suppressor                                          : loaded 2 times (x 70B)
Class org.objectweb.asm.RecordComponentWriter                                         : loaded 2 times (x 78B)
Class com.google.common.util.concurrent.AbstractFuture$Listener                       : loaded 2 times (x 72B)
Class com.google.common.base.CharMatcher$Or                                           : loaded 2 times (x 112B)
Class Settings_gradle$1$1                                                             : loaded 2 times (x 74B)
Class ijKotlinCoroutineJvmDebugInit1_7ur5bwen8i9sx3ssfdbh6sgvx                        : loaded 2 times (x 171B)
Class org.gradle.api.internal.classpath.Module$ModuleAlias                            : loaded 2 times (x 70B)
Class org.objectweb.asm.Attribute                                                     : loaded 2 times (x 77B)
Class com.google.common.base.Supplier                                                 : loaded 2 times (x 70B)
Class org.gradle.internal.classloader.VisitableURLClassLoader                         : loaded 2 times (x 117B)
Class Settings_gradle                                                                 : loaded 2 times (x 124B)
Class org.gradle.internal.Cast                                                        : loaded 2 times (x 71B)
Class org.gradle.api.Action                                                           : loaded 2 times (x 70B)
Class com.google.common.base.Strings                                                  : loaded 2 times (x 71B)
Class com.google.common.collect.Sets                                                  : loaded 2 times (x 71B)
Class org.objectweb.asm.Handler                                                       : loaded 2 times (x 72B)
Class com.google.common.base.CharMatcher$FastMatcher                                  : loaded 2 times (x 111B)
Class com.google.common.base.Ticker                                                   : loaded 2 times (x 72B)
Class [Lcom.google.common.cache.LocalCache$Segment;                                   : loaded 2 times (x 69B)
Class com.google.common.base.Predicate                                                : loaded 2 times (x 70B)
Class [Lcom.google.common.cache.LocalCache$Strength;                                  : loaded 2 times (x 69B)
Class com.google.common.cache.CacheBuilder$1                                          : loaded 2 times (x 85B)
Class com.google.common.collect.ImmutableMap                                          : loaded 2 times (x 120B)
Class org.gradle.internal.classpath.DefaultClassPath$ImmutableUniqueList$Builder      : loaded 2 times (x 75B)
Class com.google.common.base.CharMatcher$NegatedFastMatcher                           : loaded 2 times (x 113B)
Class com.google.common.cache.LocalCache                                              : loaded 2 times (x 187B)
Class com.google.common.cache.CacheBuilder$2                                          : loaded 2 times (x 79B)
Class com.google.common.collect.ArrayListMultimap                                     : loaded 2 times (x 172B)
Class com.google.common.cache.CacheBuilder$3                                          : loaded 2 times (x 72B)
Class [Lcom.google.common.collect.AbstractMapEntry;                                   : loaded 2 times (x 69B)
Class com.google.common.collect.ImmutableEntry                                        : loaded 2 times (x 82B)
Class org.gradle.api.GradleException                                                  : loaded 2 times (x 82B)
Class com.google.common.base.Suppliers$MemoizingSupplier                              : loaded 2 times (x 79B)
Class com.google.common.collect.CollectPreconditions                                  : loaded 2 times (x 71B)
Class com.google.common.collect.SortedMapDifference                                   : loaded 2 times (x 70B)
Class com.google.common.cache.LocalCache$EntryFactory                                 : loaded 2 times (x 83B)
Class com.google.common.cache.LocalCache$AbstractReferenceEntry                       : loaded 2 times (x 107B)
Class org.gradle.internal.IoActions                                                   : loaded 2 times (x 71B)
Class org.objectweb.asm.SymbolTable                                                   : loaded 2 times (x 72B)
Class com.google.common.cache.CacheLoader$InvalidCacheLoadException                   : loaded 2 times (x 82B)
Class com.google.common.collect.ImmutableSet$RegularSetBuilderImpl                    : loaded 2 times (x 77B)
Class com.google.common.cache.LocalCache$StrongEntry                                  : loaded 2 times (x 108B)
Class com.google.common.util.concurrent.AbstractFuture$TrustedFuture                  : loaded 2 times (x 114B)
Class com.google.common.cache.LoadingCache                                            : loaded 2 times (x 70B)
Class com.google.common.io.ByteStreams$LimitedInputStream                             : loaded 2 times (x 92B)
Class com.google.common.base.Suppliers$NonSerializableMemoizingSupplier               : loaded 2 times (x 79B)
Class org.objectweb.asm.MethodWriter                                                  : loaded 2 times (x 106B)
Class [Lcom.google.common.cache.Weigher;                                              : loaded 2 times (x 69B)
Class com.google.common.collect.RegularImmutableMap$BucketOverflowException           : loaded 2 times (x 82B)
Class com.google.common.collect.RegularImmutableBiMap                                 : loaded 2 times (x 149B)
Class com.google.common.base.CharMatcher$Negated                                      : loaded 2 times (x 113B)
Class com.google.common.base.CharMatcher$Is                                           : loaded 2 times (x 111B)
Class com.google.common.cache.LocalCache$ValueReference                               : loaded 2 times (x 70B)
Class com.google.common.base.PatternCompiler                                          : loaded 2 times (x 70B)
Class com.google.common.util.concurrent.AbstractFuture$Failure                        : loaded 2 times (x 72B)
Class com.google.common.base.Equivalence$Equals                                       : loaded 2 times (x 82B)
Class com.google.common.collect.Hashing                                               : loaded 2 times (x 71B)
Class com.google.common.base.Preconditions                                            : loaded 2 times (x 71B)
Class com.google.common.base.Joiner$1                                                 : loaded 2 times (x 80B)
Class org.objectweb.asm.Label                                                         : loaded 2 times (x 73B)
Class org.objectweb.asm.CurrentFrame                                                  : loaded 2 times (x 73B)
Class org.objectweb.asm.ClassTooLargeException                                        : loaded 2 times (x 83B)
Class com.google.common.base.CharMatcher                                              : loaded 2 times (x 111B)
Class com.google.common.collect.PeekingIterator                                       : loaded 2 times (x 70B)
Class com.google.common.collect.Maps$IteratorBasedAbstractMap                         : loaded 2 times (x 125B)
Class com.google.common.base.Joiner$2                                                 : loaded 2 times (x 79B)
Class org.objectweb.asm.Frame                                                         : loaded 2 times (x 73B)
Class org.objectweb.asm.MethodVisitor                                                 : loaded 2 times (x 105B)
Class com.google.common.base.CharMatcher$NamedFastMatcher                             : loaded 2 times (x 112B)
Class com.google.common.base.CharMatcher$1                                            : loaded 2 times (x 113B)
Class com.google.common.cache.LocalCache$EntryFactory$1                               : loaded 2 times (x 83B)
Class [Lcom.google.common.cache.RemovalListener;                                      : loaded 2 times (x 69B)
Class com.google.common.cache.LocalCache$EntryFactory$2                               : loaded 2 times (x 83B)
Class org.objectweb.asm.ModuleWriter                                                  : loaded 2 times (x 82B)
Class com.google.common.cache.LocalCache$EntryFactory$3                               : loaded 2 times (x 83B)
Class com.google.common.base.Ticker$1                                                 : loaded 2 times (x 72B)
Class com.google.common.collect.Maps$BiMapConverter                                   : loaded 2 times (x 90B)
Class com.google.common.collect.ImmutableMapEntrySet$RegularEntrySet                  : loaded 2 times (x 152B)
Class com.google.common.collect.ImmutableSet$Builder                                  : loaded 2 times (x 85B)
Class com.google.common.base.CharMatcher$InRange                                      : loaded 2 times (x 111B)
Class com.google.common.cache.LocalCache$EntryFactory$4                               : loaded 2 times (x 83B)
Class com.google.common.io.ByteStreams$1                                              : loaded 2 times (x 85B)
Class com.google.common.cache.LocalCache$EntryFactory$5                               : loaded 2 times (x 83B)
Class com.google.common.base.PairwiseEquivalence                                      : loaded 2 times (x 83B)
Class com.google.common.cache.LocalCache$EntryFactory$6                               : loaded 2 times (x 83B)
Class org.gradle.internal.installation.CurrentGradleInstallationLocator               : loaded 2 times (x 71B)
Class com.google.common.collect.Maps$KeySet                                           : loaded 2 times (x 137B)
Class com.google.common.collect.ImmutableSet$EmptySetBuilderImpl                      : loaded 2 times (x 76B)
Class com.google.common.cache.LocalCache$EntryFactory$7                               : loaded 2 times (x 83B)
Class com.google.common.collect.ImmutableList                                         : loaded 2 times (x 206B)
Class ijJvmDebugger1_858lgih2bb2q0e27cpsinjh49                                        : loaded 2 times (x 171B)
Class org.gradle.internal.service.DefaultServiceLocator                               : loaded 2 times (x 83B)
Class com.google.common.cache.LocalCache$EntryFactory$8                               : loaded 2 times (x 83B)
Class com.google.common.collect.ImmutableSet$SetBuilderImpl                           : loaded 2 times (x 76B)
Class org.gradle.internal.installation.CurrentGradleInstallation                      : loaded 2 times (x 73B)
Class com.google.common.cache.CacheLoader$1                                           : loaded 2 times (x 75B)
Class com.google.common.collect.ForwardingObject                                      : loaded 2 times (x 72B)
Class com.google.common.collect.ImmutableList$SubList                                 : loaded 2 times (x 209B)
Class org.gradle.util.internal.GUtil                                                  : loaded 2 times (x 71B)
Class com.google.common.cache.AbstractCache$StatsCounter                              : loaded 2 times (x 70B)
Class com.google.common.collect.Iterators$MergingIterator                             : loaded 2 times (x 81B)
Class com.google.common.collect.RegularImmutableSet                                   : loaded 2 times (x 149B)
Class org.gradle.internal.installation.GradleInstallation                             : loaded 2 times (x 75B)
Class com.google.common.collect.Iterables                                             : loaded 2 times (x 71B)

---------------  S Y S T E M  ---------------

OS:
 Windows 11 , 64 bit Build 26100 (10.0.26100.6725)
OS uptime: 0 days 1:38 hours
Hyper-V role detected

CPU: total 4 (initial active 4) (4 cores per cpu, 2 threads per core) family 6 model 142 stepping 10 microcode 0xf4, cx8, cmov, fxsr, ht, mmx, 3dnowpref, sse, sse2, sse3, ssse3, sse4.1, sse4.2, popcnt, lzcnt, tsc, tscinvbit, avx, avx2, aes, erms, clmul, bmi1, bmi2, rtm, adx, fma, vzeroupper, clflush, clflushopt, hv, rdtscp, f16c
Processor Information for the first 4 processors :
  Max Mhz: 1896, Current Mhz: 1896, Mhz Limit: 1896

Memory: 4k page, system-wide physical 8050M (630M free)
TotalPageFile size 8050M (AvailPageFile size 10M)
current process WorkingSet (physical memory assigned to process): 651M, peak: 651M
current process commit charge ("private bytes"): 698M, peak: 722M

vm_info: OpenJDK 64-Bit Server VM (21.0.10+-14961533-b1163.108) for windows-amd64 JRE (21.0.10+-14961533-b1163.108), built on 2026-03-02T19:58:50Z by "builder" with MS VC++ 16.10 / 16.11 (VS2019)

END.
